{"type": "FeatureCollection", "features": [{"type": "Feature", "geometry": {"type": "MultiPolygon", "coordinates": [[[[33.6442, 48.9765], [33.6204, 48.9553], [33.5991, 48.9426], [33.5828, 48.9171], [33.5682, 48.9145], [33.5725, 48.9117], [33.5468, 48.9134], [33.5373, 48.9308], [33.4893, 48.9222], [33.4787, 48.9341], [33.4316, 48.9565], [33.4159, 48.9515], [33.4242, 48.9566], [33.4076, 48.9612], [33.3993, 48.952], [33.3533, 48.9527], [33.3307, 48.9521], [33.3265, 48.9608], [33.2997, 49.0103], [33.3181, 49.0191], [33.3221, 49.0422], [33.2987, 49.0665], [33.2786, 49.0825], [33.2657, 49.0959], [33.302, 49.1192], [33.2666, 49.1323], [33.2418, 49.1653], [33.244, 49.0846], [33.2268, 49.0848], [33.2038, 49.0737], [33.1842, 49.0976], [33.1559, 49.113], [33.1577, 49.13], [33.1294, 49.1599], [33.1173, 49.1741], [33.0791, 49.1879], [33.0323, 49.186], [32.9916, 49.2042], [32.9878, 49.2283], [32.9788, 49.2429], [32.9381, 49.2345], [32.8462, 49.249], [32.7972, 49.2386], [32.7605, 49.233], [32.7463, 49.2444], [32.6833, 49.2544], [32.651, 49.2491], [32.6197, 49.2581], [32.5979, 49.275], [32.5284, 49.3019], [32.47, 49.3255], [32.4785, 49.3414], [32.4606, 49.3468], [32.4774, 49.365], [32.4943, 49.3856], [32.5069, 49.4057], [32.5252, 49.3989], [32.5462, 49.381], [32.5635, 49.3862], [32.6027, 49.3756], [32.6547, 49.3559], [32.7111, 49.3539], [32.7355, 49.3632], [32.7116, 49.3852], [32.6915, 49.3846], [32.6809, 49.4229], [32.6593, 49.4278], [32.652, 49.4375], [32.6723, 49.4468], [32.6661, 49.4639], [32.6704, 49.4883], [32.7092, 49.4986], [32.7496, 49.541], [32.7514, 49.5537], [32.7509, 49.5635], [32.7542, 49.5738], [32.7255, 49.591], [32.6942, 49.6027], [32.7122, 49.6141], [32.7109, 49.6241], [32.7134, 49.6306], [32.7039, 49.6347], [32.7011, 49.6438], [32.7051, 49.6504], [32.7006, 49.6555], [32.683, 49.6628], [32.6874, 49.6706], [32.6916, 49.6779], [32.6978, 49.6725], [32.7074, 49.6804], [32.7068, 49.6876], [32.7105, 49.6922], [32.7146, 49.6982], [32.7253, 49.7165], [32.7274, 49.7205], [32.7247, 49.7257], [32.7352, 49.7399], [32.743, 49.7421], [32.7482, 49.7391], [32.753, 49.7402], [32.7642, 49.7401], [32.7779, 49.7464], [32.7972, 49.7517], [32.8171, 49.7623], [32.8099, 49.7675], [32.8099, 49.7738], [32.8161, 49.7824], [32.8343, 49.7837], [32.837, 49.7944], [32.8601, 49.7982], [32.8544, 49.8055], [32.8665, 49.8077], [32.8746, 49.802], [32.8785, 49.7941], [32.9035, 49.7933], [32.9254, 49.7727], [32.9734, 49.7477], [33.0192, 49.7544], [33.0601, 49.7147], [33.1499, 49.6918], [33.1419, 49.66], [33.1874, 49.6458], [33.2244, 49.6612], [33.2578, 49.6508], [33.2945, 49.6437], [33.3487, 49.6483], [33.3815, 49.6572], [33.4351, 49.639], [33.4609, 49.6182], [33.4896, 49.608], [33.5373, 49.5965], [33.6178, 49.5761], [33.6445, 49.5251], [33.7041, 49.503], [33.7385, 49.491], [33.7615, 49.4889], [33.7741, 49.478], [33.7823, 49.4748], [33.8119, 49.4663], [33.7948, 49.4579], [33.7899, 49.4439], [33.7991, 49.4371], [33.7947, 49.4333], [33.794, 49.4265], [33.808, 49.4149], [33.8148, 49.412], [33.8104, 49.4173], [33.8268, 49.4135], [33.8573, 49.4145], [33.8647, 49.4097], [33.8719, 49.3994], [33.8777, 49.3975], [33.8872, 49.3979], [33.8927, 49.4059], [33.8953, 49.4119], [33.9015, 49.406], [33.9003, 49.3976], [33.8997, 49.39], [33.8923, 49.3766], [33.9674, 49.3661], [33.9727, 49.3687], [34.0044, 49.3127], [34.0284, 49.2765], [34.012, 49.2471], [34.0461, 49.2123], [34.0417, 49.2009], [34.0765, 49.1789], [34.0892, 49.1649], [34.0566, 49.1121], [34.0505, 49.0857], [33.9866, 49.0828], [33.9823, 49.035], [33.9641, 49.0245], [33.883, 49.0135], [33.9271, 48.9787], [33.9988, 48.9459], [33.931, 48.8798], [33.8919, 48.903], [33.8085, 48.9383], [33.739, 48.9413], [33.6946, 48.9477], [33.6688, 48.9691], [33.6442, 48.9765]]]]}, "properties": {"name": "Кременчуцький район", "oblast": "Полтавська", "pct": 20.0, "eps": 1929, "own": 1672}}, {"type": "Feature", "geometry": {"type": "MultiPolygon", "coordinates": [[[[34.3256, 48.8439], [34.3463, 48.8245], [34.2977, 48.7846], [34.3423, 48.7838], [34.3098, 48.7643], [34.3145, 48.7483], [34.3095, 48.7377], [34.3058, 48.7269], [34.2922, 48.7239], [34.269, 48.7451], [34.2342, 48.7563], [34.1948, 48.7645], [34.1572, 48.7755], [34.1217, 48.7913], [34.1196, 48.8227], [34.0746, 48.8237], [34.0371, 48.8422], [34.0227, 48.864], [33.9847, 48.8651], [33.9894, 48.9199], [33.9762, 48.9555], [33.9277, 48.9871], [33.9296, 49.0137], [33.9874, 49.02], [33.989, 49.049], [34.0482, 49.0749], [34.053, 49.1054], [34.0881, 49.1132], [34.0936, 49.177], [34.0437, 49.1847], [34.0385, 49.2053], [34.0377, 49.213], [34.0066, 49.2515], [34.0286, 49.2846], [33.9903, 49.3119], [33.9721, 49.3676], [33.9271, 49.3712], [33.8995, 49.3833], [33.8991, 49.3956], [33.8929, 49.4019], [33.9027, 49.41], [33.8961, 49.4089], [33.8857, 49.408], [33.8872, 49.3957], [33.8711, 49.3955], [33.87, 49.4054], [33.8688, 49.4119], [33.8377, 49.4076], [33.8219, 49.4128], [33.8196, 49.412], [33.8129, 49.4095], [33.8044, 49.4213], [33.7959, 49.4272], [33.7955, 49.4349], [33.7945, 49.4414], [33.7981, 49.4525], [33.7955, 49.4617], [33.8049, 49.4764], [33.7745, 49.4742], [33.7719, 49.4812], [33.7532, 49.4911], [33.7334, 49.4989], [33.7016, 49.5046], [33.6971, 49.5324], [33.6715, 49.5644], [33.6846, 49.588], [33.7227, 49.5884], [33.7437, 49.5908], [33.7535, 49.5902], [33.7582, 49.5887], [33.7677, 49.5923], [33.7658, 49.5863], [33.7923, 49.5824], [33.8397, 49.6129], [33.8685, 49.6159], [33.8693, 49.6453], [33.9303, 49.6629], [33.9491, 49.668], [33.9449, 49.6742], [33.9383, 49.6891], [33.9273, 49.6988], [33.9411, 49.7099], [33.9935, 49.7001], [34.0177, 49.7011], [34.0391, 49.7152], [34.0622, 49.7268], [34.0481, 49.7502], [34.067, 49.7581], [34.097, 49.7581], [34.1241, 49.7652], [34.1411, 49.7935], [34.1816, 49.7889], [34.2208, 49.7979], [34.2263, 49.8027], [34.225, 49.8179], [34.2337, 49.8219], [34.2672, 49.8768], [34.2505, 49.8983], [34.2897, 49.9124], [34.2598, 49.9353], [34.2904, 49.9467], [34.2559, 49.9625], [34.2398, 50.0], [34.2132, 50.0403], [34.1581, 50.049], [34.1443, 50.0619], [34.1191, 50.0579], [34.0927, 50.068], [34.0746, 50.0708], [34.046, 50.0802], [34.0266, 50.0811], [34.0174, 50.07], [34.0086, 50.0861], [34.0164, 50.0912], [34.0271, 50.1006], [34.043, 50.1229], [34.0885, 50.1474], [34.1403, 50.157], [34.1321, 50.1688], [34.174, 50.2507], [34.1895, 50.2824], [34.2025, 50.304], [34.2246, 50.3203], [34.2253, 50.3373], [34.2521, 50.342], [34.2605, 50.3406], [34.2742, 50.3525], [34.3302, 50.3452], [34.3667, 50.3632], [34.3929, 50.3455], [34.4574, 50.2855], [34.5095, 50.2853], [34.5154, 50.273], [34.5204, 50.2577], [34.519, 50.2516], [34.5141, 50.2509], [34.534, 50.2448], [34.5457, 50.2449], [34.5553, 50.2336], [34.5592, 50.2338], [34.559, 50.2068], [34.5243, 50.1787], [34.5284, 50.1554], [34.5462, 50.1405], [34.5629, 50.1275], [34.5798, 50.1244], [34.598, 50.1223], [34.6325, 50.1117], [34.6536, 50.1148], [34.6643, 50.1121], [34.6711, 50.1263], [34.6711, 50.1332], [34.6749, 50.1257], [34.6775, 50.1134], [34.7012, 50.1127], [34.6971, 50.1245], [34.702, 50.1331], [34.7057, 50.1502], [34.7214, 50.1572], [34.7487, 50.1558], [34.7395, 50.1445], [34.766, 50.1466], [34.8008, 50.1546], [34.8208, 50.1605], [34.8405, 50.1591], [34.8924, 50.1606], [34.9327, 50.1299], [34.95, 50.0965], [34.9573, 50.0819], [34.9357, 50.0613], [34.8722, 49.9992], [34.8712, 49.9573], [34.8687, 49.9485], [34.8917, 49.9322], [34.9453, 49.899], [34.98, 49.8907], [35.0329, 49.8874], [35.055, 49.8813], [35.0513, 49.868], [35.0989, 49.858], [35.1392, 49.8593], [35.168, 49.8485], [35.1951, 49.8363], [35.2143, 49.8211], [35.221, 49.8056], [35.201, 49.7998], [35.211, 49.7892], [35.2127, 49.7709], [35.2102, 49.7522], [35.2235, 49.7374], [35.2652, 49.7154], [35.2412, 49.7133], [35.2537, 49.712], [35.2436, 49.6959], [35.2972, 49.687], [35.3917, 49.6671], [35.4252, 49.6716], [35.4232, 49.6634], [35.4424, 49.6424], [35.4618, 49.6046], [35.4743, 49.5666], [35.4118, 49.552], [35.4336, 49.54], [35.49, 49.5095], [35.4604, 49.4845], [35.3308, 49.4954], [35.3541, 49.4453], [35.3475, 49.4048], [35.302, 49.3383], [35.2816, 49.2908], [35.2786, 49.2844], [35.2623, 49.2878], [35.2141, 49.2942], [35.0902, 49.3006], [35.0781, 49.3164], [35.0202, 49.3174], [35.0073, 49.3018], [34.9817, 49.2472], [35.0181, 49.1502], [35.0076, 49.1564], [35.0012, 49.1608], [34.9765, 49.177], [34.9646, 49.1823], [34.9574, 49.1859], [34.9504, 49.192], [34.9295, 49.1853], [34.9201, 49.156], [34.9024, 49.1509], [34.8649, 49.1611], [34.8706, 49.1693], [34.9002, 49.1782], [34.881, 49.1798], [34.8556, 49.188], [34.8195, 49.1865], [34.8223, 49.1768], [34.8136, 49.1669], [34.8093, 49.1755], [34.7976, 49.1789], [34.7849, 49.18], [34.7758, 49.1738], [34.7592, 49.1683], [34.7656, 49.1552], [34.7674, 49.1468], [34.7501, 49.1417], [34.7293, 49.1364], [34.7059, 49.1301], [34.6946, 49.1349], [34.6825, 49.1212], [34.6575, 49.1243], [34.645, 49.1309], [34.6347, 49.1253], [34.6074, 49.1152], [34.5986, 49.1093], [34.5885, 49.1089], [34.5905, 49.1056], [34.5937, 49.0949], [34.5804, 49.0935], [34.5742, 49.0925], [34.5675, 49.0829], [34.5693, 49.0672], [34.5404, 49.0566], [34.508, 49.0669], [34.4648, 49.0647], [34.4049, 49.0753], [34.3966, 49.0439], [34.3544, 49.0214], [34.3306, 49.0072], [34.3449, 48.9925], [34.3135, 48.9424], [34.311, 48.8891], [34.3368, 48.857], [34.3471, 48.844], [34.3256, 48.8439]]]]}, "properties": {"name": "Полтавський район", "oblast": "Полтавська", "pct": 28.8, "eps": 2425, "own": 2292}}, {"type": "Feature", "geometry": {"type": "MultiPolygon", "coordinates": [[[[33.6907, 49.5872], [33.668, 49.5727], [33.6843, 49.5506], [33.6979, 49.51], [33.6445, 49.5251], [33.6178, 49.5761], [33.5383, 49.5916], [33.5212, 49.5979], [33.5031, 49.6237], [33.5021, 49.6438], [33.5477, 49.7374], [33.5621, 49.7795], [33.5757, 49.8282], [33.5638, 49.8331], [33.4793, 49.8539], [33.446, 49.8527], [33.4337, 49.8656], [33.3647, 49.9009], [33.3714, 49.9081], [33.3776, 49.9223], [33.3816, 49.9344], [33.3594, 49.9564], [33.3085, 49.9811], [33.2843, 49.9897], [33.2955, 50.0108], [33.3501, 50.0259], [33.3838, 50.0523], [33.3939, 50.0744], [33.3889, 50.0887], [33.3656, 50.1277], [33.4101, 50.1159], [33.3762, 50.1379], [33.3715, 50.1543], [33.3468, 50.1679], [33.3391, 50.1807], [33.3385, 50.1947], [33.3237, 50.1994], [33.2991, 50.1875], [33.2758, 50.1754], [33.2721, 50.1629], [33.2659, 50.1589], [33.2494, 50.1495], [33.219, 50.1503], [33.2208, 50.1625], [33.2045, 50.1685], [33.1868, 50.178], [33.1441, 50.1937], [33.1595, 50.2061], [33.1501, 50.2201], [33.1366, 50.244], [33.1267, 50.261], [33.1337, 50.2641], [33.134, 50.2845], [33.1302, 50.2867], [33.1187, 50.2887], [33.1048, 50.3022], [33.095, 50.3146], [33.0771, 50.3273], [33.0694, 50.3358], [33.0471, 50.3384], [33.051, 50.3564], [33.051, 50.3637], [33.0392, 50.3751], [33.0311, 50.3804], [33.0015, 50.3828], [33.0029, 50.4249], [32.9609, 50.4168], [32.9337, 50.4356], [32.9651, 50.4448], [32.9692, 50.4599], [32.9787, 50.4632], [32.9917, 50.4776], [33.0261, 50.4927], [33.0284, 50.5031], [33.0661, 50.5192], [33.1035, 50.5175], [33.1302, 50.512], [33.1663, 50.5207], [33.2112, 50.5075], [33.2382, 50.5099], [33.2398, 50.519], [33.2466, 50.5383], [33.2655, 50.5488], [33.2841, 50.5455], [33.3164, 50.5324], [33.375, 50.497], [33.4199, 50.4912], [33.4397, 50.4777], [33.4758, 50.4899], [33.4877, 50.481], [33.5006, 50.4973], [33.5028, 50.4945], [33.525, 50.4798], [33.538, 50.4851], [33.5627, 50.4932], [33.5859, 50.4924], [33.6182, 50.4813], [33.7863, 50.4607], [33.7877, 50.4771], [33.8244, 50.4878], [33.852, 50.5008], [33.8105, 50.5148], [33.8225, 50.5148], [33.8759, 50.5341], [33.8958, 50.5275], [33.9149, 50.5149], [34.0064, 50.5228], [34.0293, 50.5111], [34.0296, 50.4978], [34.0508, 50.5095], [34.057, 50.5089], [34.0648, 50.5144], [34.0884, 50.5093], [34.0896, 50.4917], [34.1068, 50.4802], [34.1215, 50.5102], [34.1557, 50.5186], [34.1968, 50.523], [34.2298, 50.5269], [34.2492, 50.5172], [34.2586, 50.4333], [34.2792, 50.4241], [34.3428, 50.3901], [34.375, 50.3754], [34.3784, 50.3592], [34.3303, 50.3501], [34.3093, 50.3517], [34.2648, 50.3441], [34.2485, 50.3362], [34.2382, 50.3444], [34.2272, 50.3265], [34.2146, 50.3114], [34.1937, 50.281], [34.1836, 50.2703], [34.1438, 50.2163], [34.1408, 50.1615], [34.1009, 50.1475], [34.0573, 50.1376], [34.0376, 50.0996], [34.0164, 50.0928], [34.0073, 50.0868], [34.0126, 50.0662], [34.016, 50.0758], [34.0365, 50.0783], [34.0622, 50.0747], [34.0902, 50.0622], [34.1086, 50.0585], [34.1408, 50.0626], [34.1531, 50.053], [34.1926, 50.041], [34.228, 50.0145], [34.2537, 49.9861], [34.2876, 49.9646], [34.2677, 49.9362], [34.27, 49.9314], [34.2631, 49.9015], [34.259, 49.8884], [34.2333, 49.858], [34.2298, 49.818], [34.2208, 49.8123], [34.2194, 49.8002], [34.1811, 49.7966], [34.172, 49.793], [34.1331, 49.7773], [34.0951, 49.7658], [34.0738, 49.7558], [34.0434, 49.7521], [34.0583, 49.7402], [34.055, 49.7141], [34.034, 49.7], [34.0152, 49.6945], [33.9444, 49.7018], [33.9275, 49.7085], [33.9116, 49.6839], [33.9431, 49.6778], [33.9538, 49.6697], [33.941, 49.6613], [33.8956, 49.6454], [33.8676, 49.627], [33.8618, 49.6142], [33.8102, 49.6033], [33.7618, 49.5837], [33.7683, 49.5904], [33.7606, 49.5891], [33.7539, 49.5872], [33.7451, 49.5941], [33.7238, 49.587], [33.6939, 49.5866], [33.6907, 49.5872]]]]}, "properties": {"name": "Миргородський район", "oblast": "Полтавська", "pct": 24.3, "eps": 2217, "own": 2021}}, {"type": "Feature", "geometry": {"type": "MultiPolygon", "coordinates": [[[[33.3815, 49.6572], [33.3487, 49.6483], [33.2945, 49.6437], [33.2578, 49.6508], [33.2244, 49.6612], [33.1874, 49.6458], [33.1419, 49.66], [33.1499, 49.6918], [33.0601, 49.7147], [33.0192, 49.7544], [32.9734, 49.7477], [32.9254, 49.7727], [32.9035, 49.7933], [32.8785, 49.7941], [32.8746, 49.802], [32.8558, 49.8068], [32.8519, 49.8028], [32.8485, 49.7966], [32.8386, 49.7883], [32.8168, 49.7833], [32.8125, 49.7708], [32.8078, 49.7661], [32.8139, 49.757], [32.7897, 49.7499], [32.768, 49.7433], [32.7642, 49.7382], [32.7523, 49.7372], [32.7501, 49.7398], [32.7405, 49.7385], [32.7327, 49.7418], [32.7294, 49.7252], [32.7251, 49.7208], [32.7275, 49.7133], [32.7146, 49.6982], [32.7105, 49.6922], [32.7068, 49.6876], [32.7079, 49.6819], [32.701, 49.675], [32.6936, 49.6779], [32.6845, 49.6733], [32.6867, 49.6645], [32.6808, 49.6683], [32.6718, 49.6765], [32.5735, 49.7028], [32.5563, 49.7731], [32.5046, 49.8047], [32.4148, 49.8398], [32.3917, 49.8852], [32.4244, 49.8933], [32.4289, 49.9268], [32.4251, 49.957], [32.3782, 50.0002], [32.3638, 50.0341], [32.3522, 50.048], [32.3253, 50.0519], [32.2829, 50.0594], [32.2703, 50.0939], [32.2507, 50.1134], [32.2991, 50.1436], [32.1631, 50.1793], [32.1133, 50.2136], [32.1001, 50.242], [32.0953, 50.2761], [32.1416, 50.3052], [32.1525, 50.335], [32.2185, 50.3569], [32.2415, 50.3532], [32.2687, 50.3525], [32.2585, 50.3577], [32.2602, 50.3636], [32.2541, 50.3736], [32.2912, 50.3798], [32.3051, 50.4015], [32.3207, 50.4243], [32.3707, 50.4143], [32.4459, 50.3984], [32.4889, 50.3976], [32.4911, 50.3974], [32.4927, 50.3885], [32.4864, 50.3753], [32.4924, 50.365], [32.5427, 50.3504], [32.5638, 50.3598], [32.634, 50.3564], [32.6709, 50.3585], [32.7393, 50.3548], [32.7523, 50.3584], [32.7641, 50.3492], [32.8011, 50.3559], [32.788, 50.3681], [32.8102, 50.3746], [32.8985, 50.4044], [32.9141, 50.4148], [32.9201, 50.4292], [32.9779, 50.4192], [33.0012, 50.4139], [33.0249, 50.384], [33.0343, 50.3775], [33.0369, 50.3739], [33.0482, 50.3629], [33.0419, 50.3388], [33.0533, 50.3366], [33.0699, 50.329], [33.0799, 50.3291], [33.1004, 50.3124], [33.1008, 50.2956], [33.1217, 50.2879], [33.1346, 50.2893], [33.131, 50.2751], [33.1303, 50.2644], [33.1246, 50.2469], [33.1415, 50.2454], [33.1531, 50.2182], [33.1589, 50.2025], [33.144, 50.1922], [33.1929, 50.1743], [33.2116, 50.1711], [33.222, 50.1555], [33.2366, 50.147], [33.2586, 50.1491], [33.2686, 50.1592], [33.2731, 50.1666], [33.2774, 50.1781], [33.3078, 50.1947], [33.3273, 50.1963], [33.3374, 50.1934], [33.3417, 50.1759], [33.3476, 50.1659], [33.3728, 50.1511], [33.3793, 50.1436], [33.388, 50.1103], [33.3685, 50.1215], [33.3919, 50.0856], [33.3837, 50.0666], [33.3677, 50.0266], [33.3263, 50.021], [33.2954, 49.9923], [33.3008, 49.9881], [33.3081, 49.9787], [33.3899, 49.9388], [33.3797, 49.9302], [33.3742, 49.9227], [33.3746, 49.9051], [33.3663, 49.891], [33.4357, 49.8606], [33.4671, 49.8549], [33.4842, 49.8575], [33.566, 49.8323], [33.5795, 49.8195], [33.5634, 49.7742], [33.5029, 49.6949], [33.5109, 49.6335], [33.4954, 49.6127], [33.4402, 49.6247], [33.4085, 49.6436], [33.3815, 49.6572]]]]}, "properties": {"name": "Лубенський район", "oblast": "Полтавська", "pct": 20.9, "eps": 2026, "own": 1786}}, {"type": "Feature", "geometry": {"type": "MultiPolygon", "coordinates": [[[[22.9233, 48.0157], [22.9245, 48.0006], [22.9425, 47.9731], [22.9415, 47.9647], [22.9229, 47.9602], [22.9167, 47.9607], [22.9115, 47.9576], [22.9012, 47.9577], [22.8925, 47.9568], [22.8929, 47.9675], [22.8799, 47.9643], [22.8777, 47.9672], [22.8734, 47.9669], [22.873, 47.9749], [22.8663, 47.975], [22.8606, 47.9799], [22.8453, 47.9833], [22.8447, 47.9862], [22.8662, 48.0105], [22.8728, 48.0259], [22.8732, 48.0563], [22.8612, 48.0571], [22.8634, 48.0601], [22.8631, 48.0666], [22.8541, 48.0721], [22.8429, 48.0825], [22.8407, 48.0856], [22.8288, 48.0974], [22.8246, 48.1175], [22.8103, 48.1085], [22.8022, 48.1102], [22.7989, 48.1214], [22.7764, 48.1216], [22.7707, 48.1165], [22.77, 48.1089], [22.7612, 48.1171], [22.7374, 48.1202], [22.7111, 48.11], [22.6658, 48.0921], [22.6311, 48.0977], [22.6039, 48.1039], [22.5991, 48.1162], [22.5922, 48.1276], [22.5878, 48.1418], [22.5878, 48.1524], [22.5746, 48.158], [22.5695, 48.1656], [22.5625, 48.1796], [22.5717, 48.1966], [22.5393, 48.2104], [22.5147, 48.2264], [22.4961, 48.2399], [22.5015, 48.2487], [22.4611, 48.2421], [22.4494, 48.2429], [22.4289, 48.2517], [22.4014, 48.2499], [22.3883, 48.2398], [22.3687, 48.2506], [22.3375, 48.2792], [22.3406, 48.2969], [22.318, 48.322], [22.3158, 48.3297], [22.3195, 48.3502], [22.3186, 48.3647], [22.3463, 48.3782], [22.3451, 48.3889], [22.3523, 48.4043], [22.356, 48.3913], [22.3689, 48.3731], [22.3794, 48.3799], [22.4011, 48.3837], [22.4191, 48.3923], [22.4551, 48.3778], [22.4873, 48.3893], [22.506, 48.3781], [22.5285, 48.3614], [22.543, 48.3513], [22.5035, 48.3122], [22.4927, 48.3124], [22.4812, 48.3163], [22.4857, 48.3053], [22.5048, 48.2958], [22.5302, 48.2877], [22.5567, 48.3032], [22.5692, 48.3109], [22.57, 48.3247], [22.5458, 48.3258], [22.5742, 48.336], [22.5941, 48.3309], [22.6075, 48.3282], [22.6262, 48.3314], [22.6347, 48.3453], [22.6413, 48.3399], [22.7556, 48.2885], [22.7913, 48.298], [22.7985, 48.3115], [22.8044, 48.3135], [22.8153, 48.3188], [22.8348, 48.3321], [22.8301, 48.3418], [22.8451, 48.3417], [22.8561, 48.3334], [22.8564, 48.3048], [22.8389, 48.2896], [22.8594, 48.2774], [22.8779, 48.2655], [22.8688, 48.2602], [22.8985, 48.2427], [22.918, 48.2418], [22.9482, 48.2452], [23.0103, 48.2643], [23.0418, 48.2682], [23.0505, 48.2603], [23.0572, 48.2511], [23.068, 48.2336], [23.0935, 48.221], [23.1025, 48.2423], [23.1269, 48.2244], [23.1565, 48.2004], [23.176, 48.1776], [23.199, 48.1637], [23.2282, 48.1578], [23.2582, 48.1563], [23.2682, 48.1372], [23.263, 48.1058], [23.2525, 48.1], [23.2401, 48.0941], [23.1949, 48.0979], [23.1872, 48.1094], [23.1752, 48.1198], [23.1637, 48.1138], [23.1494, 48.1116], [23.1383, 48.0945], [23.1185, 48.0906], [23.1215, 48.0788], [23.1182, 48.0764], [23.1105, 48.0604], [23.0982, 48.0423], [23.1073, 48.0353], [23.0898, 48.0201], [23.0915, 48.0077], [23.0774, 48.008], [23.0292, 47.9998], [23.013, 47.9889], [22.9982, 47.9955], [22.9777, 48.0099], [22.961, 48.0074], [22.9412, 48.0164], [22.9233, 48.0157]]]]}, "properties": {"name": "Берегівський район", "oblast": "Закарпатська", "pct": 1.1, "eps": 191, "own": 118}}, {"type": "Feature", "geometry": {"type": "MultiPolygon", "coordinates": [[[[24.5877, 50.5604], [24.5837, 50.556], [24.5722, 50.5467], [24.5425, 50.538], [24.5052, 50.5546], [24.4621, 50.5408], [24.431, 50.5486], [24.4002, 50.5686], [24.4132, 50.5857], [24.3824, 50.6089], [24.3263, 50.5938], [24.3115, 50.5713], [24.2647, 50.5801], [24.2289, 50.5847], [24.2227, 50.5938], [24.2092, 50.5999], [24.2, 50.6078], [24.1942, 50.6137], [24.1832, 50.6187], [24.1701, 50.6235], [24.1691, 50.6285], [24.1713, 50.6325], [24.1569, 50.6409], [24.1498, 50.6438], [24.1433, 50.6423], [24.1292, 50.6457], [24.1205, 50.6467], [24.1201, 50.643], [24.1033, 50.6342], [24.0874, 50.6379], [24.08, 50.6453], [24.0856, 50.6554], [24.0843, 50.664], [24.0811, 50.6746], [24.0719, 50.679], [24.0667, 50.6813], [24.0672, 50.6873], [24.0753, 50.7094], [24.0677, 50.7211], [24.0451, 50.717], [24.0224, 50.7226], [24.0175, 50.7308], [24.0169, 50.7378], [24.0198, 50.748], [24.0242, 50.751], [24.0131, 50.7551], [24.0158, 50.7619], [24.0258, 50.7599], [24.0104, 50.7723], [24.0011, 50.7694], [23.9802, 50.7684], [23.9725, 50.777], [23.9656, 50.78], [23.9631, 50.7867], [23.9584, 50.7947], [23.9637, 50.8147], [23.9748, 50.8175], [23.9802, 50.8243], [23.9829, 50.8315], [24.019, 50.8395], [24.0331, 50.8362], [24.0409, 50.8374], [24.0638, 50.8344], [24.0738, 50.8345], [24.0823, 50.8378], [24.1414, 50.8574], [24.1279, 50.8686], [24.1136, 50.8756], [24.083, 50.8878], [24.055, 50.8921], [24.0432, 50.9026], [23.9969, 50.9298], [23.9754, 50.9481], [23.9699, 50.9608], [23.9322, 51.0063], [23.9145, 51.0121], [23.9352, 51.0145], [23.9265, 51.0207], [23.9153, 51.0288], [23.9217, 51.0377], [23.9188, 51.047], [23.9202, 51.0552], [23.9483, 51.0401], [24.0338, 51.0206], [24.0657, 51.013], [24.0834, 51.0116], [24.1134, 51.0314], [24.1397, 51.0512], [24.149, 51.0519], [24.1658, 51.0605], [24.2069, 51.0906], [24.2286, 51.0974], [24.258, 51.0966], [24.2793, 51.09], [24.2851, 51.0592], [24.2945, 51.0531], [24.3185, 51.0483], [24.3427, 51.0394], [24.3766, 51.0444], [24.3668, 51.0228], [24.3746, 50.9927], [24.3556, 50.9846], [24.3946, 50.972], [24.4034, 50.9601], [24.4223, 50.944], [24.4713, 50.9326], [24.5389, 50.914], [24.5881, 50.8963], [24.6135, 50.8876], [24.6423, 50.8793], [24.6491, 50.8723], [24.6902, 50.8651], [24.7246, 50.8857], [24.791, 50.8837], [24.8285, 50.8856], [24.8652, 50.8546], [24.8997, 50.8068], [24.9304, 50.7775], [24.9325, 50.7615], [24.9348, 50.7263], [24.8978, 50.7077], [24.8658, 50.7028], [24.8668, 50.6991], [24.8656, 50.6923], [24.8688, 50.6829], [24.8782, 50.668], [24.8756, 50.6566], [24.8573, 50.6466], [24.8777, 50.6356], [24.8593, 50.6222], [24.8309, 50.5892], [24.7619, 50.5704], [24.7411, 50.5861], [24.6487, 50.595], [24.6154, 50.5599], [24.5877, 50.5604]]]]}, "properties": {"name": "Володимир-Волинський район", "oblast": "Волинська", "pct": 1.6, "eps": 215, "own": 120}}, {"type": "Feature", "geometry": {"type": "MultiPolygon", "coordinates": [[[[24.7357, 50.9007], [24.717, 50.8627], [24.6819, 50.8627], [24.6456, 50.8747], [24.622, 50.8875], [24.608, 50.893], [24.578, 50.9001], [24.4961, 50.9295], [24.4573, 50.9341], [24.4219, 50.9472], [24.3994, 50.9616], [24.3606, 50.9751], [24.3582, 50.9865], [24.3779, 51.0111], [24.3688, 51.0356], [24.3806, 51.0457], [24.3207, 51.0366], [24.3177, 51.0496], [24.288, 51.0527], [24.2941, 51.0816], [24.2695, 51.0949], [24.2442, 51.0991], [24.2139, 51.0926], [24.1681, 51.0765], [24.1572, 51.0579], [24.141, 51.0481], [24.1314, 51.0537], [24.1088, 51.0172], [24.0917, 51.0138], [24.0694, 51.0163], [24.0428, 51.0154], [23.9811, 51.0199], [23.925, 51.0534], [23.9119, 51.0633], [23.9083, 51.0703], [23.8935, 51.0755], [23.8863, 51.0822], [23.8777, 51.0766], [23.8694, 51.0951], [23.8585, 51.0993], [23.8586, 51.1069], [23.8617, 51.1123], [23.8525, 51.118], [23.8518, 51.1227], [23.8608, 51.1306], [23.8701, 51.1409], [23.8705, 51.1509], [23.861, 51.158], [23.8442, 51.161], [23.8387, 51.1607], [23.8233, 51.1629], [23.8158, 51.1704], [23.8088, 51.185], [23.7846, 51.1948], [23.7648, 51.203], [23.7571, 51.2125], [23.7421, 51.2132], [23.7428, 51.2218], [23.739, 51.2326], [23.7263, 51.2419], [23.7241, 51.2541], [23.7272, 51.2597], [23.7199, 51.2652], [23.7148, 51.271], [23.7156, 51.274], [23.7094, 51.2781], [23.6964, 51.2873], [23.6929, 51.2876], [23.6864, 51.2916], [23.6644, 51.2927], [23.6549, 51.29], [23.6469, 51.2921], [23.653, 51.3], [23.6444, 51.3143], [23.641, 51.3264], [23.6444, 51.3345], [23.6509, 51.3439], [23.654, 51.3483], [23.6611, 51.3624], [23.6651, 51.3672], [23.6833, 51.3731], [23.6784, 51.3792], [23.6797, 51.3907], [23.6833, 51.3974], [23.7022, 51.4045], [23.7011, 51.4121], [23.7011, 51.4173], [23.6778, 51.431], [23.6833, 51.439], [23.6735, 51.4414], [23.6514, 51.4531], [23.6595, 51.4646], [23.6743, 51.4704], [23.6695, 51.4826], [23.6604, 51.4893], [23.6349, 51.4903], [23.6176, 51.5038], [23.6581, 51.5006], [23.676, 51.5054], [23.6365, 51.5563], [23.6592, 51.5673], [23.659, 51.5857], [23.627, 51.5993], [23.6063, 51.6166], [23.633, 51.6332], [23.6799, 51.6528], [23.7236, 51.6532], [23.7606, 51.66], [23.7902, 51.6595], [23.7935, 51.639], [23.8727, 51.6426], [23.8803, 51.6084], [23.9032, 51.5978], [23.9713, 51.5869], [24.0156, 51.5963], [24.1013, 51.6435], [24.3175, 51.7494], [24.308, 51.7746], [24.2961, 51.8053], [24.3352, 51.8452], [24.3398, 51.8631], [24.3732, 51.8786], [24.516, 51.888], [24.574, 51.8939], [24.672, 51.8924], [24.7551, 51.8826], [24.7947, 51.8957], [24.8067, 51.911], [24.8434, 51.896], [24.9368, 51.8818], [24.9086, 51.8726], [24.9353, 51.8636], [24.9383, 51.8375], [24.9261, 51.8359], [24.9054, 51.8172], [24.8827, 51.8096], [24.8463, 51.8262], [24.8369, 51.8123], [24.8168, 51.7971], [24.7948, 51.778], [24.731, 51.7634], [24.729, 51.7471], [24.7212, 51.7158], [24.7083, 51.7177], [24.6954, 51.7289], [24.6731, 51.7244], [24.6856, 51.7005], [24.6914, 51.6888], [24.6942, 51.6532], [24.6907, 51.637], [24.6783, 51.6246], [24.6739, 51.6115], [24.6549, 51.603], [24.7687, 51.6061], [24.7715, 51.5932], [24.7778, 51.5829], [24.7754, 51.5618], [24.7833, 51.5424], [24.7842, 51.5337], [24.764, 51.5173], [24.7619, 51.5018], [24.753, 51.4881], [24.7557, 51.474], [24.7629, 51.4643], [24.7525, 51.4526], [24.8368, 51.4268], [24.8322, 51.4143], [24.8547, 51.4116], [24.8813, 51.3936], [24.9558, 51.3749], [24.9421, 51.3587], [24.9699, 51.3519], [24.9901, 51.3573], [25.077, 51.3653], [25.119, 51.3696], [25.1856, 51.3796], [25.2008, 51.3569], [25.1791, 51.3303], [25.1808, 51.3186], [25.1963, 51.2923], [25.2037, 51.2825], [25.2725, 51.2465], [25.3117, 51.2493], [25.3284, 51.2497], [25.2992, 51.2182], [25.2795, 51.2108], [25.3088, 51.1965], [25.3077, 51.184], [25.3268, 51.1713], [25.3405, 51.1679], [25.3656, 51.1476], [25.4083, 51.1336], [25.3942, 51.1229], [25.3516, 51.1132], [25.3265, 51.1203], [25.2949, 51.1282], [25.2626, 51.1178], [25.2458, 51.0771], [25.2166, 51.0644], [25.1905, 51.0463], [25.1382, 51.0369], [25.1256, 51.032], [25.0904, 51.0334], [25.0103, 51.0187], [24.9868, 51.0194], [24.9183, 51.0103], [24.9026, 51.0034], [24.843, 50.9724], [24.8593, 50.9676], [24.8856, 50.9536], [24.8883, 50.9399], [24.8691, 50.94], [24.8283, 50.9305], [24.8239, 50.904], [24.8189, 50.887], [24.7815, 50.8859], [24.7357, 50.9007]]]]}, "properties": {"name": "Ковельський район", "oblast": "Волинська", "pct": 1.8, "eps": 233, "own": 145}}, {"type": "Feature", "geometry": {"type": "MultiPolygon", "coordinates": [[[[25.1472, 50.3595], [25.1554, 50.3394], [25.1319, 50.3137], [25.1103, 50.3059], [25.1007, 50.3003], [25.1133, 50.286], [25.0659, 50.2984], [25.0564, 50.3112], [25.0588, 50.3325], [25.0303, 50.346], [24.9877, 50.3598], [24.941, 50.3901], [24.9382, 50.3709], [24.8858, 50.3459], [24.8593, 50.3534], [24.8087, 50.3479], [24.7777, 50.3376], [24.7152, 50.3556], [24.7211, 50.3741], [24.651, 50.4036], [24.6463, 50.4117], [24.597, 50.4134], [24.5918, 50.458], [24.5966, 50.4797], [24.5909, 50.4944], [24.5868, 50.5004], [24.5836, 50.4928], [24.5535, 50.4933], [24.5577, 50.5116], [24.5425, 50.538], [24.5722, 50.5467], [24.565, 50.5628], [24.6154, 50.5599], [24.6487, 50.595], [24.7411, 50.5861], [24.7619, 50.5704], [24.8309, 50.5892], [24.8593, 50.6222], [24.8777, 50.6356], [24.8573, 50.6466], [24.8756, 50.6566], [24.8782, 50.668], [24.8688, 50.6829], [24.8656, 50.6923], [24.8668, 50.6991], [24.8658, 50.7028], [24.8978, 50.7077], [24.9348, 50.7263], [24.9325, 50.7615], [24.9214, 50.7782], [24.8921, 50.8186], [24.8293, 50.8582], [24.8189, 50.887], [24.8239, 50.904], [24.8283, 50.9305], [24.8691, 50.94], [24.8883, 50.9399], [24.8856, 50.9536], [24.8593, 50.9676], [24.843, 50.9724], [24.9026, 51.0034], [24.9183, 51.0103], [24.9868, 51.0194], [25.0375, 51.0272], [25.0942, 51.0282], [25.1313, 51.0316], [25.1398, 51.0422], [25.1968, 51.047], [25.2277, 51.069], [25.2458, 51.0771], [25.2626, 51.1178], [25.2949, 51.1282], [25.3265, 51.1203], [25.3732, 51.1202], [25.4044, 51.1267], [25.4535, 51.1564], [25.4897, 51.1534], [25.5039, 51.1455], [25.5413, 51.1465], [25.6346, 51.1468], [25.6485, 51.1515], [25.7733, 51.1409], [25.7732, 51.1566], [25.785, 51.1902], [25.8498, 51.2019], [25.8983, 51.2138], [25.9432, 51.2225], [26.0621, 51.1834], [26.0574, 51.1705], [26.0699, 51.1545], [26.0463, 51.1413], [26.0085, 51.1341], [25.9957, 51.1234], [25.9389, 51.1181], [25.9484, 51.0954], [25.9408, 51.0848], [25.9857, 51.0797], [26.0201, 51.0798], [26.1065, 51.0048], [26.0835, 50.9729], [25.9951, 50.9631], [25.9659, 50.9565], [25.9963, 50.9178], [26.0084, 50.8653], [26.0331, 50.8538], [26.0391, 50.84], [26.027, 50.8339], [26.0105, 50.8231], [25.9795, 50.8219], [25.9544, 50.8281], [25.9249, 50.8311], [25.9062, 50.8307], [25.8909, 50.8044], [25.876, 50.7514], [25.8739, 50.7199], [25.8703, 50.696], [25.8505, 50.6737], [25.8264, 50.6407], [25.8302, 50.6206], [25.7939, 50.6665], [25.7712, 50.6773], [25.7071, 50.6776], [25.7223, 50.6837], [25.696, 50.7032], [25.631, 50.7151], [25.6014, 50.6965], [25.5792, 50.7008], [25.5615, 50.6948], [25.5027, 50.6811], [25.4709, 50.6797], [25.459, 50.6629], [25.4054, 50.6689], [25.3954, 50.6751], [25.3807, 50.6854], [25.3878, 50.674], [25.3877, 50.6611], [25.3741, 50.6519], [25.3614, 50.6509], [25.3535, 50.6431], [25.362, 50.6391], [25.3792, 50.6328], [25.383, 50.6286], [25.3884, 50.6209], [25.3935, 50.6053], [25.3832, 50.6117], [25.3511, 50.6106], [25.3112, 50.631], [25.3, 50.6117], [25.2999, 50.5785], [25.3205, 50.5653], [25.312, 50.5489], [25.2762, 50.5369], [25.2451, 50.5339], [25.1918, 50.543], [25.1536, 50.5478], [25.1162, 50.5386], [25.1597, 50.5077], [25.1487, 50.4679], [25.1163, 50.4723], [25.0852, 50.4738], [25.1406, 50.4603], [25.1495, 50.4522], [25.1435, 50.4416], [25.1375, 50.4376], [25.1574, 50.4303], [25.1716, 50.4174], [25.1714, 50.4025], [25.1785, 50.3937], [25.204, 50.3902], [25.2053, 50.3812], [25.2096, 50.375], [25.2047, 50.3677], [25.1875, 50.3652], [25.1804, 50.3657], [25.1629, 50.3793], [25.1473, 50.364], [25.1472, 50.3595]]]]}, "properties": {"name": "Луцький район", "oblast": "Волинська", "pct": 1.8, "eps": 238, "own": 147}}, {"type": "Feature", "geometry": {"type": "MultiPolygon", "coordinates": [[[[25.822, 51.194], [25.78, 51.1871], [25.7732, 51.1566], [25.7733, 51.1409], [25.6485, 51.1515], [25.6346, 51.1468], [25.5413, 51.1465], [25.5039, 51.1455], [25.4897, 51.1534], [25.4729, 51.1575], [25.4093, 51.1309], [25.3879, 51.1364], [25.3604, 51.1527], [25.3355, 51.1664], [25.3307, 51.1747], [25.3017, 51.1905], [25.3103, 51.1979], [25.2759, 51.2096], [25.3369, 51.2173], [25.3199, 51.2534], [25.2867, 51.2516], [25.2626, 51.2719], [25.201, 51.2849], [25.1949, 51.2977], [25.1816, 51.3208], [25.1961, 51.3501], [25.1958, 51.3757], [25.119, 51.3696], [24.9977, 51.3591], [24.972, 51.3555], [24.9505, 51.3539], [24.9449, 51.3653], [24.9009, 51.3781], [24.8592, 51.4063], [24.8315, 51.4116], [24.8321, 51.4178], [24.7847, 51.441], [24.7632, 51.4618], [24.7611, 51.4693], [24.7528, 51.4841], [24.755, 51.4926], [24.7658, 51.5158], [24.7841, 51.5326], [24.7833, 51.5424], [24.7754, 51.5618], [24.7778, 51.5829], [24.7715, 51.5932], [24.7687, 51.6061], [24.6549, 51.603], [24.6739, 51.6115], [24.6783, 51.6246], [24.6907, 51.637], [24.6942, 51.6532], [24.6914, 51.6888], [24.6856, 51.7005], [24.6724, 51.7233], [24.6954, 51.7289], [24.7083, 51.7177], [24.7212, 51.7158], [24.729, 51.7471], [24.731, 51.7634], [24.7948, 51.778], [24.8168, 51.7971], [24.8369, 51.8123], [24.8463, 51.8262], [24.8841, 51.8096], [24.9054, 51.8172], [24.9261, 51.8359], [24.9383, 51.8375], [24.9353, 51.8636], [24.9086, 51.8726], [24.9368, 51.8818], [24.9642, 51.8973], [24.9968, 51.9156], [25.0913, 51.9509], [25.1422, 51.9528], [25.1847, 51.9665], [25.2261, 51.9601], [25.2616, 51.9671], [25.2885, 51.9588], [25.3095, 51.948], [25.3359, 51.9382], [25.3617, 51.9345], [25.4092, 51.921], [25.4862, 51.9299], [25.5112, 51.9214], [25.527, 51.9393], [25.5974, 51.918], [25.6287, 51.9046], [25.6809, 51.8998], [25.6596, 51.8704], [25.6547, 51.8621], [25.6377, 51.837], [25.649, 51.8213], [25.6347, 51.8138], [25.6463, 51.7949], [25.6601, 51.783], [25.6554, 51.7661], [25.6797, 51.7554], [25.6713, 51.7385], [25.6631, 51.7188], [25.6487, 51.6988], [25.6387, 51.6809], [25.6241, 51.6635], [25.6061, 51.6419], [25.5885, 51.6449], [25.5686, 51.6331], [25.5433, 51.6171], [25.5635, 51.6033], [25.6025, 51.5831], [25.5724, 51.556], [25.5969, 51.5268], [25.5568, 51.5003], [25.6009, 51.493], [25.6166, 51.4763], [25.6444, 51.4433], [25.6519, 51.4172], [25.6788, 51.4114], [25.703, 51.3938], [25.705, 51.3849], [25.6984, 51.377], [25.7096, 51.3832], [25.7166, 51.3892], [25.7596, 51.4005], [25.7915, 51.379], [25.8442, 51.3757], [25.8326, 51.363], [25.8237, 51.3432], [25.8413, 51.3296], [25.8506, 51.3183], [25.8623, 51.3186], [25.8703, 51.3142], [25.8857, 51.3046], [25.898, 51.2964], [25.903, 51.2926], [25.9153, 51.2863], [25.9241, 51.2792], [25.9375, 51.2775], [25.9316, 51.2707], [25.9358, 51.2624], [25.9367, 51.2563], [25.9455, 51.2441], [25.9448, 51.2359], [25.9501, 51.2263], [25.8983, 51.2138], [25.8498, 51.2019], [25.822, 51.194]]]]}, "properties": {"name": "Камінь-Каширський район", "oblast": "Волинська", "pct": 1.9, "eps": 238, "own": 150}}, {"type": "Feature", "geometry": {"type": "MultiPolygon", "coordinates": [[[[35.1751, 47.1508], [35.1767, 47.1186], [35.14, 47.0885], [35.104, 47.0957], [35.0256, 47.0787], [34.9555, 47.1414], [34.8508, 47.1428], [34.8127, 47.1606], [34.6009, 47.1347], [34.5488, 47.1223], [34.5302, 47.251], [34.5177, 47.2835], [34.5141, 47.3183], [34.5132, 47.3334], [34.5001, 47.3378], [34.4199, 47.3008], [34.3696, 47.2839], [34.3129, 47.2762], [34.2927, 47.2745], [34.261, 47.3604], [34.2457, 47.4267], [34.2873, 47.4265], [34.2848, 47.4227], [34.3417, 47.4497], [34.3462, 47.4771], [34.3681, 47.485], [34.3678, 47.4907], [34.378, 47.4958], [34.3838, 47.5005], [34.3838, 47.5034], [34.3808, 47.5089], [34.4224, 47.4984], [34.5117, 47.5098], [34.5214, 47.5043], [34.5161, 47.5114], [34.5305, 47.5264], [34.5516, 47.5281], [34.5805, 47.5161], [34.5889, 47.5204], [34.5876, 47.5212], [34.5928, 47.5272], [34.5981, 47.5272], [34.6007, 47.5363], [34.6083, 47.5368], [34.6117, 47.5365], [34.618, 47.5441], [34.6488, 47.5356], [34.6597, 47.5252], [34.6653, 47.5264], [34.6729, 47.5158], [34.6752, 47.5086], [34.6791, 47.5082], [34.6742, 47.5059], [34.6698, 47.4928], [34.6678, 47.5022], [34.6842, 47.5002], [34.6837, 47.4903], [34.7049, 47.4885], [34.7485, 47.4913], [34.7996, 47.4654], [34.8488, 47.4509], [34.8749, 47.445], [34.8597, 47.4237], [34.8656, 47.4094], [34.8831, 47.4042], [34.967, 47.3891], [35.012, 47.4075], [35.048, 47.4382], [35.0601, 47.4472], [35.1211, 47.4513], [35.2035, 47.4458], [35.2663, 47.4585], [35.3059, 47.4471], [35.2854, 47.4499], [35.2798, 47.4779], [35.2775, 47.5014], [35.3128, 47.5133], [35.3388, 47.5317], [35.3599, 47.5376], [35.3778, 47.5354], [35.3607, 47.5405], [35.3488, 47.543], [35.3415, 47.545], [35.3303, 47.5602], [35.3263, 47.5742], [35.3092, 47.5776], [35.2823, 47.6062], [35.2781, 47.6307], [35.3344, 47.6784], [35.4, 47.6561], [35.4302, 47.6182], [35.5494, 47.6071], [35.5867, 47.4431], [35.6816, 47.4335], [35.5763, 47.333], [35.597, 47.3056], [35.5852, 47.2785], [35.5231, 47.2451], [35.5107, 47.2458], [35.5107, 47.233], [35.5066, 47.1971], [35.4477, 47.1849], [35.3832, 47.179], [35.2842, 47.1753], [35.2218, 47.1466], [35.1751, 47.1508]]]]}, "properties": {"name": "Василівський район", "oblast": "Запорізька", "pct": 52.2, "eps": 2972, "own": 1903}}, {"type": "Feature", "geometry": {"type": "MultiPolygon", "coordinates": [[[[36.8042, 46.6815], [36.8043, 46.6801], [36.8025, 46.6807], [36.8, 46.6776], [36.8038, 46.7013], [36.8025, 46.6837], [36.8042, 46.6815]]], [[[36.7655, 46.6659], [36.7645, 46.6668], [36.7686, 46.6731], [36.7685, 46.6688], [36.7655, 46.6659]]], [[[36.4536, 46.7384], [36.3353, 46.6804], [36.3281, 46.6775], [36.3372, 46.6901], [36.3183, 46.6722], [36.3051, 46.6689], [36.3001, 46.6518], [36.3169, 46.6673], [36.3058, 46.6499], [36.2632, 46.5896], [36.1722, 46.5035], [36.1214, 46.4899], [36.1063, 46.4955], [36.1249, 46.4949], [36.1525, 46.5163], [36.1555, 46.538], [36.1612, 46.5305], [36.1641, 46.5217], [36.1634, 46.5097], [36.175, 46.5244], [36.2144, 46.5433], [36.2213, 46.5482], [36.249, 46.5825], [36.2799, 46.6211], [36.2791, 46.6518], [36.2905, 46.6414], [36.2681, 46.6476], [36.2828, 46.6384], [36.2741, 46.6389], [36.2753, 46.6299], [36.2721, 46.6148], [36.2628, 46.639], [36.266, 46.6277], [36.2594, 46.5953], [36.2604, 46.6216], [36.2311, 46.656], [36.1902, 46.674], [36.1143, 46.658], [36.0512, 46.6691], [35.9984, 46.6662], [35.9345, 46.6617], [35.967, 46.725], [36.0297, 46.7802], [36.0919, 46.8214], [36.1437, 46.8726], [36.0614, 46.8935], [35.9835, 46.869], [36.042, 46.9055], [36.0679, 46.9854], [35.989, 47.0247], [35.9944, 47.036], [35.9649, 47.043], [35.9499, 47.069], [35.8608, 47.0843], [35.8663, 47.1433], [35.8368, 47.1645], [35.9833, 47.2143], [35.9939, 47.2491], [35.9684, 47.3015], [36.0025, 47.3417], [36.1624, 47.3258], [36.1811, 47.2936], [36.2388, 47.2818], [36.2648, 47.2829], [36.2717, 47.2838], [36.3125, 47.269], [36.3635, 47.2957], [36.4477, 47.2212], [36.491, 47.116], [36.6857, 47.1903], [36.7826, 47.1938], [36.8254, 47.1942], [36.8569, 47.1956], [36.8618, 47.1884], [36.886, 47.1769], [36.8998, 47.1746], [36.9063, 47.1676], [36.9156, 47.1694], [36.9227, 47.1653], [36.9389, 47.1583], [36.9725, 47.141], [36.975, 47.1346], [36.9824, 47.1252], [36.9989, 47.1292], [37.0001, 47.1172], [37.0096, 47.1065], [37.0113, 47.0982], [37.0119, 47.089], [36.9843, 47.0797], [37.0985, 47.0589], [37.14, 46.9822], [37.021, 46.9278], [37.0624, 46.8826], [36.9915, 46.8654], [36.8904, 46.7992], [36.8339, 46.6993], [36.7703, 46.6335], [36.7494, 46.6345], [36.7637, 46.6585], [36.7691, 46.642], [36.7866, 46.6524], [36.7877, 46.6649], [36.7936, 46.6619], [36.7944, 46.6736], [36.8067, 46.6759], [36.8163, 46.6858], [36.8263, 46.7147], [36.7755, 46.7536], [36.7609, 46.7649], [36.6764, 46.7788], [36.5692, 46.7617], [36.4536, 46.7384]]]]}, "properties": {"name": "Бердянський район", "oblast": "Запорізька", "pct": 52.2, "eps": 2972, "own": 1903}}, {"type": "Feature", "geometry": {"type": "MultiPolygon", "coordinates": [[[[35.1622, 46.4944], [35.173, 46.4742], [35.2026, 46.4415], [35.2128, 46.405], [35.1873, 46.3691], [35.1248, 46.336], [35.1122, 46.3092], [35.0634, 46.3547], [35.0706, 46.3834], [34.9488, 46.5045], [34.8844, 46.5366], [34.7571, 46.5513], [34.7127, 46.6196], [34.6838, 46.6779], [34.6261, 46.7252], [34.7351, 46.7479], [34.7503, 46.7805], [34.8183, 46.8287], [34.7523, 46.8797], [34.6833, 46.9789], [34.5994, 46.9919], [34.5909, 47.0269], [34.5201, 47.105], [34.5431, 47.1587], [34.719, 47.1453], [34.8301, 47.1717], [34.8726, 47.1452], [34.9637, 47.078], [35.066, 47.0834], [35.1057, 47.088], [35.1442, 47.0945], [35.1749, 47.1271], [35.2073, 47.1545], [35.2252, 47.133], [35.3216, 47.1753], [35.3933, 47.2014], [35.4435, 47.1739], [35.5091, 47.1442], [35.5093, 47.1273], [35.5043, 47.1129], [35.5088, 47.1049], [35.5254, 47.1017], [35.5895, 47.097], [35.667, 47.0647], [35.6797, 47.0446], [35.722, 46.9959], [35.8567, 47.005], [35.8858, 46.9928], [35.9235, 47.0269], [35.9195, 47.0675], [35.9627, 47.061], [35.9872, 47.0414], [35.9907, 47.0283], [35.9819, 46.9759], [36.0577, 46.9185], [35.9837, 46.882], [36.0568, 46.8884], [36.1108, 46.8846], [36.0914, 46.838], [36.0223, 46.7809], [35.9613, 46.7462], [35.9186, 46.658], [35.8502, 46.6383], [35.8521, 46.6563], [35.8402, 46.6664], [35.8366, 46.6618], [35.837, 46.6483], [35.8396, 46.6281], [35.7583, 46.6007], [35.6545, 46.5262], [35.5267, 46.4621], [35.5229, 46.4667], [35.5049, 46.4538], [35.4529, 46.4386], [35.3917, 46.3853], [35.3394, 46.3302], [35.2889, 46.2765], [35.2637, 46.2518], [35.2891, 46.3036], [35.3133, 46.3139], [35.3465, 46.3495], [35.3529, 46.3605], [35.3196, 46.3389], [35.3121, 46.3408], [35.289, 46.354], [35.2629, 46.3486], [35.2513, 46.3956], [35.2673, 46.4274], [35.2642, 46.4463], [35.2115, 46.4604], [35.1994, 46.4732], [35.1903, 46.4861], [35.1843, 46.4934], [35.1897, 46.5077], [35.1717, 46.4987], [35.1622, 46.4944]]]]}, "properties": {"name": "Мелітопольський район", "oblast": "Запорізька", "pct": 52.2, "eps": 2971, "own": 1901}}, {"type": "Feature", "geometry": {"type": "MultiPolygon", "coordinates": [[[[35.9195, 47.0675], [35.9235, 47.0269], [35.8858, 46.9928], [35.8567, 47.005], [35.722, 46.9959], [35.6797, 47.0446], [35.667, 47.0647], [35.5895, 47.097], [35.5254, 47.1017], [35.5088, 47.1049], [35.5043, 47.1129], [35.5093, 47.1273], [35.5091, 47.1442], [35.4917, 47.1608], [35.4979, 47.2158], [35.5043, 47.2371], [35.5118, 47.2494], [35.5764, 47.2662], [35.5947, 47.3066], [35.5953, 47.3168], [35.6588, 47.4158], [35.6262, 47.4385], [35.5674, 47.5794], [35.677, 47.6093], [35.7358, 47.603], [35.7967, 47.6735], [35.7713, 47.8006], [35.7875, 47.8205], [35.8462, 47.8334], [35.8737, 47.7716], [35.9109, 47.7627], [35.9436, 47.7586], [35.9543, 47.7501], [35.9687, 47.7436], [36.0076, 47.766], [36.1844, 47.775], [36.1829, 47.7812], [36.1761, 47.7848], [36.1845, 47.7914], [36.1891, 47.8007], [36.2031, 47.8036], [36.2009, 47.8115], [36.2046, 47.8185], [36.2044, 47.8253], [36.2669, 47.8323], [36.2965, 47.8172], [36.3305, 47.8224], [36.323, 47.8363], [36.3748, 47.8384], [36.4135, 47.8277], [36.4563, 47.824], [36.6052, 47.851], [36.5887, 47.8164], [36.6721, 47.7934], [36.7132, 47.6782], [36.7922, 47.6813], [36.7799, 47.6756], [36.7787, 47.6679], [36.7743, 47.6647], [36.7516, 47.6665], [36.7545, 47.6625], [36.765, 47.6339], [36.7466, 47.6064], [36.7644, 47.6002], [36.9443, 47.5752], [37.0022, 47.5387], [37.0772, 47.4924], [37.1572, 47.4555], [37.1955, 47.4801], [37.2096, 47.4662], [37.2449, 47.469], [37.236, 47.4364], [37.2031, 47.356], [37.1421, 47.3798], [37.0927, 47.33], [37.0806, 47.3231], [37.0345, 47.3079], [36.9473, 47.3113], [36.9361, 47.2922], [36.9558, 47.2287], [36.9322, 47.2067], [36.8541, 47.1999], [36.8291, 47.196], [36.7854, 47.1926], [36.679, 47.1983], [36.6683, 47.1445], [36.4018, 47.1752], [36.3702, 47.2959], [36.3136, 47.2662], [36.3148, 47.2751], [36.2648, 47.2777], [36.2609, 47.2843], [36.1883, 47.2826], [36.1698, 47.3277], [36.018, 47.3376], [35.9789, 47.312], [35.9942, 47.2526], [35.9854, 47.2238], [35.8331, 47.1947], [35.8544, 47.1422], [35.8574, 47.1302], [35.9195, 47.0675]]]]}, "properties": {"name": "Пологівський район", "oblast": "Запорізька", "pct": 52.2, "eps": 2972, "own": 1905}}, {"type": "Feature", "geometry": {"type": "MultiPolygon", "coordinates": [[[[35.1468, 47.7345], [35.1454, 47.7345], [35.1445, 47.7272], [35.1255, 47.7095], [35.1299, 47.705], [35.1123, 47.6842], [35.11, 47.671], [35.109, 47.6737], [35.1057, 47.6785], [35.1094, 47.6617], [35.081, 47.6342], [35.0398, 47.6177], [35.0396, 47.6159], [35.044, 47.6137], [35.0325, 47.5958], [34.9857, 47.5691], [34.9627, 47.5646], [34.9559, 47.5688], [34.9329, 47.5696], [34.9275, 47.5803], [34.9331, 47.5886], [34.936, 47.5921], [34.9406, 47.6007], [34.9067, 47.674], [34.9561, 47.7127], [34.9544, 47.7402], [34.8939, 47.7601], [34.8974, 47.8531], [34.8635, 47.8799], [34.8387, 47.8691], [34.8536, 47.9217], [34.88, 47.9289], [34.9055, 47.9852], [34.859, 48.0152], [34.8751, 48.0545], [34.8812, 48.1272], [34.9115, 48.1132], [34.9295, 48.0925], [34.9905, 48.0894], [35.0262, 48.0964], [35.0454, 48.0819], [35.0575, 48.0791], [35.0591, 48.0623], [35.0748, 48.0585], [35.0828, 48.0628], [35.101, 48.0402], [35.1123, 48.0285], [35.1223, 48.0183], [35.1191, 48.012], [35.1188, 48.0008], [35.1002, 47.9875], [35.108, 47.9764], [35.0931, 47.977], [35.071, 47.9804], [35.0506, 47.9877], [35.0917, 47.9733], [35.0928, 47.9572], [35.0963, 47.9523], [35.0869, 47.9582], [35.064, 47.9565], [35.0334, 47.9447], [35.0746, 47.9531], [35.0827, 47.9445], [35.0874, 47.9489], [35.14, 47.9589], [35.1503, 47.9544], [35.1724, 47.9545], [35.1877, 47.9589], [35.2176, 47.9601], [35.1833, 47.9598], [35.1801, 47.965], [35.1639, 47.9581], [35.1456, 47.9583], [35.1378, 47.9693], [35.1445, 47.975], [35.1405, 47.9774], [35.1696, 47.9904], [35.1598, 47.9969], [35.1735, 48.0089], [35.196, 48.0149], [35.1638, 48.0087], [35.1528, 48.0164], [35.1619, 48.0288], [35.1461, 48.0392], [35.1314, 48.0461], [35.123, 48.0494], [35.1106, 48.0615], [35.1339, 48.0798], [35.1194, 48.0817], [35.1057, 48.0815], [35.0485, 48.1026], [35.0601, 48.1135], [35.0902, 48.1228], [35.0975, 48.127], [35.1644, 48.1197], [35.196, 48.1227], [35.198, 48.108], [35.2056, 48.1199], [35.2281, 48.1158], [35.2053, 48.1321], [35.2319, 48.1371], [35.2548, 48.1319], [35.2672, 48.1373], [35.3096, 48.1374], [35.3172, 48.1324], [35.3366, 48.122], [35.358, 48.1229], [35.3904, 48.1155], [35.4197, 48.1008], [35.502, 48.0978], [35.5233, 48.0756], [35.7561, 48.0964], [35.7792, 48.0952], [35.7842, 48.0936], [35.8169, 48.0658], [35.9744, 48.0924], [35.9848, 48.0851], [35.9703, 48.0732], [35.9823, 48.0629], [35.9746, 48.0439], [36.0591, 48.0466], [36.0345, 48.019], [36.07, 47.9722], [36.0731, 47.9656], [36.12, 47.9285], [36.1216, 47.8998], [36.1175, 47.8655], [36.0545, 47.8805], [36.0747, 47.8492], [36.102, 47.8435], [36.1774, 47.8575], [36.1949, 47.8505], [36.1929, 47.838], [36.2044, 47.8253], [36.2046, 47.8185], [36.2009, 47.8115], [36.2047, 47.8037], [36.1891, 47.8007], [36.1845, 47.7914], [36.1761, 47.7848], [36.1829, 47.7812], [36.1844, 47.775], [36.0076, 47.766], [35.9687, 47.7436], [35.9543, 47.7501], [35.9436, 47.7586], [35.9109, 47.7627], [35.8737, 47.7716], [35.8462, 47.8334], [35.7875, 47.8205], [35.7713, 47.8006], [35.7967, 47.6735], [35.7358, 47.603], [35.677, 47.6093], [35.5674, 47.5794], [35.4576, 47.6045], [35.4284, 47.6385], [35.362, 47.6551], [35.319, 47.6704], [35.2702, 47.6565], [35.2355, 47.6646], [35.2198, 47.6824], [35.2226, 47.6892], [35.1998, 47.7136], [35.199, 47.7361], [35.1484, 47.7324], [35.1468, 47.7345]]]]}, "properties": {"name": "Запорізький район", "oblast": "Запорізька", "pct": 52.3, "eps": 2999, "own": 5415}}, {"type": "Feature", "geometry": {"type": "MultiPolygon", "coordinates": [[[[31.3758, 48.7294], [31.3614, 48.7426], [31.3525, 48.7393], [31.343, 48.7288], [31.3249, 48.7303], [31.325, 48.7365], [31.3135, 48.7564], [31.2929, 48.7572], [31.2714, 48.7543], [31.2539, 48.7585], [31.2459, 48.7678], [31.2138, 48.7664], [31.2062, 48.7564], [31.1751, 48.7621], [31.1524, 48.7416], [31.1362, 48.7415], [31.1189, 48.7365], [31.1062, 48.7303], [31.0934, 48.74], [31.0895, 48.7333], [31.0673, 48.7385], [31.0611, 48.7528], [31.0437, 48.7545], [31.0028, 48.7583], [30.978, 48.7616], [30.9584, 48.7662], [30.9425, 48.7718], [30.9469, 48.7598], [30.9016, 48.7622], [30.8971, 48.747], [30.8767, 48.7505], [30.8421, 48.7488], [30.8302, 48.7507], [30.8113, 48.7687], [30.7508, 48.7597], [30.6385, 48.7519], [30.61, 48.7197], [30.5881, 48.7228], [30.5437, 48.7248], [30.4944, 48.7693], [30.474, 48.7867], [30.4737, 48.8149], [30.5349, 48.8528], [30.4753, 48.871], [30.4596, 48.8811], [30.4458, 48.8947], [30.4596, 48.9134], [30.4791, 48.9148], [30.4794, 48.926], [30.4703, 48.9332], [30.4845, 48.9434], [30.4875, 48.9637], [30.5209, 48.9749], [30.5216, 48.9828], [30.5371, 48.994], [30.5593, 49.0188], [30.5375, 49.0483], [30.5411, 49.0595], [30.5415, 49.077], [30.5512, 49.083], [30.568, 49.1429], [30.5108, 49.144], [30.4749, 49.1725], [30.4279, 49.1859], [30.3917, 49.1905], [30.407, 49.2103], [30.4314, 49.209], [30.4955, 49.2], [30.4649, 49.2892], [30.4172, 49.3176], [30.4412, 49.3359], [30.449, 49.3559], [30.5254, 49.3291], [30.5447, 49.3314], [30.5594, 49.3457], [30.6059, 49.3708], [30.6602, 49.3576], [30.6725, 49.3546], [30.7154, 49.3389], [30.7487, 49.3446], [30.8204, 49.3557], [30.8579, 49.3543], [30.8796, 49.361], [30.9092, 49.3591], [30.9259, 49.3791], [30.9333, 49.3945], [30.9202, 49.416], [30.9952, 49.4238], [31.0298, 49.4719], [31.0603, 49.4518], [31.0583, 49.4427], [31.0693, 49.4337], [31.1251, 49.4275], [31.1642, 49.4223], [31.1909, 49.4139], [31.2189, 49.4185], [31.2378, 49.3904], [31.2668, 49.3896], [31.2686, 49.4008], [31.2785, 49.4], [31.2867, 49.3982], [31.3124, 49.4096], [31.3304, 49.415], [31.325, 49.4284], [31.3598, 49.4432], [31.3483, 49.4323], [31.3422, 49.4227], [31.4106, 49.4054], [31.4241, 49.3713], [31.4218, 49.3512], [31.3831, 49.3284], [31.3386, 49.3532], [31.304, 49.3329], [31.2892, 49.3276], [31.2823, 49.3264], [31.2851, 49.3034], [31.2844, 49.2715], [31.292, 49.256], [31.3048, 49.2492], [31.3185, 49.2321], [31.3602, 49.1997], [31.3975, 49.1978], [31.4679, 49.1913], [31.4818, 49.1689], [31.5343, 49.1375], [31.6105, 49.101], [31.6329, 49.0086], [31.6623, 48.9618], [31.6769, 48.9466], [31.6969, 48.9662], [31.7156, 48.9804], [31.7173, 48.9687], [31.7448, 48.9622], [31.772, 48.9349], [31.6996, 48.9318], [31.6971, 48.919], [31.6852, 48.8967], [31.6402, 48.9016], [31.6208, 48.9055], [31.602, 48.9018], [31.6007, 48.8941], [31.593, 48.9056], [31.5765, 48.8986], [31.5786, 48.885], [31.5834, 48.8738], [31.5695, 48.8573], [31.5595, 48.8292], [31.4692, 48.7878], [31.4242, 48.7435], [31.4197, 48.7533], [31.4108, 48.7549], [31.3938, 48.7354], [31.3944, 48.748], [31.3858, 48.7302], [31.3758, 48.7294]]]]}, "properties": {"name": "Звенигородський район", "oblast": "Черкаська", "pct": 10.7, "eps": 1337, "own": 1198}}, {"type": "Feature", "geometry": {"type": "MultiPolygon", "coordinates": [[[[30.3407, 48.5243], [30.2571, 48.5067], [30.1649, 48.5038], [30.1574, 48.4855], [30.1471, 48.4767], [30.1304, 48.4623], [30.1213, 48.4538], [30.0849, 48.4586], [30.0546, 48.4801], [30.0029, 48.4721], [29.9672, 48.4906], [30.0014, 48.4925], [29.9982, 48.5129], [29.9914, 48.5195], [30.0147, 48.5199], [30.0176, 48.5222], [30.0192, 48.5403], [30.008, 48.5453], [30.0054, 48.5566], [30.0053, 48.57], [29.9738, 48.583], [29.9472, 48.5949], [29.9503, 48.6087], [29.9865, 48.6183], [29.988, 48.6278], [29.992, 48.634], [29.9761, 48.642], [29.9586, 48.65], [29.9426, 48.6636], [29.9185, 48.6712], [29.8656, 48.7081], [29.8536, 48.7139], [29.8847, 48.7357], [29.8703, 48.7471], [29.866, 48.763], [29.8051, 48.7787], [29.7743, 48.7822], [29.7542, 48.8482], [29.7281, 48.8737], [29.7357, 48.908], [29.6848, 48.9124], [29.665, 48.926], [29.6518, 48.9365], [29.6953, 49.0006], [29.6877, 49.0137], [29.6758, 49.022], [29.6524, 49.0142], [29.6278, 49.0247], [29.6111, 49.0532], [29.6297, 49.0464], [29.64, 49.0534], [29.6354, 49.0611], [29.6708, 49.0923], [29.6792, 49.1097], [29.7248, 49.12], [29.7317, 49.1321], [29.71, 49.1547], [29.718, 49.17], [29.7191, 49.1842], [29.7261, 49.2025], [29.7243, 49.2207], [29.7546, 49.2267], [29.7279, 49.2082], [29.8209, 49.179], [29.8836, 49.1897], [29.8939, 49.2087], [29.9033, 49.2229], [29.9316, 49.2436], [29.955, 49.2587], [29.9452, 49.3004], [29.9828, 49.3161], [30.019, 49.3283], [30.0776, 49.3227], [30.0829, 49.2988], [30.1034, 49.2741], [30.1235, 49.282], [30.1207, 49.2962], [30.1195, 49.3089], [30.1281, 49.3129], [30.1475, 49.335], [30.1899, 49.2759], [30.257, 49.272], [30.366, 49.2464], [30.3752, 49.2368], [30.3985, 49.303], [30.4587, 49.2747], [30.4514, 49.2044], [30.4331, 49.2113], [30.3982, 49.2106], [30.4011, 49.1943], [30.4444, 49.1821], [30.4792, 49.1421], [30.5604, 49.1553], [30.556, 49.1131], [30.5494, 49.08], [30.5447, 49.0695], [30.5417, 49.0558], [30.53, 49.0403], [30.5466, 48.9996], [30.5332, 48.9968], [30.5151, 48.9853], [30.5097, 48.9716], [30.4898, 48.9588], [30.4818, 48.937], [30.4708, 48.9308], [30.4736, 48.9238], [30.4745, 48.9108], [30.4547, 48.9026], [30.4539, 48.8909], [30.4618, 48.8721], [30.4778, 48.8727], [30.4827, 48.8207], [30.4841, 48.8114], [30.4682, 48.7855], [30.5319, 48.7431], [30.5596, 48.7315], [30.6016, 48.6992], [30.6059, 48.687], [30.5551, 48.6545], [30.5314, 48.6272], [30.5467, 48.6209], [30.5586, 48.5964], [30.5698, 48.5783], [30.54, 48.5671], [30.5237, 48.5663], [30.501, 48.5636], [30.4848, 48.5647], [30.4037, 48.5742], [30.3407, 48.5243]]]]}, "properties": {"name": "Уманський район", "oblast": "Черкаська", "pct": 9.7, "eps": 1272, "own": 1108}}, {"type": "Feature", "geometry": {"type": "MultiPolygon", "coordinates": [[[[32.7385, 49.3556], [32.7111, 49.3539], [32.6547, 49.3559], [32.6027, 49.3756], [32.5635, 49.3862], [32.5462, 49.381], [32.5252, 49.3989], [32.5069, 49.4057], [32.4943, 49.3856], [32.4774, 49.365], [32.4603, 49.3446], [32.4674, 49.3284], [32.4108, 49.3461], [32.3672, 49.3603], [32.3137, 49.3986], [32.2173, 49.3989], [32.1805, 49.4113], [32.1452, 49.4479], [32.096, 49.4498], [32.0406, 49.4866], [32.0427, 49.5166], [32.0207, 49.5198], [31.9781, 49.5297], [31.9467, 49.5394], [31.9106, 49.5583], [31.8708, 49.5638], [31.8219, 49.5692], [31.7818, 49.6253], [31.654, 49.6406], [31.6765, 49.6795], [31.6834, 49.6931], [31.6884, 49.6994], [31.6854, 49.7115], [31.7056, 49.7552], [31.6905, 49.7573], [31.6936, 49.7629], [31.7041, 49.7608], [31.7197, 49.7757], [31.7026, 49.7917], [31.7183, 49.8522], [31.7707, 49.9197], [31.8149, 49.9674], [31.8971, 49.9492], [31.9177, 49.9656], [31.9114, 49.9991], [31.9007, 50.0192], [31.9169, 50.0281], [31.9794, 50.0383], [31.9106, 50.0565], [31.9099, 50.0749], [31.973, 50.1245], [31.9359, 50.158], [31.9984, 50.1939], [31.994, 50.2023], [32.0369, 50.1903], [32.0774, 50.2096], [32.1076, 50.2282], [32.1256, 50.2247], [32.1635, 50.1869], [32.1774, 50.1656], [32.2861, 50.1204], [32.2711, 50.0985], [32.268, 50.072], [32.3229, 50.0394], [32.3469, 50.0495], [32.3458, 50.036], [32.3696, 50.0021], [32.4278, 49.9599], [32.4317, 49.9314], [32.4145, 49.9033], [32.402, 49.8751], [32.408, 49.8495], [32.4499, 49.7961], [32.5142, 49.7744], [32.5679, 49.7466], [32.6584, 49.6763], [32.6722, 49.672], [32.6911, 49.658], [32.7029, 49.6546], [32.7051, 49.6504], [32.7011, 49.6438], [32.7039, 49.6347], [32.7134, 49.6306], [32.7109, 49.6241], [32.7073, 49.615], [32.7068, 49.6057], [32.7212, 49.5954], [32.7471, 49.5746], [32.7535, 49.5665], [32.7502, 49.5601], [32.7462, 49.5458], [32.7463, 49.5236], [32.6704, 49.4883], [32.6661, 49.4639], [32.6723, 49.4468], [32.652, 49.4375], [32.6593, 49.4278], [32.6809, 49.4229], [32.6915, 49.3846], [32.7116, 49.3852], [32.7355, 49.3632], [32.7385, 49.3556]]]]}, "properties": {"name": "Золотоніський район", "oblast": "Черкаська", "pct": 14.5, "eps": 1515, "own": 1489}}, {"type": "Feature", "geometry": {"type": "MultiPolygon", "coordinates": [[[[32.746, 48.9669], [32.6982, 48.9756], [32.676, 48.9862], [32.6673, 48.9768], [32.6753, 48.9608], [32.6426, 48.9538], [32.612, 48.9547], [32.6061, 48.9639], [32.5944, 48.9542], [32.5768, 48.9528], [32.5529, 48.9657], [32.5414, 48.9618], [32.5434, 48.9508], [32.5508, 48.94], [32.5246, 48.9444], [32.513, 48.9576], [32.5118, 48.9713], [32.5104, 48.9844], [32.5022, 48.9957], [32.4996, 49.0056], [32.5009, 49.0146], [32.4727, 49.0081], [32.467, 49.0313], [32.4657, 49.0362], [32.4511, 49.0432], [32.4406, 49.051], [32.4188, 49.0278], [32.3774, 49.0371], [32.3723, 49.0483], [32.3684, 49.0658], [32.3508, 49.0745], [32.3159, 49.0754], [32.2915, 49.079], [32.2682, 49.0813], [32.2638, 49.0678], [32.2527, 49.059], [32.2323, 49.0368], [32.1961, 48.991], [32.1837, 48.995], [32.1782, 48.9732], [32.1348, 48.966], [32.143, 48.951], [32.1521, 48.9176], [32.1057, 48.9106], [32.0978, 48.9096], [32.0904, 48.9051], [32.093, 48.9108], [32.0797, 48.9211], [32.0292, 48.932], [31.9984, 48.9176], [31.9547, 48.9076], [31.9328, 48.8955], [31.9187, 48.8968], [31.8573, 48.928], [31.8322, 48.9343], [31.8103, 48.9486], [31.772, 48.9349], [31.7448, 48.9622], [31.7173, 48.9687], [31.7156, 48.9804], [31.6969, 48.9662], [31.6769, 48.9466], [31.6623, 48.9618], [31.6329, 49.0086], [31.6105, 49.101], [31.5343, 49.1375], [31.4818, 49.1689], [31.4679, 49.1913], [31.3975, 49.1978], [31.3602, 49.1997], [31.3185, 49.2321], [31.3048, 49.2492], [31.292, 49.256], [31.2844, 49.2715], [31.2851, 49.3034], [31.2823, 49.3264], [31.2892, 49.3276], [31.304, 49.3329], [31.3386, 49.3532], [31.3831, 49.3284], [31.4218, 49.3512], [31.4241, 49.3713], [31.4106, 49.4054], [31.3422, 49.4227], [31.3483, 49.4323], [31.3598, 49.4432], [31.325, 49.4284], [31.3304, 49.415], [31.3124, 49.4096], [31.2867, 49.3982], [31.2785, 49.4], [31.2686, 49.4008], [31.2668, 49.3896], [31.2378, 49.3904], [31.2189, 49.4185], [31.1909, 49.4139], [31.1642, 49.4223], [31.1251, 49.4275], [31.0693, 49.4337], [31.0583, 49.4427], [31.0603, 49.4518], [31.0481, 49.4783], [31.0843, 49.4896], [31.0946, 49.4978], [31.0936, 49.5052], [31.0945, 49.515], [31.0987, 49.5258], [31.0992, 49.5409], [31.107, 49.5491], [31.1211, 49.5601], [31.1534, 49.556], [31.1386, 49.5711], [31.1276, 49.5829], [31.1377, 49.6034], [31.202, 49.6748], [31.2017, 49.6865], [31.2093, 49.6894], [31.2202, 49.6938], [31.2024, 49.7105], [31.2175, 49.7372], [31.2126, 49.7564], [31.1895, 49.7896], [31.2089, 49.8137], [31.2449, 49.8659], [31.2924, 49.8836], [31.3487, 49.8959], [31.374, 49.8987], [31.3375, 49.9384], [31.3358, 49.9551], [31.2906, 49.9568], [31.3097, 49.9801], [31.2972, 49.9792], [31.3162, 49.9926], [31.4117, 49.9908], [31.4469, 49.9736], [31.4329, 49.9431], [31.4215, 49.9159], [31.4433, 49.8768], [31.4718, 49.8735], [31.4948, 49.8616], [31.5122, 49.8454], [31.5194, 49.862], [31.5215, 49.8726], [31.5407, 49.8754], [31.5471, 49.8745], [31.5686, 49.888], [31.5809, 49.8993], [31.6121, 49.9065], [31.6177, 49.8832], [31.6621, 49.8578], [31.7276, 49.8473], [31.693, 49.7898], [31.7166, 49.7577], [31.6987, 49.7608], [31.6933, 49.761], [31.6931, 49.7544], [31.7108, 49.7553], [31.6771, 49.7087], [31.6883, 49.6969], [31.6851, 49.6913], [31.6623, 49.6663], [31.7013, 49.6321], [31.7893, 49.5998], [31.8325, 49.5721], [31.8856, 49.5666], [31.93, 49.5576], [31.9543, 49.5316], [31.9986, 49.5141], [32.0276, 49.5214], [32.0431, 49.5126], [32.0477, 49.475], [32.1073, 49.4485], [32.1485, 49.4426], [32.1862, 49.405], [32.2344, 49.4013], [32.3462, 49.388], [32.3777, 49.3513], [32.4271, 49.3408], [32.4901, 49.3144], [32.5516, 49.2919], [32.606, 49.2567], [32.6296, 49.2601], [32.657, 49.2475], [32.7119, 49.257], [32.7532, 49.2434], [32.7653, 49.2319], [32.8146, 49.2479], [32.8558, 49.2454], [32.7801, 49.1886], [32.7582, 49.1664], [32.7661, 49.1494], [32.8925, 49.1034], [32.8134, 49.0742], [32.8388, 49.0276], [32.8388, 49.018], [32.8292, 49.0159], [32.8337, 49.009], [32.8492, 49.0047], [32.8721, 48.993], [32.7955, 48.9768], [32.746, 48.9669]]]]}, "properties": {"name": "Черкаський район", "oblast": "Черкаська", "pct": 14.4, "eps": 1508, "own": 1479}}, {"type": "Feature", "geometry": {"type": "MultiPolygon", "coordinates": [[[[31.4921, 50.52], [31.4525, 50.5058], [31.4173, 50.5022], [31.3788, 50.5287], [31.341, 50.5101], [31.3189, 50.5265], [31.2537, 50.5437], [31.2498, 50.5571], [31.2411, 50.5686], [31.2159, 50.575], [31.1673, 50.595], [31.2276, 50.6128], [31.2262, 50.627], [31.2011, 50.6496], [31.2242, 50.6679], [31.2051, 50.697], [31.1887, 50.7238], [31.1853, 50.7324], [31.2027, 50.7404], [31.2405, 50.7517], [31.2175, 50.8103], [31.2905, 50.8572], [31.3199, 50.8684], [31.3003, 50.8996], [31.3129, 50.9075], [31.3006, 50.908], [31.3191, 50.9276], [31.3543, 50.9364], [31.3166, 50.9488], [31.327, 50.9568], [31.3486, 50.9699], [31.3706, 50.9814], [31.3582, 50.9933], [31.3455, 50.9894], [31.3237, 51.0075], [31.3003, 51.015], [31.2866, 51.0357], [31.3164, 51.0445], [31.2819, 51.0723], [31.3148, 51.0894], [31.3824, 51.0953], [31.3894, 51.1112], [31.4152, 51.1216], [31.4214, 51.1283], [31.4187, 51.1371], [31.4264, 51.1399], [31.4318, 51.1624], [31.4715, 51.1876], [31.4902, 51.1877], [31.5247, 51.1993], [31.5262, 51.2195], [31.5707, 51.2365], [31.6022, 51.2398], [31.656, 51.2242], [31.7153, 51.2406], [31.7332, 51.2395], [31.7789, 51.2449], [31.8343, 51.2356], [31.8398, 51.2394], [31.8707, 51.237], [31.8812, 51.2401], [31.9277, 51.2924], [31.9476, 51.2906], [31.9718, 51.2962], [31.9877, 51.2977], [32.0249, 51.3272], [32.0035, 51.3483], [31.9952, 51.3599], [32.0074, 51.3702], [32.0232, 51.361], [32.0303, 51.3789], [32.0588, 51.3823], [32.0784, 51.3881], [32.0989, 51.3934], [32.1287, 51.3998], [32.1726, 51.3872], [32.1794, 51.3826], [32.1948, 51.3768], [32.225, 51.3723], [32.2255, 51.3876], [32.2532, 51.3993], [32.2746, 51.3999], [32.2891, 51.4041], [32.2817, 51.4099], [32.2939, 51.4156], [32.2949, 51.4193], [32.3118, 51.4103], [32.3499, 51.405], [32.3548, 51.4118], [32.3602, 51.4126], [32.3815, 51.4258], [32.3959, 51.4272], [32.4129, 51.3922], [32.4868, 51.4002], [32.5045, 51.3974], [32.5133, 51.4015], [32.5213, 51.4017], [32.5209, 51.4065], [32.5305, 51.4134], [32.5545, 51.4108], [32.5998, 51.4232], [32.6076, 51.4418], [32.5893, 51.4505], [32.5646, 51.4477], [32.5557, 51.4579], [32.5691, 51.4518], [32.5659, 51.461], [32.5754, 51.456], [32.5905, 51.4594], [32.6134, 51.4557], [32.629, 51.4613], [32.6444, 51.4529], [32.6697, 51.4495], [32.6886, 51.4452], [32.691, 51.4422], [32.7184, 51.4411], [32.7296, 51.4469], [32.7326, 51.4398], [32.755, 51.4333], [32.7677, 51.4327], [32.7853, 51.4297], [32.8114, 51.436], [32.8556, 51.4211], [32.8651, 51.4192], [32.8608, 51.414], [32.8704, 51.4062], [32.8797, 51.4148], [32.8891, 51.4193], [32.9038, 51.4106], [32.9098, 51.3981], [32.9073, 51.4041], [32.9141, 51.4074], [32.9308, 51.4033], [32.932, 51.3935], [32.9519, 51.3842], [32.9658, 51.3706], [32.9971, 51.3625], [32.9812, 51.3545], [32.9675, 51.3483], [32.9646, 51.3335], [32.9869, 51.3366], [33.0118, 51.3204], [33.0216, 51.3242], [33.0271, 51.3273], [33.0323, 51.3312], [33.0374, 51.3307], [33.0496, 51.3287], [33.0533, 51.3254], [33.0653, 51.3257], [33.0721, 51.3283], [33.0757, 51.3126], [33.0657, 51.3061], [33.0464, 51.3041], [33.0514, 51.2975], [33.0538, 51.2951], [33.0502, 51.2888], [33.0603, 51.2869], [33.072, 51.2885], [33.0728, 51.2869], [33.0658, 51.2821], [33.0659, 51.2747], [33.0599, 51.2575], [33.0391, 51.2198], [33.0298, 51.2], [32.9783, 51.1888], [32.9926, 51.1434], [32.9612, 51.0899], [33.0383, 51.0724], [33.0597, 51.0481], [33.0732, 51.0319], [33.0594, 51.0178], [33.0409, 50.9966], [33.0328, 50.9957], [33.0149, 50.9927], [33.0073, 50.9824], [32.9791, 50.9672], [32.9984, 50.9353], [32.9737, 50.9299], [32.9769, 50.9186], [32.9358, 50.8962], [32.8939, 50.8793], [32.8364, 50.8588], [32.8111, 50.8761], [32.7638, 50.9108], [32.7045, 50.9421], [32.695, 50.9474], [32.6937, 50.9632], [32.6983, 50.9906], [32.6416, 51.0172], [32.6058, 51.0263], [32.5646, 51.015], [32.5265, 51.0359], [32.4926, 51.0838], [32.4366, 51.0682], [32.3974, 51.0407], [32.4087, 51.0162], [32.3711, 51.0152], [32.3645, 50.9978], [32.3629, 51.0077], [32.3418, 51.0255], [32.3215, 51.0214], [32.3108, 51.011], [32.2831, 51.0086], [32.2641, 51.0197], [32.2343, 51.0172], [32.2446, 51.0212], [32.2615, 51.0253], [32.2574, 51.029], [32.2292, 51.0224], [32.1907, 51.0341], [32.1868, 51.0179], [32.1501, 50.9951], [32.1492, 50.9888], [32.129, 50.99], [32.1223, 50.988], [32.1012, 50.9808], [32.0965, 50.9682], [32.0905, 50.9497], [32.0751, 50.9357], [32.0694, 50.8992], [32.0582, 50.8937], [32.057, 50.8803], [32.0546, 50.8675], [32.0707, 50.8464], [32.0858, 50.822], [32.1004, 50.7884], [32.1017, 50.7718], [32.1218, 50.7616], [32.1026, 50.761], [32.0548, 50.7258], [32.0252, 50.7015], [31.9953, 50.7089], [31.9224, 50.7074], [31.8987, 50.6613], [31.8859, 50.649], [31.8519, 50.6283], [31.8113, 50.6062], [31.7894, 50.5789], [31.6874, 50.5624], [31.6469, 50.5533], [31.6459, 50.5314], [31.571, 50.5282], [31.5641, 50.5185], [31.535, 50.5283], [31.521, 50.5281], [31.5116, 50.5206], [31.4921, 50.52]]]]}, "properties": {"name": "Ніжинський район", "oblast": "Чернігівська", "pct": 31.4, "eps": 2207, "own": 2034}}, {"type": "Feature", "geometry": {"type": "MultiPolygon", "coordinates": [[[[32.2574, 50.3736], [32.2607, 50.3672], [32.2648, 50.3602], [32.2662, 50.3546], [32.2398, 50.3512], [32.2272, 50.3495], [32.144, 50.3485], [32.1572, 50.3645], [32.1201, 50.3797], [32.0905, 50.3697], [32.0818, 50.3815], [32.1031, 50.4117], [32.0474, 50.4012], [32.0274, 50.4366], [31.9691, 50.4726], [31.9712, 50.4838], [31.9635, 50.4859], [31.9832, 50.4839], [31.9861, 50.4962], [32.001, 50.4972], [32.045, 50.496], [32.062, 50.5287], [31.9828, 50.5397], [31.9517, 50.5506], [31.9403, 50.5713], [31.9247, 50.5899], [31.8894, 50.6085], [31.8724, 50.6196], [31.8844, 50.6396], [31.8799, 50.6521], [31.9035, 50.6691], [31.9374, 50.7048], [31.9983, 50.7027], [32.0187, 50.7082], [32.0472, 50.7318], [32.1014, 50.7519], [32.1161, 50.7616], [32.1024, 50.7823], [32.1043, 50.7991], [32.0813, 50.8391], [32.0664, 50.8485], [32.0465, 50.8739], [32.0591, 50.883], [32.0611, 50.8965], [32.0557, 50.9072], [32.0797, 50.9406], [32.1053, 50.9557], [32.0928, 50.9749], [32.1149, 50.9907], [32.1245, 50.9884], [32.1405, 50.9909], [32.1499, 50.9907], [32.1542, 50.9936], [32.1788, 51.025], [32.2109, 51.0234], [32.252, 51.0289], [32.2596, 51.0314], [32.252, 51.0225], [32.2329, 51.0194], [32.246, 51.0194], [32.2718, 51.0009], [32.2923, 51.0087], [32.3165, 51.0133], [32.3226, 51.025], [32.3557, 51.0158], [32.3604, 51.0041], [32.3722, 51.0024], [32.3787, 51.0161], [32.3987, 51.0291], [32.4137, 51.0496], [32.4339, 51.0779], [32.4995, 51.0814], [32.5307, 51.033], [32.577, 51.0172], [32.6165, 51.0262], [32.6397, 51.0146], [32.6943, 50.9789], [32.6955, 50.9556], [32.7021, 50.9469], [32.7216, 50.9422], [32.7749, 50.8892], [32.8224, 50.8721], [32.8464, 50.8611], [32.9031, 50.8849], [32.9401, 50.8948], [32.9669, 50.9263], [32.9796, 50.9281], [32.9874, 50.9376], [32.9864, 50.9728], [33.0126, 50.9877], [33.0189, 50.994], [33.0325, 50.9984], [33.0386, 50.9934], [33.0788, 50.9811], [33.125, 50.9996], [33.1364, 50.9622], [33.2005, 50.9621], [33.1974, 50.9194], [33.2074, 50.894], [33.1994, 50.8924], [33.1871, 50.8912], [33.1842, 50.8922], [33.1682, 50.8812], [33.173, 50.8555], [33.1854, 50.847], [33.1553, 50.8259], [33.1635, 50.8148], [33.1686, 50.7994], [33.1534, 50.7915], [33.1901, 50.7458], [33.2307, 50.7387], [33.2406, 50.7319], [33.2023, 50.7224], [33.1545, 50.7089], [33.1513, 50.6927], [33.1361, 50.6482], [33.1192, 50.6408], [33.1036, 50.6022], [33.1198, 50.5914], [33.0972, 50.5802], [33.0491, 50.5407], [33.067, 50.5209], [33.0432, 50.502], [33.023, 50.4961], [33.0144, 50.4711], [32.9704, 50.4751], [32.975, 50.4601], [32.9694, 50.4501], [32.9488, 50.4456], [32.9386, 50.4301], [32.9129, 50.4239], [32.9086, 50.4053], [32.8364, 50.3748], [32.7915, 50.3681], [32.7874, 50.3617], [32.77, 50.354], [32.7565, 50.3521], [32.7423, 50.352], [32.73, 50.3561], [32.6347, 50.3661], [32.5777, 50.3588], [32.5446, 50.3544], [32.512, 50.3587], [32.4847, 50.3712], [32.4929, 50.3781], [32.4929, 50.3955], [32.4927, 50.3996], [32.4776, 50.3978], [32.3965, 50.4067], [32.3291, 50.4269], [32.3252, 50.4032], [32.2953, 50.3978], [32.2776, 50.3734], [32.2574, 50.3736]]]]}, "properties": {"name": "Прилуцький район", "oblast": "Чернігівська", "pct": 24.3, "eps": 1858, "own": 1531}}, {"type": "Feature", "geometry": {"type": "MultiPolygon", "coordinates": [[[[32.3815, 51.4258], [32.3602, 51.4126], [32.3548, 51.4118], [32.3499, 51.405], [32.3118, 51.4103], [32.2949, 51.4193], [32.2939, 51.4156], [32.2817, 51.4099], [32.2891, 51.4041], [32.2746, 51.3999], [32.2532, 51.3993], [32.2255, 51.3876], [32.225, 51.3723], [32.1948, 51.3768], [32.1794, 51.3826], [32.1726, 51.3872], [32.1287, 51.3998], [32.0989, 51.3934], [32.0784, 51.3881], [32.0588, 51.3823], [32.0303, 51.3789], [32.0232, 51.361], [32.0057, 51.3706], [31.9855, 51.363], [31.9726, 51.3491], [31.9465, 51.3665], [31.8915, 51.3698], [31.8773, 51.3888], [31.8666, 51.3936], [31.8547, 51.4043], [31.845, 51.4165], [31.834, 51.4229], [31.8289, 51.4187], [31.8194, 51.4306], [31.8295, 51.4392], [31.8273, 51.4595], [31.8294, 51.4726], [31.812, 51.4994], [31.8503, 51.5217], [31.8664, 51.5785], [31.8921, 51.6018], [31.8789, 51.6077], [31.8066, 51.6393], [31.7938, 51.6603], [31.7931, 51.685], [31.7818, 51.7122], [31.7701, 51.7258], [31.7335, 51.7305], [31.7401, 51.7354], [31.7469, 51.7415], [31.7574, 51.7445], [31.6522, 51.7806], [31.6736, 51.7901], [31.6653, 51.7947], [31.6353, 51.81], [31.6566, 51.8269], [31.6744, 51.8383], [31.6952, 51.8718], [31.6638, 51.9004], [31.7292, 51.9173], [31.7863, 51.9132], [31.8161, 51.9113], [31.8013, 51.9233], [31.8073, 51.9413], [31.7962, 51.9489], [31.7586, 51.9664], [31.7784, 51.9889], [31.8015, 51.9947], [31.8008, 52.023], [31.7887, 52.0409], [31.778, 52.0318], [31.7747, 52.0476], [31.7818, 52.0556], [31.7865, 52.0647], [31.827, 52.1003], [31.8584, 52.1112], [31.9082, 52.0985], [31.9368, 52.0841], [31.9538, 52.0822], [31.9432, 52.0609], [31.9268, 52.0565], [31.9175, 52.0526], [31.9176, 52.0475], [31.9191, 52.0426], [31.9335, 52.045], [31.943, 52.0469], [32.017, 52.0485], [32.0406, 52.0404], [32.0958, 52.0336], [32.1258, 52.0461], [32.1335, 52.0539], [32.1471, 52.0583], [32.1486, 52.0629], [32.1475, 52.0692], [32.1632, 52.0703], [32.1706, 52.0717], [32.1833, 52.0723], [32.2, 52.0687], [32.2021, 52.0718], [32.2037, 52.075], [32.219, 52.0822], [32.2535, 52.0786], [32.27, 52.0755], [32.2748, 52.0649], [32.2851, 52.0582], [32.3043, 52.0552], [32.3346, 52.0539], [32.3495, 52.0573], [32.3664, 52.0588], [32.387, 52.0564], [32.3628, 52.0499], [32.3889, 52.0315], [32.4127, 52.0086], [32.4318, 52.0089], [32.4334, 51.9999], [32.4206, 51.9894], [32.4145, 51.9846], [32.4218, 51.9821], [32.4305, 51.9932], [32.4433, 51.9892], [32.4692, 51.9706], [32.4935, 51.9713], [32.5568, 51.96], [32.5688, 51.955], [32.6273, 51.9701], [32.6387, 51.9554], [32.6335, 51.9167], [32.6626, 51.9118], [32.6663, 51.9108], [32.694, 51.915], [32.7337, 51.9345], [32.7701, 51.917], [32.7579, 51.9037], [32.8131, 51.8884], [32.8053, 51.8564], [32.8125, 51.8582], [32.7768, 51.8453], [32.7331, 51.8366], [32.7118, 51.8306], [32.73, 51.8221], [32.7011, 51.814], [32.6926, 51.8108], [32.7092, 51.7942], [32.7506, 51.7614], [32.7306, 51.7219], [32.6987, 51.7254], [32.6887, 51.7155], [32.6812, 51.6997], [32.6911, 51.6865], [32.6866, 51.6784], [32.7349, 51.6357], [32.7585, 51.6394], [32.7471, 51.6297], [32.7733, 51.6279], [32.802, 51.6225], [32.8111, 51.6131], [32.8265, 51.6237], [32.8193, 51.6075], [32.8361, 51.601], [32.8364, 51.5755], [32.8433, 51.5687], [32.8066, 51.5766], [32.778, 51.5683], [32.7511, 51.5597], [32.7571, 51.5564], [32.7133, 51.5532], [32.6951, 51.554], [32.676, 51.5428], [32.6776, 51.551], [32.6595, 51.5565], [32.6534, 51.5492], [32.6533, 51.5429], [32.6398, 51.545], [32.6307, 51.5411], [32.6301, 51.5312], [32.6276, 51.5251], [32.6179, 51.5217], [32.6081, 51.5182], [32.6126, 51.5087], [32.6171, 51.4984], [32.6276, 51.4971], [32.62, 51.4929], [32.6605, 51.4874], [32.6641, 51.4798], [32.6752, 51.4749], [32.6884, 51.4863], [32.7015, 51.4776], [32.7302, 51.4697], [32.7313, 51.464], [32.7212, 51.4536], [32.7156, 51.4447], [32.7102, 51.4413], [32.6886, 51.4452], [32.6697, 51.4495], [32.6444, 51.4529], [32.629, 51.4613], [32.6134, 51.4557], [32.5905, 51.4594], [32.576, 51.4559], [32.5654, 51.4596], [32.5633, 51.4526], [32.5563, 51.456], [32.5723, 51.4496], [32.6029, 51.4463], [32.6101, 51.4389], [32.5843, 51.4213], [32.5534, 51.4126], [32.5233, 51.4099], [32.515, 51.4079], [32.5128, 51.3993], [32.5104, 51.4044], [32.4983, 51.3953], [32.4783, 51.3908], [32.3882, 51.4083], [32.3959, 51.4272], [32.3815, 51.4258]]]]}, "properties": {"name": "Корюківський район", "oblast": "Чернігівська", "pct": 43.0, "eps": 2288, "own": 2104}}, {"type": "Feature", "geometry": {"type": "MultiPolygon", "coordinates": [[[[32.7916, 51.4364], [32.7829, 51.4327], [32.7661, 51.4349], [32.7326, 51.4398], [32.7296, 51.4469], [32.7238, 51.4509], [32.7298, 51.4586], [32.735, 51.4685], [32.7249, 51.4764], [32.6892, 51.4835], [32.6737, 51.48], [32.6767, 51.4701], [32.6694, 51.4844], [32.624, 51.4839], [32.625, 51.4959], [32.6196, 51.4995], [32.6093, 51.5031], [32.607, 51.5114], [32.6097, 51.5226], [32.625, 51.5226], [32.6329, 51.5232], [32.6283, 51.5382], [32.6315, 51.5423], [32.6441, 51.5451], [32.6533, 51.5457], [32.6544, 51.5563], [32.6671, 51.5566], [32.6733, 51.545], [32.6833, 51.5465], [32.7, 51.5554], [32.7401, 51.5517], [32.759, 51.5573], [32.7591, 51.562], [32.7813, 51.5745], [32.813, 51.5689], [32.8455, 51.5706], [32.8298, 51.5805], [32.8367, 51.6048], [32.8171, 51.6142], [32.8177, 51.622], [32.8073, 51.6133], [32.7859, 51.6195], [32.7681, 51.6256], [32.7672, 51.6369], [32.7486, 51.6375], [32.7196, 51.6343], [32.686, 51.6832], [32.6925, 51.6904], [32.6852, 51.7082], [32.6955, 51.7222], [32.7019, 51.7258], [32.7429, 51.7246], [32.7137, 51.7763], [32.7026, 51.8068], [32.6837, 51.8144], [32.709, 51.8171], [32.73, 51.8266], [32.7147, 51.8351], [32.7459, 51.8361], [32.7979, 51.8515], [32.8139, 51.8659], [32.8024, 51.8587], [32.7995, 51.8919], [32.7644, 51.9067], [32.7505, 51.9206], [32.7352, 51.9237], [32.6823, 51.9161], [32.6656, 51.9067], [32.6561, 51.9141], [32.6287, 51.9167], [32.6301, 51.9694], [32.5746, 51.9608], [32.5617, 51.9571], [32.5076, 51.9633], [32.4736, 51.9718], [32.4467, 51.9838], [32.4414, 51.9977], [32.4255, 51.9842], [32.4169, 51.9838], [32.4196, 51.9879], [32.4239, 51.9967], [32.4337, 52.0037], [32.4194, 52.0021], [32.3908, 52.0258], [32.3696, 52.0384], [32.3854, 52.0523], [32.3676, 52.059], [32.3495, 52.0573], [32.3346, 52.0539], [32.3043, 52.0552], [32.2851, 52.0582], [32.2748, 52.0649], [32.27, 52.0755], [32.2535, 52.0786], [32.2236, 52.0835], [32.238, 52.0871], [32.2531, 52.089], [32.2626, 52.0921], [32.2667, 52.0955], [32.2801, 52.0997], [32.2909, 52.1031], [32.2985, 52.1111], [32.2938, 52.1181], [32.297, 52.1192], [32.3171, 52.1217], [32.3299, 52.133], [32.3685, 52.1473], [32.3269, 52.1505], [32.3262, 52.1599], [32.3298, 52.1634], [32.3309, 52.1679], [32.3335, 52.1716], [32.339, 52.1763], [32.3446, 52.1953], [32.3247, 52.2151], [32.3472, 52.2415], [32.361, 52.2387], [32.3839, 52.2409], [32.3997, 52.2488], [32.3903, 52.2538], [32.3876, 52.259], [32.3828, 52.2789], [32.3634, 52.3015], [32.378, 52.3375], [32.4014, 52.338], [32.466, 52.3238], [32.5001, 52.3207], [32.5419, 52.3251], [32.5771, 52.3018], [32.6074, 52.3051], [32.6374, 52.2871], [32.6857, 52.2661], [32.7007, 52.2483], [32.7566, 52.267], [32.7727, 52.2596], [32.7991, 52.2657], [32.856, 52.2745], [32.8842, 52.2655], [32.9043, 52.2459], [32.945, 52.2647], [32.9961, 52.2719], [33.0002, 52.2813], [33.0185, 52.2935], [33.0449, 52.3138], [33.0602, 52.3299], [33.0723, 52.3267], [33.0735, 52.3218], [33.0669, 52.3135], [33.0618, 52.3063], [33.0729, 52.3075], [33.1113, 52.3258], [33.1292, 52.3415], [33.1563, 52.3388], [33.1701, 52.3689], [33.1888, 52.3795], [33.2066, 52.3733], [33.3066, 52.3502], [33.3371, 52.3518], [33.3572, 52.3585], [33.3636, 52.361], [33.3807, 52.3719], [33.4015, 52.3638], [33.4095, 52.3597], [33.4179, 52.358], [33.4111, 52.3494], [33.4038, 52.322], [33.388, 52.315], [33.4018, 52.3052], [33.3941, 52.3022], [33.3906, 52.2907], [33.382, 52.2839], [33.3861, 52.2797], [33.3772, 52.2763], [33.3866, 52.2724], [33.3824, 52.267], [33.3637, 52.2554], [33.357, 52.2517], [33.3622, 52.2382], [33.3536, 52.2221], [33.3332, 52.2155], [33.3243, 52.2214], [33.3145, 52.2159], [33.325, 52.2087], [33.3215, 52.1959], [33.3189, 52.1883], [33.3104, 52.1855], [33.3177, 52.1826], [33.3281, 52.1702], [33.3366, 52.1621], [33.3225, 52.1431], [33.343, 52.1378], [33.3434, 52.145], [33.434, 52.1088], [33.4464, 52.0897], [33.4911, 52.0833], [33.5004, 52.0389], [33.4277, 52.0243], [33.4019, 52.0509], [33.3682, 52.0418], [33.3167, 52.0314], [33.3169, 52.0176], [33.3022, 52.0148], [33.3271, 52.0082], [33.3473, 51.9986], [33.3486, 51.985], [33.3673, 51.9809], [33.3719, 51.9731], [33.3955, 51.9615], [33.3781, 51.9546], [33.3715, 51.9463], [33.3576, 51.9391], [33.3312, 51.9298], [33.3175, 51.9366], [33.2971, 51.9344], [33.292, 51.9242], [33.257, 51.9251], [33.2523, 51.9236], [33.2379, 51.9163], [33.2312, 51.9091], [33.2245, 51.9076], [33.2169, 51.9093], [33.1887, 51.9115], [33.1767, 51.9048], [33.1788, 51.8958], [33.1703, 51.8819], [33.1441, 51.8719], [33.1352, 51.8624], [33.1259, 51.8594], [33.123, 51.8449], [33.1283, 51.8438], [33.1477, 51.8179], [33.1226, 51.8103], [33.1012, 51.79], [33.0914, 51.7819], [33.0852, 51.7693], [33.0937, 51.7669], [33.0962, 51.7567], [33.1324, 51.7219], [33.1598, 51.702], [33.1642, 51.6895], [33.1452, 51.6885], [33.1652, 51.6786], [33.1477, 51.6717], [33.1406, 51.6605], [33.1298, 51.6432], [33.1543, 51.6417], [33.1585, 51.6067], [33.2223, 51.581], [33.192, 51.573], [33.158, 51.5698], [33.1576, 51.5556], [33.1883, 51.5372], [33.1921, 51.5068], [33.1558, 51.4935], [33.1395, 51.497], [33.1347, 51.4742], [33.1126, 51.4292], [33.119, 51.4044], [33.1371, 51.3954], [33.1221, 51.3807], [33.1137, 51.3863], [33.0903, 51.3878], [33.1089, 51.382], [33.1083, 51.3758], [33.1075, 51.3658], [33.0959, 51.3676], [33.0859, 51.3727], [33.0601, 51.3709], [33.0601, 51.3838], [33.0415, 51.3935], [33.057, 51.4043], [33.0451, 51.4036], [33.0167, 51.3959], [33.0431, 51.3683], [33.038, 51.3454], [33.0445, 51.3449], [33.0591, 51.3466], [33.0639, 51.3461], [33.0709, 51.3315], [33.0653, 51.3257], [33.0533, 51.3254], [33.0496, 51.3287], [33.0374, 51.3307], [33.0323, 51.3312], [33.0271, 51.3273], [33.0211, 51.325], [33.0091, 51.326], [32.9782, 51.3308], [32.961, 51.3362], [32.9746, 51.3516], [32.9859, 51.3575], [32.9919, 51.3627], [32.9586, 51.3762], [32.9473, 51.3883], [32.9445, 51.3973], [32.9239, 51.4021], [32.9137, 51.4106], [32.9074, 51.402], [32.9064, 51.3986], [32.9056, 51.4146], [32.8851, 51.4164], [32.8773, 51.4106], [32.8697, 51.4121], [32.8587, 51.4159], [32.8639, 51.422], [32.8478, 51.4203], [32.7977, 51.4348], [32.7916, 51.4364]]]]}, "properties": {"name": "Новгород-Сіверський район", "oblast": "Чернігівська", "pct": 45.1, "eps": 2136, "own": 1915}}, {"type": "Feature", "geometry": {"type": "MultiPolygon", "coordinates": [[[[31.1977, 50.7984], [31.2166, 50.7436], [31.2022, 50.7349], [31.1658, 50.7321], [31.1495, 50.737], [31.1229, 50.766], [31.071, 50.7642], [31.0147, 50.7655], [30.9487, 50.7575], [30.894, 50.7661], [30.8792, 50.7694], [30.8665, 50.7454], [30.8281, 50.7503], [30.842, 50.7558], [30.8546, 50.771], [30.8447, 50.7721], [30.835, 50.7616], [30.8002, 50.7686], [30.7695, 50.7792], [30.7546, 50.7762], [30.7395, 50.7706], [30.736, 50.784], [30.743, 50.7949], [30.7367, 50.8074], [30.7557, 50.8101], [30.7674, 50.8257], [30.771, 50.8513], [30.7757, 50.8623], [30.7376, 50.8867], [30.716, 50.8962], [30.6951, 50.9027], [30.6691, 50.9366], [30.6464, 50.9678], [30.6239, 51.0093], [30.5024, 51.0217], [30.496, 51.0528], [30.5097, 51.0725], [30.4865, 51.0946], [30.5176, 51.1114], [30.4936, 51.1327], [30.5019, 51.1764], [30.54, 51.1804], [30.5152, 51.1878], [30.5303, 51.204], [30.5303, 51.2353], [30.5587, 51.2365], [30.5399, 51.2583], [30.5721, 51.2742], [30.6131, 51.2828], [30.6178, 51.2988], [30.6152, 51.3021], [30.6015, 51.3041], [30.6153, 51.3082], [30.6243, 51.3328], [30.6485, 51.349], [30.6406, 51.3694], [30.6526, 51.3844], [30.6266, 51.4133], [30.6142, 51.4288], [30.5911, 51.4238], [30.5798, 51.447], [30.5997, 51.4599], [30.6179, 51.4599], [30.6194, 51.4709], [30.5874, 51.4825], [30.5671, 51.513], [30.5851, 51.5426], [30.5706, 51.5518], [30.5393, 51.5549], [30.5283, 51.5697], [30.5546, 51.5789], [30.5324, 51.5836], [30.5106, 51.6019], [30.5356, 51.606], [30.5574, 51.6077], [30.5348, 51.615], [30.5221, 51.6231], [30.514, 51.6412], [30.5181, 51.6632], [30.524, 51.6764], [30.5382, 51.6717], [30.5676, 51.6636], [30.5611, 51.7001], [30.5741, 51.7119], [30.6187, 51.7102], [30.627, 51.7324], [30.6498, 51.755], [30.6445, 51.765], [30.6185, 51.761], [30.6329, 51.7762], [30.6583, 51.7768], [30.6639, 51.7866], [30.6677, 51.8036], [30.6527, 51.8257], [30.6817, 51.8332], [30.7006, 51.8562], [30.7362, 51.8834], [30.7501, 51.9045], [30.8025, 51.899], [30.8247, 51.9216], [30.8129, 51.9504], [30.8213, 51.956], [30.8531, 51.9517], [30.8361, 51.96], [30.8546, 51.9692], [30.8893, 51.9699], [30.8841, 51.9823], [30.8996, 51.9842], [30.9084, 51.9921], [30.8917, 51.9987], [30.9112, 51.9953], [30.9307, 51.9957], [30.9259, 52.0064], [30.9117, 52.0115], [30.9241, 52.0154], [30.9144, 52.0235], [30.9295, 52.0265], [30.9226, 52.0336], [30.9361, 52.032], [30.9233, 52.0384], [30.9377, 52.0449], [30.9221, 52.0556], [30.9353, 52.0572], [30.9486, 52.0531], [30.9323, 52.0724], [30.9522, 52.0753], [30.9561, 52.0888], [30.9644, 52.0898], [30.9913, 52.0779], [31.0686, 52.0915], [31.1243, 52.0972], [31.1433, 52.1008], [31.1498, 52.0874], [31.155, 52.0842], [31.1918, 52.0752], [31.2116, 52.064], [31.254, 52.0427], [31.3125, 52.0863], [31.3217, 52.0994], [31.3764, 52.1188], [31.3763, 52.1337], [31.4009, 52.1405], [31.4201, 52.1395], [31.4342, 52.1411], [31.4511, 52.1404], [31.4594, 52.1288], [31.5184, 52.1254], [31.5616, 52.1206], [31.6074, 52.1116], [31.6611, 52.1164], [31.7132, 52.1075], [31.7585, 52.1044], [31.7869, 52.1115], [31.8096, 52.0989], [31.7865, 52.0647], [31.7818, 52.0556], [31.7747, 52.0476], [31.778, 52.0318], [31.7887, 52.0409], [31.8008, 52.023], [31.8015, 51.9947], [31.7784, 51.9889], [31.7586, 51.9664], [31.7962, 51.9489], [31.8073, 51.9413], [31.8013, 51.9233], [31.8161, 51.9113], [31.7863, 51.9132], [31.7292, 51.9173], [31.6638, 51.9004], [31.6952, 51.8718], [31.6744, 51.8383], [31.6566, 51.8269], [31.6353, 51.81], [31.6653, 51.7947], [31.6736, 51.7901], [31.6522, 51.7806], [31.7574, 51.7445], [31.7469, 51.7415], [31.7401, 51.7354], [31.7335, 51.7305], [31.7701, 51.7258], [31.7818, 51.7122], [31.7931, 51.685], [31.7938, 51.6603], [31.8066, 51.6393], [31.8789, 51.6077], [31.8921, 51.6018], [31.8664, 51.5785], [31.8503, 51.5217], [31.812, 51.4994], [31.8294, 51.4726], [31.8273, 51.4595], [31.8295, 51.4392], [31.8194, 51.4306], [31.8289, 51.4187], [31.834, 51.4229], [31.845, 51.4165], [31.8547, 51.4043], [31.8666, 51.3936], [31.8773, 51.3888], [31.8915, 51.3698], [31.9465, 51.3665], [31.9755, 51.3499], [31.9855, 51.363], [31.9952, 51.3599], [32.0035, 51.3483], [32.0249, 51.3272], [31.9877, 51.2977], [31.9718, 51.2962], [31.9476, 51.2906], [31.9277, 51.2924], [31.8812, 51.2401], [31.8707, 51.237], [31.8398, 51.2394], [31.8343, 51.2356], [31.7789, 51.2449], [31.7332, 51.2395], [31.7153, 51.2406], [31.656, 51.2242], [31.6022, 51.2398], [31.5707, 51.2365], [31.5262, 51.2195], [31.5247, 51.1993], [31.4902, 51.1877], [31.4715, 51.1876], [31.4318, 51.1624], [31.4264, 51.1399], [31.4187, 51.1371], [31.4214, 51.1283], [31.4152, 51.1216], [31.3894, 51.1112], [31.3824, 51.0953], [31.3148, 51.0894], [31.2819, 51.0723], [31.3164, 51.0445], [31.2866, 51.0357], [31.3003, 51.015], [31.3237, 51.0075], [31.3455, 50.9894], [31.3582, 50.9933], [31.3706, 50.9814], [31.3486, 50.9699], [31.327, 50.9568], [31.3166, 50.9488], [31.3543, 50.9364], [31.3191, 50.9276], [31.3006, 50.908], [31.3129, 50.9075], [31.3003, 50.8996], [31.3199, 50.8684], [31.2905, 50.8572], [31.2175, 50.8103], [31.1977, 50.7984]], [[30.7784, 51.5389], [30.735, 51.5484], [30.692, 51.5298], [30.6662, 51.5278], [30.6559, 51.5223], [30.6713, 51.5212], [30.7784, 51.5389]]]]}, "properties": {"name": "Чернігівський район", "oblast": "Чернігівська", "pct": 34.9, "eps": 2326, "own": 2164}}, {"type": "Feature", "geometry": {"type": "MultiPolygon", "coordinates": [[[[31.7342, 49.87], [31.6426, 49.8584], [31.6109, 49.8891], [31.5828, 49.9078], [31.5809, 49.8955], [31.5607, 49.8801], [31.5448, 49.8778], [31.5367, 49.8757], [31.517, 49.8706], [31.512, 49.8567], [31.5004, 49.8437], [31.4887, 49.8574], [31.4629, 49.8734], [31.4322, 49.899], [31.4253, 49.925], [31.4323, 49.9547], [31.4416, 49.9816], [31.3889, 49.9953], [31.3091, 49.9917], [31.2974, 49.9762], [31.2837, 49.9649], [31.2565, 49.9359], [31.1575, 49.9591], [31.1357, 49.9831], [31.1061, 49.9842], [31.047, 50.0001], [30.9722, 50.0456], [30.9637, 50.0669], [30.9278, 50.0875], [30.9154, 50.1089], [30.8816, 50.1412], [30.8489, 50.1506], [30.8242, 50.1486], [30.8005, 50.1637], [30.7741, 50.1603], [30.7594, 50.1801], [30.7423, 50.1926], [30.7446, 50.2113], [30.708, 50.2229], [30.7114, 50.251], [30.6574, 50.2668], [30.6719, 50.2772], [30.651, 50.2929], [30.6202, 50.3299], [30.6253, 50.3488], [30.6297, 50.3445], [30.6427, 50.3375], [30.6577, 50.3428], [30.6588, 50.3653], [30.6762, 50.3698], [30.6723, 50.3666], [30.6727, 50.3553], [30.6952, 50.3497], [30.7134, 50.3565], [30.7084, 50.3648], [30.7112, 50.373], [30.7116, 50.3785], [30.7206, 50.3821], [30.7271, 50.3755], [30.7622, 50.3751], [30.7806, 50.3854], [30.7766, 50.3951], [30.8132, 50.3919], [30.866, 50.4319], [30.9148, 50.4643], [30.9684, 50.4817], [31.004, 50.4702], [31.007, 50.4619], [31.0286, 50.4584], [31.0991, 50.4765], [31.1635, 50.4416], [31.2082, 50.4183], [31.2183, 50.4071], [31.2137, 50.391], [31.2018, 50.384], [31.1685, 50.3554], [31.15, 50.3399], [31.1465, 50.3104], [31.1552, 50.2991], [31.2066, 50.2848], [31.1879, 50.2033], [31.2719, 50.1886], [31.3717, 50.1755], [31.4035, 50.1658], [31.4181, 50.1868], [31.3815, 50.2256], [31.3622, 50.2672], [31.3949, 50.2716], [31.4429, 50.2464], [31.4993, 50.2432], [31.507, 50.2579], [31.5369, 50.2766], [31.5876, 50.2938], [31.5818, 50.2642], [31.6293, 50.2633], [31.6459, 50.2796], [31.6718, 50.2946], [31.6697, 50.3229], [31.6979, 50.3346], [31.7158, 50.3477], [31.7142, 50.3604], [31.7458, 50.4094], [31.7579, 50.4036], [31.7754, 50.4034], [31.9714, 50.3653], [32.0128, 50.3434], [32.0277, 50.3556], [32.0063, 50.3774], [32.0341, 50.39], [32.0671, 50.3744], [32.0769, 50.3745], [32.1066, 50.3773], [32.1602, 50.3687], [32.1525, 50.335], [32.1416, 50.3052], [32.0953, 50.2761], [32.1001, 50.242], [32.1096, 50.2294], [32.0868, 50.2222], [32.0566, 50.1882], [32.0148, 50.2061], [32.0014, 50.1948], [31.9653, 50.1519], [31.9569, 50.1417], [31.9112, 50.1015], [31.9056, 50.0573], [31.9879, 50.0514], [31.931, 50.0314], [31.906, 50.0191], [31.9087, 50.0111], [31.9165, 49.98], [31.9023, 49.9442], [31.8906, 49.963], [31.7915, 49.9306], [31.7557, 49.8934], [31.7342, 49.87]]]]}, "properties": {"name": "Бориспільський район", "oblast": "Київська", "pct": 13.8, "eps": 1211, "own": 1060}}, {"type": "Feature", "geometry": {"type": "MultiPolygon", "coordinates": [[[[29.8768, 49.1989], [29.8579, 49.1883], [29.7602, 49.1799], [29.7458, 49.223], [29.7226, 49.2314], [29.719, 49.2441], [29.6997, 49.2594], [29.6891, 49.2368], [29.6391, 49.2483], [29.6154, 49.2763], [29.6139, 49.3025], [29.6015, 49.3151], [29.5687, 49.319], [29.5369, 49.324], [29.518, 49.3626], [29.5023, 49.3859], [29.5051, 49.395], [29.5592, 49.4174], [29.5928, 49.444], [29.5614, 49.4627], [29.551, 49.4895], [29.5836, 49.4953], [29.5843, 49.5065], [29.5502, 49.5193], [29.5443, 49.5329], [29.5385, 49.5423], [29.5055, 49.5973], [29.5091, 49.6192], [29.5333, 49.63], [29.5205, 49.6457], [29.4878, 49.67], [29.4972, 49.7132], [29.4447, 49.732], [29.445, 49.7888], [29.4711, 49.8157], [29.4883, 49.8087], [29.4963, 49.8161], [29.5071, 49.8353], [29.5492, 49.8284], [29.573, 49.8399], [29.5999, 49.8459], [29.6259, 49.8606], [29.6524, 49.8652], [29.7004, 49.9061], [29.8255, 49.8777], [29.8672, 49.8901], [29.8856, 49.894], [29.895, 49.8959], [29.9441, 49.9336], [29.9701, 49.9406], [29.9807, 49.9682], [29.9369, 49.9954], [29.9256, 50.0106], [29.9271, 50.0384], [29.9945, 50.0352], [30.0767, 50.0179], [30.1, 50.0226], [30.097, 50.0509], [30.1288, 50.1006], [30.1798, 50.1108], [30.2174, 50.1047], [30.2519, 50.0772], [30.2738, 50.0436], [30.3015, 50.0148], [30.3392, 49.9947], [30.3929, 49.9909], [30.4424, 49.9911], [30.48, 49.9698], [30.5145, 49.9369], [30.5284, 49.9346], [30.5443, 49.913], [30.5867, 49.8864], [30.5763, 49.8769], [30.5706, 49.8657], [30.5418, 49.8257], [30.6686, 49.8325], [30.7176, 49.7896], [30.7071, 49.7383], [30.7251, 49.7066], [30.7417, 49.6992], [30.7365, 49.6863], [30.6989, 49.6388], [30.7187, 49.6325], [30.722, 49.6043], [30.707, 49.6098], [30.6987, 49.5997], [30.6851, 49.6005], [30.6694, 49.5965], [30.6438, 49.5971], [30.6307, 49.5997], [30.6221, 49.6169], [30.6202, 49.6167], [30.6264, 49.5978], [30.6593, 49.5821], [30.6587, 49.566], [30.6842, 49.5429], [30.7011, 49.5118], [30.7358, 49.4887], [30.7608, 49.4674], [30.756, 49.4563], [30.7926, 49.4559], [30.7969, 49.4448], [30.9006, 49.4365], [30.9238, 49.433], [30.9201, 49.4154], [30.9276, 49.3921], [30.9228, 49.3819], [30.8968, 49.3627], [30.8764, 49.3572], [30.8405, 49.354], [30.7985, 49.3541], [30.7296, 49.3323], [30.6764, 49.3549], [30.6624, 49.354], [30.6372, 49.3557], [30.57, 49.3543], [30.5459, 49.3358], [30.5368, 49.3275], [30.4721, 49.3655], [30.4377, 49.3493], [30.4123, 49.3301], [30.3985, 49.303], [30.3752, 49.2368], [30.366, 49.2464], [30.257, 49.272], [30.1993, 49.3278], [30.1364, 49.3302], [30.1248, 49.3095], [30.1138, 49.3088], [30.121, 49.292], [30.1194, 49.2795], [30.0892, 49.2863], [30.0866, 49.3122], [30.0662, 49.3261], [30.0107, 49.327], [29.9602, 49.3078], [29.9536, 49.2891], [29.9526, 49.2505], [29.922, 49.2321], [29.9035, 49.221], [29.8968, 49.2047], [29.8768, 49.1989]]]]}, "properties": {"name": "Білоцерківський район", "oblast": "Київська", "pct": 11.5, "eps": 978, "own": 742}}, {"type": "Feature", "geometry": {"type": "MultiPolygon", "coordinates": [[[[30.528, 50.5647], [30.5136, 50.5768], [30.4841, 50.5678], [30.4645, 50.5717], [30.3708, 50.5865], [30.3153, 50.5713], [30.286, 50.5894], [30.313, 50.6026], [30.3295, 50.5992], [30.3165, 50.608], [30.2973, 50.6197], [30.281, 50.6339], [30.2843, 50.6457], [30.2825, 50.6632], [30.304, 50.6817], [30.2644, 50.7144], [30.1829, 50.7133], [30.1067, 50.7154], [30.1103, 50.6911], [30.0805, 50.6991], [30.0434, 50.7296], [30.0472, 50.7548], [30.0598, 50.7762], [30.0498, 50.7728], [29.9989, 50.7711], [29.96, 50.7548], [29.9167, 50.7727], [29.9046, 50.7792], [29.9083, 50.7632], [29.9039, 50.7483], [29.8926, 50.7737], [29.8731, 50.7949], [29.8364, 50.7863], [29.8207, 50.7743], [29.7946, 50.7726], [29.7686, 50.7724], [29.6493, 50.7636], [29.6064, 50.7812], [29.5876, 50.7762], [29.5704, 50.7769], [29.5583, 50.7726], [29.545, 50.7754], [29.5326, 50.7753], [29.505, 50.7652], [29.4886, 50.7706], [29.4775, 50.7741], [29.5097, 50.7837], [29.5204, 50.7933], [29.4918, 50.8059], [29.4933, 50.8141], [29.5497, 50.8132], [29.5294, 50.8245], [29.5146, 50.8795], [29.471, 50.9029], [29.436, 50.9455], [29.4122, 50.9802], [29.4743, 50.9787], [29.4682, 51.01], [29.4754, 51.0297], [29.4971, 51.0712], [29.4596, 51.0884], [29.3494, 51.16], [29.3216, 51.126], [29.3028, 51.1679], [29.2795, 51.2307], [29.3042, 51.2712], [29.3214, 51.2746], [29.3294, 51.2712], [29.3854, 51.3086], [29.3924, 51.3454], [29.3571, 51.3877], [29.3754, 51.401], [29.4241, 51.4139], [29.5068, 51.4128], [29.5182, 51.4278], [29.5147, 51.4468], [29.5325, 51.4711], [29.575, 51.4624], [29.6063, 51.4748], [29.6168, 51.4926], [29.6318, 51.5056], [29.6448, 51.4997], [29.671, 51.5107], [29.7085, 51.521], [29.7368, 51.5304], [29.7442, 51.4987], [29.7343, 51.4773], [29.7399, 51.4594], [29.7907, 51.4583], [29.8433, 51.4568], [29.8748, 51.4436], [29.8847, 51.4629], [29.8812, 51.4762], [29.9006, 51.4838], [29.9245, 51.4898], [29.9523, 51.4741], [29.9725, 51.4834], [29.9907, 51.4814], [30.0121, 51.4913], [30.014, 51.5033], [30.0494, 51.4976], [30.0751, 51.4961], [30.1258, 51.4898], [30.1306, 51.5062], [30.1623, 51.489], [30.214, 51.4936], [30.2709, 51.4694], [30.2989, 51.4558], [30.3222, 51.4343], [30.3593, 51.3795], [30.3338, 51.3533], [30.4214, 51.3045], [30.4599, 51.2995], [30.4608, 51.2852], [30.4572, 51.2751], [30.5157, 51.2759], [30.5399, 51.2626], [30.5553, 51.2503], [30.5466, 51.2295], [30.5029, 51.2258], [30.5155, 51.1897], [30.5355, 51.1843], [30.5256, 51.174], [30.4918, 51.1387], [30.5095, 51.1212], [30.4901, 51.0978], [30.5054, 51.0774], [30.5044, 51.0595], [30.5013, 51.0326], [30.6037, 51.0101], [30.6504, 50.9856], [30.6612, 50.9516], [30.6834, 50.9009], [30.7144, 50.8992], [30.7324, 50.8952], [30.7566, 50.8784], [30.7669, 50.8718], [30.7711, 50.8528], [30.7764, 50.8285], [30.7697, 50.8144], [30.7315, 50.8164], [30.7446, 50.8052], [30.7432, 50.787], [30.7379, 50.7803], [30.7467, 50.7737], [30.7222, 50.7406], [30.7165, 50.7273], [30.6802, 50.7156], [30.6778, 50.6892], [30.6997, 50.6575], [30.6695, 50.6458], [30.6487, 50.6219], [30.6271, 50.6099], [30.6418, 50.6001], [30.6124, 50.5861], [30.5736, 50.5828], [30.593, 50.5735], [30.5734, 50.5603], [30.5576, 50.5583], [30.5626, 50.5458], [30.5365, 50.5561], [30.528, 50.5647]]], [[[30.7784, 51.5389], [30.6713, 51.5212], [30.6559, 51.5223], [30.6662, 51.5278], [30.692, 51.5298], [30.735, 51.5484], [30.7784, 51.5389]]]]}, "properties": {"name": "Вишгородський район", "oblast": "Київська", "pct": 16.1, "eps": 1328, "own": 1203}}, {"type": "Feature", "geometry": {"type": "MultiPolygon", "coordinates": [[[[31.0065, 49.448], [30.9634, 49.4242], [30.9238, 49.433], [30.9006, 49.4365], [30.7969, 49.4448], [30.7926, 49.4559], [30.756, 49.4563], [30.7608, 49.4674], [30.7358, 49.4887], [30.7011, 49.5118], [30.6842, 49.5429], [30.6587, 49.566], [30.6593, 49.5821], [30.6267, 49.5972], [30.6202, 49.6167], [30.6221, 49.6169], [30.6307, 49.5997], [30.6438, 49.5971], [30.6694, 49.5965], [30.6851, 49.6005], [30.6987, 49.5997], [30.707, 49.6098], [30.722, 49.6043], [30.7187, 49.6325], [30.6989, 49.6388], [30.7365, 49.6863], [30.7417, 49.6992], [30.7251, 49.7066], [30.7071, 49.7383], [30.7176, 49.7896], [30.6686, 49.8325], [30.5418, 49.8257], [30.5706, 49.8657], [30.5763, 49.8769], [30.5867, 49.8864], [30.5443, 49.913], [30.5284, 49.9346], [30.5145, 49.9369], [30.48, 49.9698], [30.4424, 49.9911], [30.3929, 49.9909], [30.3392, 49.9947], [30.3015, 50.0148], [30.2738, 50.0436], [30.2519, 50.0772], [30.2174, 50.1047], [30.2193, 50.128], [30.2057, 50.14], [30.2052, 50.1501], [30.2445, 50.1475], [30.2404, 50.1803], [30.2081, 50.1796], [30.2346, 50.2015], [30.2297, 50.2184], [30.2518, 50.2158], [30.2835, 50.1883], [30.2966, 50.188], [30.3018, 50.1998], [30.3072, 50.2017], [30.294, 50.2249], [30.322, 50.2338], [30.3385, 50.2202], [30.3292, 50.2139], [30.3271, 50.2095], [30.3262, 50.2027], [30.3406, 50.1955], [30.3341, 50.1829], [30.3422, 50.1728], [30.3617, 50.1753], [30.3801, 50.1667], [30.4165, 50.1974], [30.4, 50.2242], [30.397, 50.229], [30.3902, 50.244], [30.3863, 50.2567], [30.3918, 50.2776], [30.3918, 50.2934], [30.4079, 50.2963], [30.4386, 50.3028], [30.417, 50.3195], [30.4382, 50.3345], [30.4745, 50.3417], [30.4777, 50.3374], [30.4852, 50.3339], [30.4884, 50.3268], [30.5165, 50.321], [30.534, 50.3014], [30.5464, 50.291], [30.5536, 50.27], [30.5531, 50.2589], [30.5867, 50.2439], [30.5894, 50.2153], [30.6369, 50.2353], [30.6337, 50.2469], [30.6264, 50.2631], [30.6109, 50.2751], [30.6391, 50.2736], [30.6574, 50.2668], [30.7044, 50.2559], [30.7105, 50.2275], [30.7145, 50.2152], [30.7501, 50.2041], [30.7498, 50.1838], [30.7707, 50.1634], [30.7967, 50.1636], [30.8176, 50.1522], [30.8414, 50.1475], [30.8685, 50.143], [30.8964, 50.1296], [30.9231, 50.0947], [30.9577, 50.0758], [30.9636, 50.0544], [31.0113, 50.0202], [31.085, 49.9805], [31.131, 49.9857], [31.1445, 49.9684], [31.2259, 49.9404], [31.2807, 49.9482], [31.2954, 49.9767], [31.3163, 49.9758], [31.2957, 49.9574], [31.3507, 49.9507], [31.3509, 49.9364], [31.374, 49.8987], [31.3487, 49.8959], [31.2924, 49.8836], [31.2449, 49.8659], [31.2089, 49.8137], [31.1895, 49.7896], [31.2126, 49.7564], [31.2175, 49.7372], [31.2024, 49.7105], [31.2202, 49.6938], [31.2093, 49.6894], [31.2017, 49.6865], [31.202, 49.6748], [31.1377, 49.6034], [31.1276, 49.5829], [31.1386, 49.5711], [31.1534, 49.556], [31.1211, 49.5601], [31.107, 49.5491], [31.0992, 49.5409], [31.0987, 49.5258], [31.0945, 49.515], [31.0936, 49.5052], [31.0946, 49.4978], [31.0843, 49.4896], [31.0481, 49.4783], [31.0399, 49.4677], [31.0457, 49.4567], [31.0298, 49.4719], [31.0065, 49.448]]]]}, "properties": {"name": "Обухівський район", "oblast": "Київська", "pct": 12.4, "eps": 1078, "own": 886}}, {"type": "Feature", "geometry": {"type": "MultiPolygon", "coordinates": [[[[31.6688, 50.32], [31.6729, 50.2864], [31.6458, 50.2732], [31.604, 50.2568], [31.5876, 50.2799], [31.5614, 50.3043], [31.5131, 50.275], [31.4959, 50.2517], [31.4889, 50.2387], [31.4199, 50.2591], [31.3799, 50.2784], [31.3797, 50.2464], [31.3983, 50.2195], [31.4204, 50.1734], [31.3964, 50.1659], [31.3471, 50.1759], [31.2124, 50.1889], [31.1906, 50.2061], [31.1866, 50.295], [31.1555, 50.3062], [31.1453, 50.3282], [31.1505, 50.3432], [31.1763, 50.3617], [31.2142, 50.3819], [31.2176, 50.3977], [31.2115, 50.4107], [31.2246, 50.4224], [31.1635, 50.4416], [31.0991, 50.4765], [31.0286, 50.4584], [31.007, 50.4619], [31.004, 50.4702], [30.9684, 50.4817], [30.9148, 50.4643], [30.866, 50.4319], [30.8103, 50.4106], [30.7957, 50.4176], [30.8026, 50.4235], [30.7766, 50.4432], [30.7547, 50.4616], [30.7518, 50.4675], [30.7413, 50.469], [30.7479, 50.4837], [30.7492, 50.4877], [30.7376, 50.499], [30.7578, 50.5078], [30.761, 50.5123], [30.8234, 50.5372], [30.814, 50.5583], [30.7964, 50.5705], [30.7665, 50.5839], [30.7172, 50.59], [30.714, 50.5557], [30.6812, 50.5558], [30.6541, 50.5342], [30.5742, 50.5472], [30.5694, 50.55], [30.5623, 50.5628], [30.5933, 50.5713], [30.575, 50.5794], [30.5982, 50.5925], [30.6411, 50.5951], [30.6288, 50.6037], [30.6343, 50.6118], [30.6564, 50.6333], [30.6693, 50.6498], [30.6992, 50.6615], [30.6734, 50.7137], [30.6977, 50.7215], [30.7162, 50.7304], [30.7393, 50.7653], [30.7695, 50.7792], [30.8002, 50.7686], [30.835, 50.7616], [30.8447, 50.7721], [30.8546, 50.771], [30.842, 50.7558], [30.8281, 50.7503], [30.8364, 50.7448], [30.8792, 50.7694], [30.894, 50.7661], [30.9487, 50.7575], [31.0147, 50.7655], [31.071, 50.7642], [31.1229, 50.766], [31.1495, 50.737], [31.1643, 50.7254], [31.2051, 50.7072], [31.2242, 50.6679], [31.2011, 50.6496], [31.2262, 50.627], [31.2276, 50.6128], [31.1673, 50.595], [31.2159, 50.575], [31.2411, 50.5686], [31.2498, 50.5571], [31.2537, 50.5437], [31.3189, 50.5265], [31.341, 50.5101], [31.3788, 50.5287], [31.4173, 50.5022], [31.4525, 50.5058], [31.4852, 50.5176], [31.5099, 50.5231], [31.5211, 50.523], [31.5316, 50.5272], [31.5542, 50.5189], [31.5698, 50.5221], [31.6423, 50.5278], [31.6456, 50.5504], [31.6681, 50.5495], [31.7779, 50.5763], [31.7841, 50.6055], [31.8101, 50.6222], [31.868, 50.6171], [31.887, 50.6095], [31.9132, 50.5976], [31.9275, 50.5807], [31.9451, 50.5575], [31.9603, 50.5418], [32.063, 50.541], [32.0628, 50.5115], [32.0082, 50.4867], [31.9937, 50.4949], [31.9846, 50.4867], [31.9742, 50.4891], [31.9709, 50.4824], [31.9784, 50.4814], [32.024, 50.4579], [32.0429, 50.4099], [32.0981, 50.4159], [32.0837, 50.3866], [32.0748, 50.3729], [32.0531, 50.3833], [32.01, 50.3901], [32.0139, 50.3714], [32.0366, 50.3468], [32.0128, 50.3434], [31.9714, 50.3653], [31.7754, 50.4034], [31.7579, 50.4036], [31.7474, 50.4096], [31.7363, 50.3937], [31.7188, 50.3509], [31.7014, 50.3367], [31.6824, 50.327], [31.6688, 50.32]]], [[[30.7323, 50.5122], [30.7238, 50.5111], [30.7223, 50.5222], [30.7457, 50.5237], [30.747, 50.5173], [30.7323, 50.5122]]]]}, "properties": {"name": "Броварський район", "oblast": "Київська", "pct": 14.6, "eps": 1284, "own": 1164}}, {"type": "Feature", "geometry": {"type": "MultiPolygon", "coordinates": [[[[30.3376, 50.4856], [30.3201, 50.4907], [30.3196, 50.4957], [30.3384, 50.497], [30.3376, 50.4856]]], [[[30.4292, 50.3793], [30.3842, 50.3627], [30.3583, 50.3522], [30.3609, 50.3612], [30.3064, 50.3502], [30.2728, 50.3476], [30.2455, 50.3371], [30.1643, 50.3503], [30.1318, 50.3493], [30.0918, 50.3302], [30.0696, 50.3422], [30.0812, 50.3577], [30.0564, 50.3761], [30.0266, 50.3879], [29.9939, 50.4006], [29.9714, 50.4028], [29.9937, 50.3895], [29.9855, 50.3491], [29.9207, 50.3423], [29.9099, 50.3031], [29.8866, 50.2975], [29.8616, 50.3023], [29.7968, 50.3194], [29.7645, 50.3441], [29.6923, 50.3245], [29.6442, 50.3234], [29.6224, 50.3459], [29.6349, 50.37], [29.6249, 50.3692], [29.6169, 50.3654], [29.5908, 50.3752], [29.5894, 50.4018], [29.4827, 50.405], [29.443, 50.4188], [29.4714, 50.4222], [29.4967, 50.4355], [29.4744, 50.4497], [29.4463, 50.4529], [29.4824, 50.4606], [29.4993, 50.4691], [29.5029, 50.4849], [29.5061, 50.5007], [29.4587, 50.5168], [29.4663, 50.5255], [29.4615, 50.5324], [29.4593, 50.5405], [29.4921, 50.5441], [29.4989, 50.5594], [29.4973, 50.5794], [29.4747, 50.6081], [29.4784, 50.6275], [29.4886, 50.6467], [29.4821, 50.6575], [29.4904, 50.663], [29.5024, 50.6584], [29.5314, 50.6675], [29.5288, 50.678], [29.5389, 50.6823], [29.5408, 50.686], [29.5485, 50.6918], [29.5557, 50.6927], [29.5696, 50.6955], [29.5861, 50.709], [29.5963, 50.7315], [29.5915, 50.7285], [29.587, 50.7387], [29.5858, 50.7431], [29.5818, 50.7491], [29.5766, 50.7561], [29.5687, 50.7628], [29.5726, 50.7695], [29.5729, 50.7751], [29.5762, 50.7773], [29.5996, 50.7843], [29.6096, 50.7709], [29.765, 50.7682], [29.7803, 50.7715], [29.8112, 50.773], [29.8293, 50.7815], [29.8474, 50.7882], [29.8983, 50.7806], [29.8977, 50.7509], [29.9064, 50.7589], [29.9033, 50.7786], [29.9183, 50.7749], [29.9231, 50.7544], [29.9815, 50.7765], [30.0231, 50.7725], [30.0572, 50.7771], [30.0499, 50.7639], [30.0578, 50.7413], [30.0789, 50.7071], [30.0962, 50.6915], [30.104, 50.7071], [30.171, 50.7103], [30.2177, 50.7187], [30.3107, 50.6863], [30.2964, 50.6682], [30.2805, 50.6556], [30.275, 50.6403], [30.2903, 50.6209], [30.3012, 50.6099], [30.3301, 50.6019], [30.313, 50.6026], [30.2839, 50.5959], [30.3033, 50.5805], [30.327, 50.5645], [30.3415, 50.5572], [30.332, 50.5532], [30.329, 50.5494], [30.3109, 50.5551], [30.2974, 50.5516], [30.3045, 50.5438], [30.2903, 50.529], [30.2731, 50.5209], [30.2595, 50.5098], [30.2652, 50.4937], [30.253, 50.4867], [30.2559, 50.4722], [30.24, 50.4524], [30.2461, 50.4394], [30.2374, 50.4315], [30.2503, 50.4259], [30.2692, 50.4263], [30.2818, 50.4429], [30.3497, 50.4457], [30.351, 50.445], [30.3664, 50.4246], [30.371, 50.42], [30.418, 50.3964], [30.4261, 50.3912], [30.4351, 50.3759], [30.4292, 50.3793]]]]}, "properties": {"name": "Бучанський район", "oblast": "Київська", "pct": 12.6, "eps": 1084, "own": 886}}, {"type": "Feature", "geometry": {"type": "MultiPolygon", "coordinates": [[[[29.7843, 49.9004], [29.6464, 49.8779], [29.633, 49.8863], [29.665, 49.9109], [29.7243, 49.9412], [29.7315, 49.9635], [29.7132, 49.9678], [29.6959, 49.9898], [29.6988, 50.0055], [29.6933, 50.0062], [29.6767, 50.0301], [29.6958, 50.0678], [29.6692, 50.1141], [29.6574, 50.1244], [29.6843, 50.1566], [29.6504, 50.1731], [29.6495, 50.1868], [29.6837, 50.2195], [29.6901, 50.229], [29.6891, 50.2402], [29.6764, 50.2551], [29.6723, 50.2677], [29.6719, 50.2782], [29.6893, 50.2845], [29.6808, 50.3116], [29.717, 50.3159], [29.7654, 50.3552], [29.8124, 50.3079], [29.88, 50.3001], [29.892, 50.3037], [29.925, 50.3186], [29.9537, 50.3393], [29.9964, 50.3871], [29.9815, 50.3973], [29.9959, 50.4042], [30.0262, 50.3953], [30.0343, 50.3779], [30.0791, 50.3604], [30.0634, 50.3477], [30.0883, 50.3256], [30.1142, 50.3457], [30.1548, 50.3488], [30.2419, 50.3177], [30.2656, 50.3503], [30.2948, 50.3573], [30.3399, 50.3757], [30.3579, 50.3553], [30.3711, 50.3587], [30.4123, 50.3712], [30.4301, 50.3718], [30.4378, 50.36], [30.4549, 50.3598], [30.4673, 50.3585], [30.4682, 50.3526], [30.4745, 50.3417], [30.4382, 50.3345], [30.417, 50.3195], [30.4386, 50.3028], [30.4079, 50.2963], [30.3918, 50.2934], [30.3918, 50.2776], [30.3863, 50.2567], [30.3902, 50.244], [30.397, 50.229], [30.4, 50.2242], [30.4165, 50.1974], [30.3801, 50.1667], [30.3617, 50.1753], [30.3422, 50.1728], [30.3341, 50.1829], [30.3406, 50.1955], [30.3262, 50.2027], [30.3271, 50.2095], [30.3292, 50.2139], [30.3385, 50.2202], [30.322, 50.2338], [30.294, 50.2249], [30.3072, 50.2017], [30.3018, 50.1998], [30.2966, 50.188], [30.2835, 50.1883], [30.2518, 50.2158], [30.2298, 50.2186], [30.2346, 50.2015], [30.2081, 50.1796], [30.2404, 50.1803], [30.2445, 50.1475], [30.2052, 50.1501], [30.2057, 50.14], [30.1798, 50.1108], [30.1288, 50.1006], [30.097, 50.0509], [30.1, 50.0226], [30.0767, 50.0179], [29.9945, 50.0352], [29.9271, 50.0384], [29.9256, 50.0106], [29.9364, 50.004], [29.9623, 49.9803], [29.9841, 49.9537], [29.955, 49.9378], [29.8927, 49.9], [29.8947, 49.892], [29.8777, 49.8931], [29.8715, 49.8889], [29.7843, 49.9004]]]]}, "properties": {"name": "Фастівський район", "oblast": "Київська", "pct": 11.5, "eps": 1000, "own": 779}}, {"type": "Feature", "geometry": {"type": "MultiPolygon", "coordinates": [[[[26.57, 48.2198], [26.5487, 48.2242], [26.5395, 48.2145], [26.518, 48.2383], [26.4872, 48.287], [26.4706, 48.3459], [26.4158, 48.3596], [26.4051, 48.3371], [26.3877, 48.3502], [26.3791, 48.3584], [26.3591, 48.3512], [26.2967, 48.347], [26.2487, 48.3479], [26.231, 48.3302], [26.2051, 48.3458], [26.2162, 48.3542], [26.2233, 48.3874], [26.1784, 48.436], [26.0929, 48.4626], [26.0676, 48.4979], [26.086, 48.4845], [26.1071, 48.4856], [26.1021, 48.4951], [26.1015, 48.5089], [26.0969, 48.5154], [26.1072, 48.5279], [26.1265, 48.5504], [26.1233, 48.5705], [26.105, 48.59], [26.1011, 48.6127], [26.1265, 48.6161], [26.1446, 48.5663], [26.1657, 48.5288], [26.2292, 48.5303], [26.2827, 48.5344], [26.3079, 48.5084], [26.3552, 48.5078], [26.3853, 48.5314], [26.433, 48.5346], [26.4897, 48.5429], [26.5023, 48.5209], [26.5539, 48.4593], [26.617, 48.4545], [26.6081, 48.4948], [26.6278, 48.5088], [26.6514, 48.4883], [26.7009, 48.4861], [26.712, 48.5039], [26.6805, 48.524], [26.6513, 48.5412], [26.6206, 48.5387], [26.6225, 48.5548], [26.6766, 48.5532], [26.7165, 48.5299], [26.7427, 48.5464], [26.7239, 48.5745], [26.7228, 48.5865], [26.7501, 48.5748], [26.7706, 48.5455], [26.7948, 48.5671], [26.7797, 48.5975], [26.8149, 48.6103], [26.8257, 48.5971], [26.8244, 48.5758], [26.8831, 48.5413], [26.9052, 48.5506], [26.9391, 48.5763], [26.9724, 48.5824], [26.9925, 48.5827], [27.0037, 48.5692], [27.1078, 48.5573], [27.1665, 48.5821], [27.2174, 48.5675], [27.2582, 48.5702], [27.2592, 48.5886], [27.2405, 48.6167], [27.2746, 48.6248], [27.3024, 48.6036], [27.341, 48.6101], [27.3529, 48.6291], [27.4032, 48.6211], [27.4781, 48.5506], [27.4793, 48.5056], [27.5201, 48.4702], [27.4908, 48.4582], [27.4622, 48.4337], [27.4252, 48.4114], [27.3962, 48.4127], [27.3785, 48.4152], [27.3628, 48.4427], [27.354, 48.4405], [27.3383, 48.442], [27.3154, 48.4333], [27.2969, 48.4085], [27.2499, 48.3755], [27.2133, 48.3909], [27.168, 48.3807], [27.1549, 48.3777], [27.1025, 48.4006], [27.0692, 48.4325], [27.0643, 48.4221], [27.0371, 48.4234], [27.0122, 48.4229], [27.0264, 48.4178], [27.0472, 48.3788], [27.0046, 48.3802], [27.0005, 48.365], [26.9307, 48.3689], [26.8946, 48.3836], [26.8917, 48.4057], [26.8728, 48.4198], [26.775, 48.4183], [26.7539, 48.3988], [26.7394, 48.38], [26.765, 48.3537], [26.798, 48.3457], [26.8268, 48.3248], [26.8267, 48.3158], [26.8256, 48.3042], [26.7788, 48.299], [26.7612, 48.3187], [26.7342, 48.3184], [26.6898, 48.3449], [26.6758, 48.3174], [26.6488, 48.2989], [26.6163, 48.2744], [26.6279, 48.2467], [26.6149, 48.2482], [26.596, 48.2386], [26.5876, 48.2458], [26.5687, 48.2309], [26.57, 48.2198]]]]}, "properties": {"name": "Дністровський район", "oblast": "Чернівецька", "pct": 1.8, "eps": 232, "own": 158}}, {"type": "Feature", "geometry": {"type": "MultiPolygon", "coordinates": [[[[25.634, 47.9493], [25.4981, 47.9326], [25.4096, 47.9422], [25.3605, 47.9682], [25.3551, 47.9939], [25.3631, 48.0131], [25.344, 48.0266], [25.3278, 48.039], [25.3296, 48.0483], [25.3451, 48.0524], [25.3653, 48.0686], [25.3784, 48.0812], [25.3753, 48.0968], [25.3865, 48.1142], [25.4484, 48.1204], [25.4741, 48.1212], [25.471, 48.1419], [25.4686, 48.149], [25.4663, 48.1637], [25.4527, 48.1781], [25.4654, 48.1918], [25.465, 48.2081], [25.4701, 48.223], [25.4788, 48.2499], [25.4904, 48.2564], [25.5202, 48.2654], [25.5585, 48.2522], [25.5802, 48.2606], [25.5951, 48.2569], [25.6121, 48.2975], [25.6476, 48.3118], [25.6521, 48.3419], [25.6611, 48.3542], [25.6395, 48.3716], [25.6191, 48.3843], [25.6122, 48.3947], [25.618, 48.4029], [25.601, 48.4118], [25.6062, 48.4524], [25.5997, 48.4795], [25.5997, 48.5055], [25.6082, 48.5272], [25.6031, 48.5514], [25.5975, 48.5656], [25.5867, 48.59], [25.5841, 48.6307], [25.605, 48.6519], [25.6277, 48.6731], [25.7203, 48.6562], [25.7402, 48.6333], [25.7552, 48.6609], [25.7876, 48.6741], [25.8128, 48.6609], [25.8571, 48.614], [25.8497, 48.5976], [25.901, 48.5882], [25.9384, 48.5931], [25.9842, 48.6208], [26.0219, 48.61], [26.0296, 48.6334], [26.0447, 48.6481], [26.063, 48.6312], [26.0655, 48.611], [26.0549, 48.5936], [26.0462, 48.5826], [26.0814, 48.556], [26.1181, 48.5436], [26.0983, 48.5277], [26.1037, 48.5114], [26.0973, 48.5091], [26.109, 48.4899], [26.1032, 48.4837], [26.0799, 48.4824], [26.0667, 48.4936], [26.1187, 48.4699], [26.1868, 48.4294], [26.2038, 48.3754], [26.2066, 48.3511], [26.2055, 48.3389], [26.2308, 48.3317], [26.2631, 48.3622], [26.3227, 48.3649], [26.3605, 48.3573], [26.3829, 48.3583], [26.388, 48.3355], [26.4024, 48.3394], [26.4172, 48.3606], [26.4862, 48.318], [26.5113, 48.2614], [26.5227, 48.2131], [26.4898, 48.2174], [26.4654, 48.2154], [26.4558, 48.2059], [26.436, 48.1995], [26.4347, 48.1944], [26.4138, 48.1938], [26.3803, 48.1905], [26.3714, 48.1955], [26.3563, 48.1857], [26.3465, 48.1889], [26.3318, 48.1834], [26.3337, 48.1679], [26.329, 48.1532], [26.2853, 48.1136], [26.2785, 48.0957], [26.239, 48.0645], [26.1999, 48.0092], [26.1398, 47.9845], [26.1036, 47.9787], [25.9524, 47.9705], [25.9148, 47.9774], [25.8787, 47.9629], [25.826, 47.9639], [25.7375, 47.9423], [25.713, 47.9404], [25.6568, 47.9489], [25.634, 47.9493]]]]}, "properties": {"name": "Чернівецький район", "oblast": "Чернівецька", "pct": 1.6, "eps": 218, "own": 144}}, {"type": "Feature", "geometry": {"type": "MultiPolygon", "coordinates": [[[[25.2006, 47.8443], [25.1797, 47.8188], [25.1707, 47.8047], [25.1531, 47.7895], [25.1342, 47.7826], [25.1156, 47.755], [25.0887, 47.7492], [25.0637, 47.7404], [25.043, 47.7331], [25.0256, 47.7325], [25.0017, 47.7276], [24.9467, 47.7294], [24.9266, 47.7502], [24.9469, 47.7948], [24.9676, 47.8168], [24.9805, 47.8261], [24.9879, 47.8436], [24.9811, 47.8598], [24.9709, 47.8761], [24.9549, 47.8877], [24.9446, 47.897], [24.9593, 47.9035], [24.96, 47.9113], [24.9512, 47.9221], [24.9333, 47.9357], [24.9191, 47.953], [24.9176, 47.9568], [24.9226, 47.9654], [24.9123, 47.9808], [24.9117, 48.001], [24.9196, 48.0112], [24.9122, 48.0286], [24.9334, 48.0403], [24.9596, 48.0635], [24.9739, 48.0753], [24.9932, 48.0922], [24.9801, 48.1127], [25.0026, 48.1202], [25.0355, 48.1117], [25.0388, 48.1281], [25.0654, 48.1324], [25.0646, 48.1556], [25.0886, 48.1608], [25.0831, 48.1712], [25.1064, 48.1861], [25.1305, 48.1788], [25.1396, 48.1951], [25.1137, 48.2121], [25.1079, 48.2231], [25.1265, 48.2359], [25.1736, 48.246], [25.1942, 48.2599], [25.2049, 48.2701], [25.2135, 48.2788], [25.2301, 48.2947], [25.2409, 48.3088], [25.2553, 48.3229], [25.2712, 48.3278], [25.273, 48.3337], [25.2911, 48.3471], [25.3772, 48.3893], [25.4135, 48.3931], [25.4444, 48.4008], [25.4715, 48.4007], [25.5043, 48.3987], [25.5278, 48.3953], [25.5462, 48.3822], [25.5783, 48.3815], [25.6, 48.3758], [25.6395, 48.3716], [25.6611, 48.3542], [25.6521, 48.3419], [25.6476, 48.3118], [25.6121, 48.2975], [25.5951, 48.2569], [25.5802, 48.2606], [25.5585, 48.2522], [25.5202, 48.2654], [25.4904, 48.2564], [25.4788, 48.2499], [25.4701, 48.223], [25.465, 48.2081], [25.4654, 48.1918], [25.4527, 48.1781], [25.4663, 48.1637], [25.4686, 48.149], [25.471, 48.1419], [25.4741, 48.1212], [25.4484, 48.1204], [25.3865, 48.1142], [25.3753, 48.0968], [25.3784, 48.0812], [25.3653, 48.0686], [25.3451, 48.0524], [25.3268, 48.0419], [25.3304, 48.0355], [25.3603, 48.0202], [25.3596, 48.0019], [25.3458, 47.9796], [25.383, 47.9554], [25.4434, 47.9265], [25.3113, 47.9143], [25.2439, 47.8949], [25.2292, 47.8923], [25.2219, 47.8693], [25.2005, 47.849], [25.2006, 47.8443]]]]}, "properties": {"name": "Вижницький район", "oblast": "Чернівецька", "pct": 1.6, "eps": 216, "own": 141}}, {"type": "Feature", "geometry": {"type": "MultiPolygon", "coordinates": [[[[37.6704, 49.4919], [37.6422, 49.4556], [37.6336, 49.4491], [37.5945, 49.4402], [37.5697, 49.4344], [37.5223, 49.4511], [37.4958, 49.4679], [37.4705, 49.4824], [37.4591, 49.4854], [37.4232, 49.511], [37.4018, 49.515], [37.3799, 49.5174], [37.3365, 49.5352], [37.1987, 49.5445], [37.1736, 49.5628], [37.1423, 49.6006], [37.0843, 49.5866], [37.0767, 49.5985], [37.0592, 49.6273], [37.0227, 49.6239], [37.0035, 49.6291], [36.9675, 49.6608], [36.9996, 49.7145], [36.9745, 49.7665], [37.0121, 49.7875], [37.0184, 49.8015], [37.0297, 49.7997], [37.0444, 49.7863], [37.0569, 49.7729], [37.0919, 49.791], [37.1223, 49.796], [37.1482, 49.8253], [37.1802, 49.8389], [37.1849, 49.885], [37.1772, 49.9366], [37.1362, 49.9509], [37.1547, 49.9618], [37.1662, 49.9696], [37.175, 49.9791], [37.1605, 50.0001], [37.162, 50.0133], [37.1662, 50.0583], [37.1682, 50.0671], [37.1671, 50.0855], [37.1828, 50.1172], [37.1967, 50.1181], [37.2151, 50.1319], [37.2123, 50.1276], [37.2159, 50.1165], [37.2416, 50.1072], [37.2809, 50.1168], [37.3046, 50.1383], [37.3079, 50.1536], [37.3488, 50.1888], [37.3774, 50.1848], [37.3682, 50.2219], [37.4005, 50.2324], [37.4205, 50.2653], [37.4191, 50.29], [37.5103, 50.3155], [37.5305, 50.3264], [37.5771, 50.3066], [37.6202, 50.3152], [37.6381, 50.3027], [37.6257, 50.245], [37.615, 50.2165], [37.6435, 50.1909], [37.6464, 50.1743], [37.6652, 50.1581], [37.7017, 50.1344], [37.7263, 50.1072], [37.7969, 50.0841], [37.8639, 50.0542], [37.965, 49.9787], [38.0049, 49.9671], [38.0252, 49.918], [38.0226, 49.9103], [38.0762, 49.8358], [38.0206, 49.835], [38.0394, 49.7954], [38.0362, 49.7834], [38.0246, 49.7725], [37.9983, 49.7534], [37.9775, 49.7676], [37.9506, 49.7305], [37.9894, 49.7151], [37.999, 49.7008], [38.0145, 49.6861], [38.0158, 49.6793], [38.0194, 49.677], [38.0316, 49.6664], [38.036, 49.6601], [37.9987, 49.6482], [37.9961, 49.6279], [37.9448, 49.6113], [37.9346, 49.5907], [37.9526, 49.5692], [37.9094, 49.5715], [37.8849, 49.5491], [37.9188, 49.5342], [37.8426, 49.508], [37.8076, 49.4983], [37.7717, 49.5075], [37.7119, 49.5151], [37.6904, 49.5032], [37.6704, 49.4919]]]]}, "properties": {"name": "Куп'янський район", "oblast": "Харківська", "pct": 50.6, "eps": 3478, "own": 3071}}, {"type": "Feature", "geometry": {"type": "MultiPolygon", "coordinates": [[[[36.4387, 49.5367], [36.4384, 49.5105], [36.4758, 49.5032], [36.4841, 49.5141], [36.4985, 49.5098], [36.5098, 49.4832], [36.4971, 49.4702], [36.4784, 49.4768], [36.4436, 49.4611], [36.4136, 49.4653], [36.383, 49.5071], [36.3456, 49.5231], [36.3386, 49.525], [36.2725, 49.5401], [36.2426, 49.5072], [36.2, 49.5116], [36.181, 49.5224], [36.1776, 49.537], [36.0824, 49.5178], [36.0822, 49.5706], [36.103, 49.5866], [36.0747, 49.6116], [36.0671, 49.6248], [36.058, 49.6428], [36.0392, 49.6653], [36.0735, 49.6793], [36.0594, 49.7039], [36.0278, 49.7064], [36.0053, 49.7149], [36.0333, 49.7217], [35.9991, 49.7321], [35.9754, 49.7585], [36.0271, 49.7579], [36.0476, 49.7604], [36.061, 49.7639], [36.093, 49.7667], [36.1287, 49.7539], [36.1465, 49.7621], [36.1599, 49.781], [36.1201, 49.7847], [36.1288, 49.8058], [36.1704, 49.8267], [36.1979, 49.8196], [36.2381, 49.8158], [36.2691, 49.817], [36.2929, 49.8237], [36.316, 49.8214], [36.3253, 49.8027], [36.3246, 49.7972], [36.3592, 49.7936], [36.3735, 49.795], [36.3899, 49.7925], [36.4159, 49.7957], [36.4195, 49.803], [36.4189, 49.8433], [36.4453, 49.8658], [36.5343, 49.8859], [36.5601, 49.9035], [36.5998, 49.9212], [36.6489, 49.9703], [36.628, 49.99], [36.6418, 50.0038], [36.6403, 50.0087], [36.6229, 50.0254], [36.5957, 50.0342], [36.5614, 50.0419], [36.5603, 50.0935], [36.5942, 50.1018], [36.6326, 50.1091], [36.6565, 50.1056], [36.6644, 50.112], [36.689, 50.1233], [36.6861, 50.1358], [36.6687, 50.147], [36.7, 50.1547], [36.6904, 50.1586], [36.6739, 50.1682], [36.6952, 50.1777], [36.6901, 50.1854], [36.7064, 50.1954], [36.708, 50.2017], [36.6813, 50.2066], [36.6565, 50.2168], [36.6794, 50.2371], [36.6883, 50.267], [36.7041, 50.2645], [36.7286, 50.2773], [36.7444, 50.2805], [36.7506, 50.2864], [36.771, 50.289], [36.8001, 50.306], [36.8328, 50.3131], [36.8877, 50.3377], [37.0373, 50.3492], [37.1055, 50.3548], [37.1491, 50.3557], [37.2105, 50.3737], [37.2556, 50.3925], [37.2996, 50.4059], [37.3332, 50.4371], [37.3971, 50.4313], [37.4319, 50.4434], [37.4911, 50.4575], [37.4649, 50.4311], [37.4661, 50.3804], [37.4766, 50.3662], [37.5082, 50.3471], [37.5305, 50.3264], [37.5103, 50.3155], [37.4191, 50.29], [37.4205, 50.2653], [37.4005, 50.2324], [37.3682, 50.2219], [37.3774, 50.1848], [37.3488, 50.1888], [37.3079, 50.1536], [37.3046, 50.1383], [37.2809, 50.1168], [37.2416, 50.1072], [37.2159, 50.1165], [37.2123, 50.1276], [37.2151, 50.1319], [37.1967, 50.1181], [37.1828, 50.1172], [37.1671, 50.0855], [37.1682, 50.0671], [37.1662, 50.0583], [37.162, 50.0133], [37.1605, 50.0001], [37.175, 49.9791], [37.1662, 49.9696], [37.1547, 49.9618], [37.1362, 49.9509], [37.1772, 49.9366], [37.1849, 49.885], [37.1802, 49.8389], [37.1482, 49.8253], [37.1223, 49.796], [37.0919, 49.791], [37.0569, 49.7729], [37.0444, 49.7863], [37.0297, 49.7997], [37.0184, 49.8015], [37.0121, 49.7875], [36.9745, 49.7665], [36.9996, 49.7145], [36.9675, 49.6608], [36.973, 49.6451], [36.9326, 49.6343], [36.8924, 49.5934], [36.8862, 49.5904], [36.8531, 49.6094], [36.7993, 49.6367], [36.7597, 49.6092], [36.7429, 49.5981], [36.7009, 49.5872], [36.6042, 49.5639], [36.5802, 49.5577], [36.5484, 49.5455], [36.5117, 49.5233], [36.4876, 49.5289], [36.4812, 49.5318], [36.4769, 49.5344], [36.4387, 49.5367]]]]}, "properties": {"name": "Чугуївський район", "oblast": "Харківська", "pct": 47.8, "eps": 3603, "own": 3137}}, {"type": "Feature", "geometry": {"type": "MultiPolygon", "coordinates": [[[[35.2572, 49.7338], [35.2109, 49.7475], [35.207, 49.764], [35.2069, 49.7818], [35.203, 49.797], [35.2141, 49.803], [35.2139, 49.8179], [35.2186, 49.8308], [35.1755, 49.8452], [35.1587, 49.8563], [35.119, 49.8512], [35.0685, 49.8585], [35.0565, 49.8734], [35.0642, 49.8855], [34.9962, 49.8812], [34.9634, 49.8871], [34.9131, 49.9346], [34.8747, 49.9436], [34.861, 49.9537], [34.8539, 49.9876], [34.9325, 50.0539], [34.9622, 50.0813], [34.9504, 50.0936], [34.9339, 50.11], [34.9395, 50.1517], [34.9768, 50.1825], [35.0084, 50.1853], [35.031, 50.1674], [35.0523, 50.1829], [35.0637, 50.1831], [35.0701, 50.1901], [35.077, 50.2012], [35.1056, 50.2146], [35.1901, 50.2286], [35.201, 50.238], [35.2397, 50.2359], [35.2632, 50.2478], [35.2995, 50.2626], [35.3317, 50.2759], [35.3181, 50.3135], [35.3855, 50.3058], [35.3981, 50.3191], [35.4261, 50.3326], [35.4594, 50.3092], [35.5251, 50.2903], [35.5356, 50.3004], [35.5716, 50.3194], [35.6236, 50.3205], [35.6561, 50.3125], [35.6777, 50.3336], [35.6931, 50.3454], [35.6538, 50.3468], [35.7382, 50.3544], [35.8021, 50.3974], [35.7966, 50.4115], [35.8354, 50.4246], [35.8898, 50.4386], [35.9218, 50.4368], [35.9385, 50.4337], [35.9752, 50.4408], [36.0186, 50.445], [36.0679, 50.4508], [36.0929, 50.4448], [36.1606, 50.4315], [36.1649, 50.3929], [36.1128, 50.3662], [36.1383, 50.3553], [36.1575, 50.3577], [36.1741, 50.3411], [36.1544, 50.3326], [36.1595, 50.3293], [36.1584, 50.3152], [36.1685, 50.3074], [36.1632, 50.2998], [36.1669, 50.2898], [36.1579, 50.2777], [36.156, 50.2715], [36.1451, 50.268], [36.1385, 50.2628], [36.1252, 50.241], [36.0928, 50.2464], [36.0975, 50.2358], [36.0607, 50.2069], [36.073, 50.1784], [36.0242, 50.1567], [35.9873, 50.1369], [35.9954, 50.115], [35.9496, 50.1075], [35.9457, 50.0997], [35.9117, 50.0906], [35.8688, 50.0838], [35.856, 50.0861], [35.8422, 50.1071], [35.8235, 50.1204], [35.8172, 50.1125], [35.8229, 50.0982], [35.8255, 50.0797], [35.8344, 50.0688], [35.8353, 50.063], [35.8251, 50.0544], [35.8083, 50.0494], [35.8061, 50.0472], [35.8095, 50.0452], [35.795, 50.0345], [35.7814, 50.0173], [35.7947, 50.0184], [35.8052, 50.0113], [35.805, 50.0044], [35.8266, 49.9971], [35.8217, 49.9912], [35.8115, 49.988], [35.8152, 49.9763], [35.8062, 49.9647], [35.7963, 49.9499], [35.8127, 49.9398], [35.7993, 49.9364], [35.8234, 49.9356], [35.8279, 49.9219], [35.8737, 49.915], [35.8764, 49.9017], [35.8659, 49.8821], [35.8634, 49.8692], [35.8463, 49.8691], [35.8364, 49.8362], [35.8277, 49.828], [35.8239, 49.8105], [35.7708, 49.8192], [35.7615, 49.8366], [35.7463, 49.8326], [35.744, 49.8288], [35.7326, 49.8267], [35.7275, 49.826], [35.6992, 49.8011], [35.716, 49.7907], [35.6802, 49.7739], [35.6552, 49.7502], [35.6729, 49.7501], [35.6828, 49.7267], [35.6991, 49.7059], [35.6221, 49.6915], [35.6008, 49.6564], [35.5312, 49.662], [35.4942, 49.6669], [35.4708, 49.666], [35.4655, 49.674], [35.3917, 49.6671], [35.3309, 49.6809], [35.2711, 49.6851], [35.2565, 49.7089], [35.2443, 49.71], [35.2522, 49.7132], [35.2572, 49.7338]]]]}, "properties": {"name": "Богодухівський район", "oblast": "Харківська", "pct": 48.9, "eps": 3614, "own": 3051}}, {"type": "Feature", "geometry": {"type": "MultiPolygon", "coordinates": [[[[36.4823, 48.6629], [36.4206, 48.6341], [36.393, 48.5652], [36.3555, 48.5397], [36.2721, 48.5443], [36.2529, 48.6248], [36.2666, 48.6358], [36.2677, 48.6487], [36.2664, 48.6633], [36.1542, 48.7527], [36.1525, 48.7811], [36.1248, 48.8061], [36.0678, 48.813], [36.0752, 48.83], [36.0406, 48.8435], [36.0121, 48.8873], [36.0045, 48.9455], [35.9489, 48.9943], [35.9733, 49.005], [35.9891, 49.0047], [35.9907, 48.9914], [36.0008, 48.9904], [36.0134, 48.9861], [36.0283, 48.9817], [36.0449, 48.9845], [36.0428, 48.9918], [36.0594, 49.0016], [36.0728, 49.0154], [36.0883, 49.0272], [36.1064, 49.0488], [36.1342, 49.0552], [36.1857, 49.072], [36.2043, 49.0791], [36.2405, 49.0913], [36.249, 49.0994], [36.2624, 49.0974], [36.2548, 49.1271], [36.1651, 49.1103], [36.17, 49.1336], [36.1381, 49.1962], [36.1303, 49.2158], [36.1381, 49.2365], [36.0614, 49.2559], [36.0659, 49.2738], [36.0667, 49.2892], [36.039, 49.3014], [36.0291, 49.3119], [36.0351, 49.3218], [36.0326, 49.3324], [36.0269, 49.3442], [36.0083, 49.3565], [36.0042, 49.3826], [35.986, 49.4014], [35.9906, 49.4289], [35.9854, 49.4595], [35.98, 49.4791], [35.9848, 49.5048], [36.0822, 49.5111], [36.0825, 49.5137], [36.1342, 49.5388], [36.1796, 49.5307], [36.1994, 49.5092], [36.2, 49.5137], [36.2598, 49.5418], [36.2764, 49.5424], [36.3352, 49.5209], [36.3556, 49.5212], [36.3832, 49.4716], [36.4157, 49.4664], [36.4534, 49.4684], [36.4823, 49.4549], [36.4754, 49.3849], [36.5202, 49.3526], [36.565, 49.3269], [36.6133, 49.2968], [36.6094, 49.2752], [36.5718, 49.2788], [36.5718, 49.2681], [36.5951, 49.2422], [36.6468, 49.227], [36.6373, 49.1505], [36.6191, 49.1306], [36.5956, 49.0955], [36.6062, 49.0859], [36.6167, 49.0826], [36.6344, 49.0881], [36.6775, 49.0202], [36.6878, 49.0286], [36.6991, 49.0224], [36.7442, 49.0197], [36.7393, 49.0001], [36.7533, 48.9837], [36.7722, 48.9511], [36.7972, 48.9115], [36.804, 48.898], [36.8003, 48.8907], [36.7883, 48.894], [36.7739, 48.8891], [36.7134, 48.8646], [36.7029, 48.8597], [36.6909, 48.8488], [36.6927, 48.8109], [36.7041, 48.7864], [36.7092, 48.767], [36.7138, 48.7438], [36.7354, 48.7038], [36.7146, 48.6902], [36.7172, 48.6802], [36.7246, 48.6655], [36.7265, 48.6592], [36.7238, 48.6525], [36.7348, 48.6465], [36.7045, 48.6279], [36.6548, 48.6161], [36.5901, 48.6076], [36.5626, 48.6167], [36.4823, 48.6629]]]]}, "properties": {"name": "Лозівський район", "oblast": "Харківська", "pct": 41.6, "eps": 3165, "own": 2545}}, {"type": "Feature", "geometry": {"type": "MultiPolygon", "coordinates": [[[[35.8718, 48.9614], [35.8324, 48.9486], [35.8097, 48.9417], [35.8114, 48.9303], [35.7922, 48.9362], [35.7993, 48.9422], [35.7901, 48.9519], [35.7782, 48.9491], [35.7608, 48.9558], [35.7519, 48.9469], [35.7392, 48.9622], [35.7263, 48.9641], [35.7132, 48.9578], [35.7072, 48.9477], [35.6953, 48.9432], [35.6955, 48.955], [35.6912, 48.9666], [35.6633, 48.9688], [35.6436, 48.9694], [35.6241, 48.9715], [35.6011, 48.981], [35.585, 48.9858], [35.5685, 48.9778], [35.5542, 48.9759], [35.5384, 48.9817], [35.5311, 48.9764], [35.513, 48.9827], [35.4951, 48.9773], [35.4875, 48.9802], [35.4702, 48.9856], [35.4603, 48.9959], [35.4479, 49.0], [35.4295, 49.0139], [35.413, 49.0134], [35.4034, 49.0192], [35.4054, 49.0286], [35.3837, 49.0291], [35.3527, 49.0398], [35.343, 49.0509], [35.3223, 49.0621], [35.3029, 49.0687], [35.3118, 49.0789], [35.2928, 49.0936], [35.2813, 49.0954], [35.2752, 49.089], [35.268, 49.1043], [35.2481, 49.1108], [35.2284, 49.0994], [35.2216, 49.1053], [35.1917, 49.1095], [35.1986, 49.119], [35.2097, 49.1204], [35.2259, 49.124], [35.1897, 49.1374], [35.1952, 49.1491], [35.1981, 49.1562], [35.1777, 49.1585], [35.1521, 49.1518], [35.137, 49.1566], [35.129, 49.1583], [35.118, 49.1593], [35.0915, 49.154], [35.0797, 49.1452], [35.08, 49.1612], [35.0734, 49.1699], [35.0554, 49.1754], [35.0441, 49.1563], [34.9831, 49.2385], [34.9898, 49.2702], [35.0245, 49.3163], [35.0361, 49.3307], [35.0835, 49.3051], [35.1666, 49.296], [35.2433, 49.2959], [35.2726, 49.277], [35.282, 49.2889], [35.2786, 49.3178], [35.3768, 49.3979], [35.3632, 49.449], [35.313, 49.4565], [35.3321, 49.5047], [35.4813, 49.4844], [35.4292, 49.5265], [35.4276, 49.5492], [35.4091, 49.5622], [35.4865, 49.572], [35.4469, 49.6365], [35.4244, 49.6596], [35.4315, 49.6733], [35.4689, 49.6654], [35.4856, 49.6724], [35.5139, 49.6666], [35.5712, 49.6454], [35.6217, 49.6618], [35.6637, 49.6919], [35.7204, 49.7012], [35.747, 49.6908], [35.717, 49.6751], [35.7145, 49.6583], [35.7184, 49.6512], [35.7426, 49.6439], [35.7413, 49.6291], [35.7503, 49.6255], [35.7673, 49.6179], [35.7826, 49.6223], [35.8183, 49.6365], [35.8405, 49.6339], [35.8454, 49.6293], [35.8522, 49.609], [35.8664, 49.5824], [35.9584, 49.6195], [36.031, 49.6223], [36.0747, 49.6116], [36.103, 49.5866], [36.0822, 49.5706], [36.0824, 49.5178], [36.0923, 49.508], [36.0608, 49.5053], [35.9803, 49.4856], [35.9787, 49.4628], [35.9933, 49.4288], [35.9872, 49.4058], [35.9948, 49.3839], [36.0098, 49.3693], [36.0257, 49.3553], [36.0425, 49.3369], [36.0348, 49.3267], [36.0306, 49.3137], [36.0333, 49.3064], [36.0525, 49.2945], [36.0721, 49.2779], [36.0624, 49.2594], [36.137, 49.2466], [36.1297, 49.2266], [36.1438, 49.2128], [36.1648, 49.1776], [36.1653, 49.1181], [36.2178, 49.1187], [36.2666, 49.1018], [36.2561, 49.1007], [36.247, 49.0931], [36.2092, 49.081], [36.1864, 49.075], [36.1537, 49.0634], [36.1074, 49.051], [36.0973, 49.032], [36.0827, 49.0226], [36.0654, 49.0035], [36.0523, 48.9913], [36.0465, 48.9866], [36.0346, 48.9791], [36.0143, 48.9816], [36.0033, 48.9903], [35.9948, 48.9875], [35.9891, 48.9963], [35.9786, 49.0032], [35.9585, 48.9984], [35.9369, 48.9988], [35.9351, 48.9863], [35.9362, 48.98], [35.9355, 48.973], [35.9168, 48.9702], [35.8979, 48.972], [35.8718, 48.9614]]]]}, "properties": {"name": "Красноградський район", "oblast": "Харківська", "pct": 33.8, "eps": 2859, "own": 2175}}, {"type": "Feature", "geometry": {"type": "MultiPolygon", "coordinates": [[[[37.1116, 48.8479], [37.0688, 48.8175], [37.0247, 48.8173], [37.0079, 48.8027], [37.0239, 48.775], [37.0385, 48.7533], [37.0028, 48.7662], [36.977, 48.7877], [36.9447, 48.7921], [36.9213, 48.7975], [36.8204, 48.7714], [36.7918, 48.7861], [36.7899, 48.8027], [36.7301, 48.8031], [36.6887, 48.8174], [36.6915, 48.8547], [36.6979, 48.8597], [36.7279, 48.8577], [36.7794, 48.8958], [36.7886, 48.8912], [36.7998, 48.8932], [36.8092, 48.9099], [36.7904, 48.9405], [36.7711, 48.9614], [36.7505, 48.9944], [36.7533, 49.0115], [36.7276, 49.0176], [36.6931, 49.0261], [36.6815, 49.0323], [36.6435, 49.0175], [36.6195, 49.0916], [36.6138, 49.0825], [36.6057, 49.0904], [36.5912, 49.0949], [36.6123, 49.1354], [36.655, 49.1944], [36.6184, 49.2313], [36.5873, 49.2503], [36.5615, 49.2675], [36.5816, 49.2823], [36.6127, 49.2842], [36.5712, 49.3095], [36.5521, 49.3274], [36.5201, 49.3683], [36.4496, 49.3878], [36.4723, 49.4594], [36.491, 49.475], [36.4989, 49.4708], [36.5255, 49.4838], [36.4881, 49.517], [36.479, 49.5105], [36.4737, 49.5035], [36.4298, 49.5176], [36.4769, 49.5344], [36.4812, 49.5318], [36.4876, 49.5289], [36.5117, 49.5233], [36.5484, 49.5455], [36.5802, 49.5577], [36.6042, 49.5639], [36.7009, 49.5872], [36.7429, 49.5981], [36.7597, 49.6092], [36.7993, 49.6367], [36.8531, 49.6094], [36.8862, 49.5904], [36.8924, 49.5934], [36.9326, 49.6343], [36.973, 49.6451], [36.9952, 49.6369], [37.0016, 49.6242], [37.036, 49.6219], [37.0597, 49.6132], [37.0866, 49.592], [37.0962, 49.5826], [37.165, 49.5948], [37.1615, 49.5607], [37.2414, 49.5409], [37.3726, 49.5502], [37.3827, 49.5131], [37.4053, 49.5211], [37.4225, 49.5095], [37.4649, 49.4812], [37.4709, 49.4773], [37.5201, 49.4675], [37.5414, 49.4457], [37.5821, 49.437], [37.6131, 49.4505], [37.642, 49.4515], [37.6517, 49.4691], [37.667, 49.489], [37.6997, 49.5172], [37.7509, 49.5064], [37.8027, 49.4917], [37.8391, 49.4934], [37.8446, 49.4459], [37.8803, 49.4358], [37.8847, 49.3531], [37.8776, 49.328], [37.9469, 49.3033], [37.9121, 49.2769], [37.8954, 49.2565], [37.8675, 49.2464], [37.8549, 49.2269], [37.8467, 49.2056], [37.8262, 49.2028], [37.7985, 49.2026], [37.5997, 49.2297], [37.551, 49.2177], [37.5001, 49.1812], [37.5612, 49.1573], [37.5609, 49.1447], [37.5431, 49.1442], [37.5706, 49.1352], [37.5421, 49.1106], [37.5007, 49.0913], [37.5062, 49.0696], [37.4792, 49.063], [37.4688, 49.0552], [37.4602, 49.0565], [37.45, 49.0616], [37.418, 49.0626], [37.3842, 49.0487], [37.385, 49.034], [37.3872, 49.0252], [37.3723, 48.994], [37.3547, 48.9985], [37.321, 48.9895], [37.3241, 48.9841], [37.3156, 48.9771], [37.3074, 48.9809], [37.2976, 48.9748], [37.2939, 48.9696], [37.305, 48.9648], [37.3203, 48.9574], [37.3075, 48.946], [37.3163, 48.9387], [37.3276, 48.9418], [37.3284, 48.9354], [37.3122, 48.923], [37.2689, 48.9229], [37.2437, 48.9072], [37.2104, 48.8854], [37.1941, 48.8773], [37.1944, 48.8502], [37.1515, 48.8329], [37.1426, 48.8435], [37.1116, 48.8479]]]]}, "properties": {"name": "Ізюмський район", "oblast": "Харківська", "pct": 52.6, "eps": 3468, "own": 2979}}, {"type": "Feature", "geometry": {"type": "MultiPolygon", "coordinates": [[[[35.9655, 49.6338], [35.9432, 49.6149], [35.8468, 49.5981], [35.8479, 49.6196], [35.8463, 49.6316], [35.8324, 49.6414], [35.7896, 49.636], [35.7742, 49.6225], [35.7576, 49.6198], [35.7511, 49.6272], [35.7484, 49.638], [35.736, 49.6505], [35.7127, 49.6514], [35.7122, 49.6637], [35.7178, 49.6764], [35.7458, 49.6975], [35.707, 49.6972], [35.6828, 49.7267], [35.6729, 49.7501], [35.6552, 49.7502], [35.6802, 49.7739], [35.716, 49.7907], [35.6992, 49.8011], [35.7275, 49.826], [35.7326, 49.8267], [35.744, 49.8288], [35.7463, 49.8326], [35.7615, 49.8366], [35.7708, 49.8192], [35.8239, 49.8105], [35.8277, 49.828], [35.8364, 49.8362], [35.8463, 49.8691], [35.8634, 49.8692], [35.8659, 49.8821], [35.8764, 49.9017], [35.8737, 49.915], [35.8279, 49.9219], [35.8234, 49.9356], [35.7993, 49.9364], [35.8127, 49.9398], [35.7963, 49.9499], [35.8062, 49.9647], [35.8152, 49.9763], [35.8115, 49.988], [35.8217, 49.9912], [35.8266, 49.9971], [35.805, 50.0044], [35.8052, 50.0113], [35.7947, 50.0184], [35.7814, 50.0173], [35.795, 50.0345], [35.8095, 50.0452], [35.8061, 50.0472], [35.8083, 50.0494], [35.8251, 50.0544], [35.8353, 50.063], [35.8344, 50.0688], [35.8255, 50.0797], [35.8229, 50.0982], [35.8172, 50.1125], [35.8235, 50.1204], [35.8422, 50.1071], [35.856, 50.0861], [35.8688, 50.0838], [35.9117, 50.0906], [35.9457, 50.0997], [35.9496, 50.1075], [35.9954, 50.115], [35.9873, 50.1369], [36.0242, 50.1567], [36.073, 50.1784], [36.0607, 50.2069], [36.0975, 50.2358], [36.0928, 50.2464], [36.1252, 50.241], [36.1385, 50.2628], [36.1451, 50.268], [36.156, 50.2715], [36.1579, 50.2777], [36.1669, 50.2898], [36.1632, 50.2998], [36.1685, 50.3074], [36.1584, 50.3152], [36.1595, 50.3293], [36.1544, 50.3326], [36.1741, 50.3411], [36.1575, 50.3577], [36.1383, 50.3553], [36.1128, 50.3662], [36.1649, 50.3929], [36.2057, 50.3941], [36.2334, 50.3637], [36.2837, 50.3356], [36.2761, 50.3164], [36.2986, 50.299], [36.3793, 50.293], [36.4068, 50.3104], [36.44, 50.3112], [36.4894, 50.3062], [36.501, 50.2991], [36.5229, 50.2891], [36.5563, 50.2813], [36.5928, 50.2776], [36.5805, 50.2623], [36.5736, 50.2552], [36.5841, 50.2364], [36.6135, 50.2239], [36.6398, 50.2223], [36.6565, 50.2168], [36.6813, 50.2066], [36.708, 50.2017], [36.7182, 50.1939], [36.6904, 50.1878], [36.7051, 50.1814], [36.6757, 50.1704], [36.6826, 50.1598], [36.7017, 50.1582], [36.6872, 50.1508], [36.6772, 50.1385], [36.6916, 50.1287], [36.6699, 50.1124], [36.6683, 50.1037], [36.6499, 50.1023], [36.6091, 50.1003], [36.5733, 50.0955], [36.5515, 50.0616], [36.5897, 50.0372], [36.6172, 50.0285], [36.628, 50.0145], [36.6482, 50.0065], [36.6292, 50.0014], [36.648, 49.9737], [36.6097, 49.9309], [36.5827, 49.9137], [36.5398, 49.9082], [36.4859, 49.8807], [36.4326, 49.8695], [36.4091, 49.815], [36.4194, 49.7993], [36.401, 49.7944], [36.3783, 49.7901], [36.3689, 49.7976], [36.3347, 49.7923], [36.3248, 49.7997], [36.3266, 49.8088], [36.3066, 49.8248], [36.2862, 49.8244], [36.2601, 49.8206], [36.2183, 49.8142], [36.1737, 49.8224], [36.1679, 49.8242], [36.127, 49.7991], [36.1489, 49.7861], [36.1589, 49.7727], [36.1369, 49.7588], [36.1154, 49.7574], [36.0862, 49.7675], [36.0559, 49.7557], [36.0367, 49.7628], [35.9952, 49.7618], [35.977, 49.7597], [35.9793, 49.7434], [36.0229, 49.7283], [36.0141, 49.721], [36.0117, 49.7064], [36.0295, 49.7048], [36.0754, 49.6921], [36.0388, 49.6733], [36.0554, 49.6523], [36.0615, 49.6324], [36.0343, 49.6179], [35.9655, 49.6338]]]]}, "properties": {"name": "Харківський район", "oblast": "Харківська", "pct": 52.3, "eps": 3992, "own": 8839}}, {"type": "Feature", "geometry": {"type": "MultiPolygon", "coordinates": [[[[36.5848, 47.8475], [36.4563, 47.824], [36.4135, 47.8277], [36.3748, 47.8384], [36.323, 47.8363], [36.3305, 47.8224], [36.2965, 47.8172], [36.2669, 47.8323], [36.1929, 47.838], [36.1969, 47.8548], [36.1774, 47.8575], [36.102, 47.8435], [36.0747, 47.8492], [36.0545, 47.8805], [36.1175, 47.8655], [36.1216, 47.8998], [36.12, 47.9285], [36.0731, 47.9656], [36.07, 47.9722], [36.0345, 48.019], [36.0591, 48.0466], [35.9746, 48.0439], [35.9823, 48.0629], [35.9703, 48.0732], [35.9848, 48.0851], [35.9744, 48.0924], [35.8169, 48.0658], [35.7842, 48.0936], [35.7792, 48.0952], [35.7561, 48.0964], [35.5233, 48.0756], [35.502, 48.0978], [35.4197, 48.1008], [35.3899, 48.1156], [35.358, 48.1229], [35.2899, 48.1449], [35.2532, 48.1362], [35.2205, 48.1429], [35.197, 48.1459], [35.1946, 48.2053], [35.1906, 48.2495], [35.1988, 48.2583], [35.2245, 48.2523], [35.2409, 48.2678], [35.246, 48.2804], [35.2434, 48.2987], [35.2586, 48.3147], [35.2652, 48.3169], [35.2818, 48.3256], [35.2778, 48.3611], [35.3088, 48.3729], [35.2787, 48.39], [35.2528, 48.4075], [35.267, 48.411], [35.2563, 48.4177], [35.2507, 48.4248], [35.3032, 48.4411], [35.3478, 48.4469], [35.3558, 48.5174], [35.3759, 48.5264], [35.4353, 48.5377], [35.518, 48.5357], [35.5597, 48.5202], [35.6193, 48.5463], [35.6154, 48.5109], [35.6479, 48.4784], [35.7257, 48.4719], [35.7628, 48.4652], [35.7836, 48.4048], [35.7155, 48.3684], [35.7019, 48.3832], [35.6792, 48.3606], [35.7059, 48.3332], [35.7118, 48.3372], [35.7214, 48.3369], [35.7354, 48.3349], [35.7535, 48.3363], [35.7524, 48.3304], [35.7527, 48.324], [35.7508, 48.3208], [35.7485, 48.3134], [35.7533, 48.311], [35.7643, 48.3075], [35.7539, 48.2996], [35.7879, 48.286], [35.8058, 48.3548], [35.8389, 48.3801], [35.8816, 48.3952], [35.8664, 48.4027], [35.8869, 48.4093], [36.0462, 48.4582], [36.0585, 48.4513], [36.0889, 48.4476], [36.1042, 48.4422], [36.0999, 48.4264], [36.1095, 48.4208], [36.1249, 48.4313], [36.1579, 48.4424], [36.1715, 48.44], [36.1873, 48.4361], [36.2479, 48.4794], [36.2958, 48.5323], [36.3505, 48.5353], [36.3818, 48.5702], [36.4217, 48.6356], [36.5612, 48.6232], [36.5813, 48.6074], [36.6565, 48.6085], [36.6737, 48.6251], [36.7398, 48.6264], [36.7805, 48.5966], [36.8236, 48.57], [36.8719, 48.5502], [36.9013, 48.5445], [36.8562, 48.4871], [36.8466, 48.4436], [36.8511, 48.4182], [36.8362, 48.4207], [36.8259, 48.4129], [36.8346, 48.4086], [36.8167, 48.3651], [36.8088, 48.3476], [36.874, 48.3054], [36.9054, 48.1929], [36.9016, 48.1904], [36.8942, 48.1906], [36.8929, 48.1821], [36.8838, 48.1775], [36.873, 48.1833], [36.8807, 48.0612], [36.8576, 48.0524], [36.8323, 48.0345], [36.8117, 48.0396], [36.7855, 48.0509], [36.7733, 48.0472], [36.7645, 48.0551], [36.7413, 48.0526], [36.7476, 48.0621], [36.7262, 48.0709], [36.715, 48.0851], [36.6832, 48.0857], [36.669, 48.0906], [36.6553, 48.0992], [36.638, 48.0939], [36.6526, 48.09], [36.6286, 48.0879], [36.622, 48.0831], [36.6003, 48.0894], [36.5871, 48.0817], [36.5811, 48.0762], [36.5884, 48.066], [36.5857, 48.0554], [36.5752, 48.0399], [36.5903, 48.0231], [36.5724, 48.0152], [36.5766, 48.0102], [36.5808, 48.0014], [36.6284, 47.9613], [36.59, 47.9212], [36.55, 47.8773], [36.5848, 47.8475]]]]}, "properties": {"name": "Синельниківський район", "oblast": "Дніпропетровська", "pct": 65.8, "eps": 2508, "own": 2689}}, {"type": "Feature", "geometry": {"type": "MultiPolygon", "coordinates": [[[[34.6065, 48.2894], [34.6012, 48.2963], [34.5927, 48.3086], [34.5693, 48.3226], [34.5836, 48.3665], [34.568, 48.4071], [34.5508, 48.4273], [34.5349, 48.4264], [34.5127, 48.4573], [34.5575, 48.463], [34.5896, 48.4509], [34.6317, 48.4584], [34.6415, 48.4668], [34.6584, 48.4727], [34.655, 48.4662], [34.6725, 48.4641], [34.6862, 48.4406], [34.7012, 48.4534], [34.7431, 48.4408], [34.7695, 48.4744], [34.7652, 48.4851], [34.7017, 48.5188], [34.6644, 48.5361], [34.6252, 48.5391], [34.5839, 48.5511], [34.5691, 48.5595], [34.5718, 48.584], [34.6331, 48.5955], [34.6265, 48.6008], [34.6166, 48.6084], [34.6006, 48.6296], [34.5452, 48.6057], [34.5405, 48.5993], [34.5454, 48.5549], [34.474, 48.5909], [34.4408, 48.6152], [34.4368, 48.6409], [34.3857, 48.6586], [34.3601, 48.6906], [34.3361, 48.7068], [34.2931, 48.7231], [34.307, 48.7283], [34.3127, 48.741], [34.3165, 48.7575], [34.32, 48.7689], [34.3246, 48.7928], [34.296, 48.8209], [34.3355, 48.8286], [34.3385, 48.8442], [34.3493, 48.8464], [34.3384, 48.8715], [34.3012, 48.8971], [34.3544, 48.9839], [34.3421, 48.9945], [34.3457, 49.0172], [34.3608, 49.0265], [34.3914, 49.0504], [34.4074, 49.0776], [34.4752, 49.0727], [34.5097, 49.0696], [34.5592, 49.0551], [34.5705, 49.0682], [34.5728, 49.0848], [34.574, 49.0961], [34.5856, 49.0951], [34.5878, 49.1027], [34.5903, 49.1079], [34.5988, 49.112], [34.6089, 49.113], [34.6405, 49.104], [34.6716, 49.0923], [34.6801, 49.062], [34.6926, 49.0475], [34.7534, 48.9674], [34.7494, 48.9463], [34.7405, 48.9403], [34.7855, 48.9139], [34.7799, 48.9036], [34.7357, 48.8688], [34.7689, 48.8242], [34.7731, 48.7909], [34.7924, 48.778], [34.7963, 48.7595], [34.81, 48.7552], [34.8296, 48.7853], [34.8308, 48.7924], [34.8416, 48.8226], [34.8668, 48.8268], [34.877, 48.8247], [34.9042, 48.8206], [34.9293, 48.7833], [34.9478, 48.7811], [34.9547, 48.7659], [34.9382, 48.7498], [34.9534, 48.7334], [34.9602, 48.7183], [34.9524, 48.7231], [34.9447, 48.7244], [34.9354, 48.7234], [34.9291, 48.7158], [34.9392, 48.7019], [34.9873, 48.713], [35.006, 48.6922], [35.0679, 48.7558], [35.102, 48.7432], [35.107, 48.7434], [35.1369, 48.6997], [35.1389, 48.6534], [35.1498, 48.6576], [35.1655, 48.6609], [35.2106, 48.6571], [35.1913, 48.6563], [35.1667, 48.6108], [35.1661, 48.6057], [35.1442, 48.5858], [35.1867, 48.5661], [35.2543, 48.5172], [35.3132, 48.4737], [35.3032, 48.4411], [35.2507, 48.4248], [35.2563, 48.4177], [35.267, 48.411], [35.2528, 48.4075], [35.2787, 48.39], [35.3088, 48.3729], [35.2778, 48.3611], [35.2818, 48.3256], [35.2652, 48.3169], [35.2586, 48.3147], [35.2434, 48.2987], [35.246, 48.2804], [35.2409, 48.2678], [35.2245, 48.2523], [35.1988, 48.2583], [35.1906, 48.2495], [35.1946, 48.2053], [35.197, 48.1459], [35.1573, 48.1287], [35.0805, 48.1234], [35.0392, 48.0985], [34.9868, 48.0967], [34.9154, 48.0907], [34.921, 48.114], [34.878, 48.1336], [34.8401, 48.0506], [34.8207, 47.9968], [34.7438, 47.9858], [34.6668, 48.0213], [34.5871, 47.9797], [34.5548, 47.9531], [34.4934, 47.9355], [34.451, 47.928], [34.4176, 47.9518], [34.3755, 47.9293], [34.4077, 47.9339], [34.3773, 47.923], [34.3193, 47.9305], [34.2351, 47.9755], [34.2251, 47.9643], [34.1844, 47.9705], [34.2002, 47.9871], [34.2082, 48.0144], [34.2373, 48.029], [34.2188, 48.0572], [34.2077, 48.0593], [34.196, 48.0681], [34.29, 48.0787], [34.2958, 48.1164], [34.3818, 48.1203], [34.4268, 48.1401], [34.4102, 48.142], [34.4191, 48.1536], [34.4505, 48.1608], [34.4524, 48.1714], [34.4389, 48.1651], [34.399, 48.207], [34.4326, 48.2145], [34.4557, 48.2368], [34.474, 48.2645], [34.5258, 48.2634], [34.5578, 48.2724], [34.5915, 48.2539], [34.5879, 48.2869], [34.5945, 48.2863], [34.6065, 48.2894]]]]}, "properties": {"name": "Дніпровський район", "oblast": "Дніпропетровська", "pct": 24.3, "eps": 2716, "own": 2349}}, {"type": "Feature", "geometry": {"type": "MultiPolygon", "coordinates": [[[[35.3795, 48.5277], [35.3668, 48.505], [35.3721, 48.4552], [35.315, 48.4242], [35.3132, 48.4737], [35.2543, 48.5172], [35.1867, 48.5661], [35.1442, 48.5858], [35.1661, 48.6057], [35.1667, 48.6108], [35.1913, 48.6563], [35.2106, 48.6571], [35.1655, 48.6609], [35.1498, 48.6576], [35.1389, 48.6534], [35.1369, 48.6997], [35.107, 48.7434], [35.102, 48.7432], [35.0679, 48.7558], [35.006, 48.6922], [34.9873, 48.713], [34.9392, 48.7019], [34.9291, 48.7158], [34.9354, 48.7234], [34.9447, 48.7244], [34.9524, 48.7231], [34.9602, 48.7183], [34.9534, 48.7334], [34.9382, 48.7498], [34.9547, 48.7659], [34.9478, 48.7811], [34.9293, 48.7833], [34.9042, 48.8206], [34.877, 48.8247], [34.8668, 48.8268], [34.8416, 48.8226], [34.8308, 48.7924], [34.8296, 48.7853], [34.81, 48.7552], [34.7963, 48.7595], [34.7924, 48.778], [34.7731, 48.7909], [34.7689, 48.8242], [34.7357, 48.8688], [34.7799, 48.9036], [34.7855, 48.9139], [34.7405, 48.9403], [34.7494, 48.9463], [34.7534, 48.9674], [34.6926, 49.0475], [34.6801, 49.062], [34.6716, 49.0923], [34.6405, 49.104], [34.6347, 49.1253], [34.6526, 49.1242], [34.6655, 49.1188], [34.6929, 49.1351], [34.6967, 49.1304], [34.7198, 49.1358], [34.7484, 49.1412], [34.7659, 49.1431], [34.7656, 49.1514], [34.7584, 49.1652], [34.7714, 49.171], [34.7815, 49.1767], [34.7917, 49.1762], [34.8033, 49.1742], [34.8112, 49.1657], [34.8244, 49.1752], [34.821, 49.1827], [34.8558, 49.1903], [34.867, 49.1814], [34.8946, 49.1775], [34.8954, 49.1682], [34.865, 49.1656], [34.8888, 49.154], [34.9131, 49.1543], [34.9262, 49.1829], [34.9476, 49.1934], [34.9609, 49.1862], [34.9732, 49.1819], [34.9864, 49.1683], [35.0027, 49.1618], [35.0141, 49.1537], [35.0441, 49.1563], [35.0554, 49.1754], [35.0734, 49.1699], [35.08, 49.1612], [35.0797, 49.1452], [35.0915, 49.154], [35.118, 49.1593], [35.129, 49.1583], [35.137, 49.1566], [35.1527, 49.1521], [35.1788, 49.1586], [35.1981, 49.1562], [35.1952, 49.1491], [35.1897, 49.1374], [35.2259, 49.124], [35.2097, 49.1204], [35.1986, 49.119], [35.1917, 49.1095], [35.2216, 49.1053], [35.2284, 49.0994], [35.2481, 49.1108], [35.268, 49.1043], [35.2752, 49.089], [35.2813, 49.0954], [35.2928, 49.0936], [35.3118, 49.0789], [35.3029, 49.0687], [35.3223, 49.0621], [35.343, 49.0509], [35.3527, 49.0398], [35.3837, 49.0291], [35.4054, 49.0286], [35.4034, 49.0192], [35.413, 49.0134], [35.4295, 49.0139], [35.4479, 49.0], [35.4603, 48.9959], [35.4702, 48.9856], [35.4875, 48.9802], [35.4951, 48.9773], [35.513, 48.9827], [35.5311, 48.9764], [35.5384, 48.9817], [35.5542, 48.9759], [35.5685, 48.9778], [35.585, 48.9858], [35.6011, 48.981], [35.6241, 48.9715], [35.6436, 48.9694], [35.6633, 48.9688], [35.6912, 48.9666], [35.6955, 48.955], [35.6943, 48.9434], [35.7039, 48.9446], [35.7161, 48.9527], [35.7273, 48.9642], [35.7375, 48.9582], [35.7579, 48.9489], [35.7768, 48.9486], [35.7884, 48.9476], [35.7966, 48.9397], [35.7996, 48.9279], [35.8108, 48.9335], [35.813, 48.9234], [35.8115, 48.8935], [35.7548, 48.8763], [35.7284, 48.8873], [35.6838, 48.8833], [35.6439, 48.888], [35.6363, 48.8716], [35.6504, 48.8694], [35.6691, 48.8482], [35.6705, 48.8021], [35.6608, 48.7693], [35.6765, 48.7385], [35.6358, 48.7069], [35.5994, 48.6875], [35.5928, 48.6633], [35.5673, 48.6376], [35.5443, 48.6177], [35.5524, 48.6066], [35.5553, 48.5952], [35.5434, 48.5636], [35.518, 48.5357], [35.4353, 48.5377], [35.3795, 48.5277]]]]}, "properties": {"name": "Новомосковський район", "oblast": "Дніпропетровська", "pct": 22.6, "eps": 2344, "own": 1933}}, {"type": "Feature", "geometry": {"type": "MultiPolygon", "coordinates": [[[[33.9778, 47.4593], [33.9475, 47.5011], [33.9352, 47.5168], [33.6433, 47.4852], [33.6044, 47.5052], [33.5929, 47.5444], [33.6059, 47.5753], [33.5821, 47.5885], [33.4857, 47.5455], [33.3297, 47.5117], [33.3069, 47.486], [33.2968, 47.5037], [33.2859, 47.525], [33.2827, 47.5453], [33.2248, 47.5305], [33.2219, 47.5414], [33.2372, 47.5652], [33.2238, 47.573], [33.1866, 47.5739], [33.0929, 47.5793], [32.9604, 47.5973], [32.9779, 47.6054], [32.9878, 47.6126], [33.0083, 47.6184], [33.0138, 47.6245], [32.9928, 47.623], [32.9731, 47.723], [33.0714, 47.7393], [33.0498, 47.7819], [33.0566, 47.832], [33.0865, 47.8859], [33.005, 47.9144], [33.0021, 47.9665], [32.9937, 47.9767], [33.0061, 47.988], [33.0222, 47.9892], [33.0256, 48.0037], [33.0332, 48.03], [33.1095, 48.0442], [33.1153, 48.0662], [33.1497, 48.0434], [33.1444, 48.0674], [33.153, 48.084], [33.2261, 48.0938], [33.235, 48.1142], [33.2209, 48.1145], [33.1816, 48.1199], [33.23, 48.1266], [33.2187, 48.1476], [33.2481, 48.1523], [33.2716, 48.1387], [33.2912, 48.1023], [33.3028, 48.1187], [33.3135, 48.129], [33.3155, 48.1524], [33.358, 48.163], [33.3818, 48.167], [33.4274, 48.1862], [33.4764, 48.2], [33.4931, 48.2106], [33.5021, 48.2328], [33.5229, 48.2256], [33.537, 48.2272], [33.5713, 48.304], [33.5849, 48.3165], [33.6203, 48.2849], [33.6109, 48.2418], [33.6226, 48.2498], [33.6744, 48.2508], [33.7404, 48.2586], [33.771, 48.2863], [33.8119, 48.2559], [33.8328, 48.2515], [33.8488, 48.26], [33.8754, 48.2592], [33.9299, 48.201], [33.9344, 48.1834], [33.9654, 48.188], [34.0044, 48.185], [34.0847, 48.102], [34.1438, 48.0778], [34.1831, 48.0759], [34.1874, 48.0565], [34.2126, 48.0599], [34.2188, 48.0572], [34.2373, 48.029], [34.2082, 48.0144], [34.2002, 47.9871], [34.1615, 47.9672], [34.1525, 47.9576], [34.1427, 47.9509], [34.1392, 47.9406], [34.0908, 47.9477], [34.057, 47.9327], [33.9997, 47.9029], [34.0043, 47.8852], [34.0431, 47.8069], [34.0671, 47.7955], [34.0524, 47.7824], [34.0147, 47.7494], [33.9568, 47.7227], [33.9359, 47.7167], [33.9286, 47.693], [33.9613, 47.6756], [34.0023, 47.6677], [34.0414, 47.6685], [34.0452, 47.6599], [34.0242, 47.6495], [34.0439, 47.6349], [34.0688, 47.6346], [34.0513, 47.6144], [34.0659, 47.6049], [34.0806, 47.6037], [34.0868, 47.5943], [34.0833, 47.5845], [34.0466, 47.5729], [34.0772, 47.5531], [34.0809, 47.4709], [33.9974, 47.4593], [33.9778, 47.4593]]]]}, "properties": {"name": "Криворізький район", "oblast": "Дніпропетровська", "pct": 24.4, "eps": 2650, "own": 2200}}, {"type": "Feature", "geometry": {"type": "MultiPolygon", "coordinates": [[[[34.4038, 47.5288], [34.2353, 47.4945], [34.1093, 47.5526], [34.0465, 47.5698], [34.0753, 47.5764], [34.0788, 47.5908], [34.0843, 47.6028], [34.0751, 47.5997], [34.0534, 47.6126], [34.0691, 47.6324], [34.0508, 47.6336], [34.0299, 47.6438], [34.0411, 47.657], [34.054, 47.6583], [34.0053, 47.6647], [33.9831, 47.6654], [33.9353, 47.6914], [33.937, 47.7149], [33.9299, 47.7203], [34.0082, 47.7461], [34.0336, 47.7712], [34.0643, 47.7922], [34.065, 47.8092], [34.003, 47.872], [34.0029, 47.8975], [34.0121, 47.9286], [34.0837, 47.9443], [34.1228, 47.9393], [34.1451, 47.9465], [34.1517, 47.9551], [34.1556, 47.9609], [34.1863, 47.9621], [34.2276, 47.9623], [34.3014, 47.9793], [34.3374, 47.9334], [34.3767, 47.9257], [34.395, 47.9335], [34.3737, 47.9393], [34.4404, 47.9537], [34.4529, 47.9243], [34.5324, 47.94], [34.5537, 47.9586], [34.6097, 47.9821], [34.6674, 48.019], [34.769, 47.9955], [34.8199, 48.0104], [34.8705, 47.9831], [34.9163, 47.9342], [34.8496, 47.9372], [34.8175, 47.8647], [34.8581, 47.88], [34.8791, 47.8505], [34.8793, 47.8207], [34.9645, 47.7413], [34.9527, 47.7267], [34.9382, 47.6775], [34.932, 47.6362], [34.9384, 47.6002], [34.9256, 47.5949], [34.9357, 47.5834], [34.9382, 47.5809], [34.9344, 47.5669], [34.9596, 47.5656], [34.9508, 47.5329], [34.8572, 47.5169], [34.6911, 47.5514], [34.5678, 47.5613], [34.4788, 47.5335], [34.4038, 47.5288]]]]}, "properties": {"name": "Нікопольський район", "oblast": "Дніпропетровська", "pct": 96.8, "eps": 705, "own": 9590}}, {"type": "Feature", "geometry": {"type": "MultiPolygon", "coordinates": [[[[34.2283, 48.0727], [34.202, 48.0564], [34.1776, 48.0683], [34.1541, 48.0751], [34.1102, 48.1022], [34.0163, 48.1417], [33.9776, 48.1888], [33.9357, 48.1793], [33.9415, 48.2017], [33.8853, 48.2193], [33.8546, 48.2572], [33.8363, 48.2584], [33.8162, 48.2561], [33.7798, 48.2573], [33.7469, 48.2623], [33.6845, 48.2506], [33.6381, 48.256], [33.6084, 48.2434], [33.5938, 48.2625], [33.6139, 48.3173], [33.5768, 48.3076], [33.5464, 48.2375], [33.5344, 48.2559], [33.5148, 48.2822], [33.5093, 48.2932], [33.4973, 48.329], [33.4707, 48.3257], [33.4602, 48.3538], [33.4682, 48.3705], [33.4744, 48.3886], [33.4977, 48.3938], [33.4898, 48.4264], [33.4692, 48.5336], [33.4834, 48.5486], [33.5075, 48.5571], [33.5838, 48.5754], [33.6097, 48.5988], [33.6492, 48.5992], [33.6586, 48.5863], [33.7341, 48.6138], [33.7454, 48.6189], [33.7637, 48.6431], [33.7552, 48.6563], [33.7504, 48.6814], [33.6831, 48.7228], [33.6356, 48.7246], [33.5928, 48.748], [33.5856, 48.758], [33.5782, 48.7811], [33.6025, 48.7991], [33.6186, 48.7889], [33.6625, 48.8017], [33.6855, 48.8135], [33.7154, 48.8137], [33.7236, 48.7872], [33.7601, 48.7958], [33.7727, 48.7919], [33.8096, 48.8029], [33.8293, 48.7707], [33.8524, 48.7789], [33.8625, 48.8366], [33.8752, 48.8433], [33.9154, 48.886], [33.9847, 48.8651], [34.0227, 48.864], [34.0371, 48.8422], [34.0746, 48.8237], [34.1196, 48.8227], [34.1217, 48.7913], [34.149, 48.7754], [34.1915, 48.7693], [34.2178, 48.7596], [34.2615, 48.7429], [34.2866, 48.7435], [34.2975, 48.7127], [34.3529, 48.7012], [34.353, 48.6779], [34.399, 48.6485], [34.4402, 48.6385], [34.4503, 48.6084], [34.4983, 48.5861], [34.5588, 48.583], [34.5309, 48.6033], [34.554, 48.6137], [34.6135, 48.6214], [34.6211, 48.6028], [34.6266, 48.6022], [34.6361, 48.5889], [34.5718, 48.5773], [34.5714, 48.5565], [34.5845, 48.5432], [34.6455, 48.5347], [34.6804, 48.5352], [34.7332, 48.5001], [34.7513, 48.4839], [34.7595, 48.453], [34.7245, 48.4638], [34.7119, 48.4472], [34.6836, 48.4433], [34.6612, 48.4628], [34.6635, 48.4669], [34.6494, 48.4711], [34.6438, 48.4564], [34.6309, 48.4521], [34.5781, 48.4593], [34.5519, 48.4607], [34.5109, 48.4416], [34.5462, 48.4258], [34.5508, 48.4258], [34.5652, 48.4063], [34.5981, 48.3334], [34.5693, 48.3226], [34.5927, 48.3086], [34.6012, 48.2963], [34.6066, 48.2898], [34.5968, 48.2894], [34.5877, 48.2844], [34.5645, 48.252], [34.5288, 48.2728], [34.5179, 48.2675], [34.4619, 48.2413], [34.4267, 48.2341], [34.4351, 48.1966], [34.3829, 48.2063], [34.4371, 48.1719], [34.4541, 48.1688], [34.4438, 48.1558], [34.4105, 48.1547], [34.4162, 48.1422], [34.4292, 48.1293], [34.3786, 48.1209], [34.2936, 48.1123], [34.2322, 48.0672], [34.2283, 48.0727]]]]}, "properties": {"name": "Кам'янський район", "oblast": "Дніпропетровська", "pct": 20.8, "eps": 2323, "own": 1820}}, {"type": "Feature", "geometry": {"type": "MultiPolygon", "coordinates": [[[[35.8058, 48.3548], [35.7879, 48.286], [35.7539, 48.2996], [35.7643, 48.3075], [35.7533, 48.311], [35.7485, 48.3134], [35.7508, 48.3208], [35.7527, 48.324], [35.7524, 48.3304], [35.7535, 48.3363], [35.7354, 48.3349], [35.7214, 48.3369], [35.7151, 48.3362], [35.7085, 48.3332], [35.6999, 48.3692], [35.71, 48.3758], [35.7483, 48.3862], [35.7767, 48.427], [35.748, 48.4722], [35.7069, 48.4615], [35.6262, 48.4967], [35.6384, 48.5234], [35.6063, 48.5434], [35.5657, 48.5043], [35.5532, 48.5388], [35.5258, 48.5997], [35.5539, 48.6047], [35.55, 48.6187], [35.5632, 48.6298], [35.5552, 48.6425], [35.6033, 48.6843], [35.6259, 48.6999], [35.675, 48.7337], [35.6768, 48.7605], [35.6824, 48.7949], [35.647, 48.8308], [35.6853, 48.847], [35.6395, 48.869], [35.6436, 48.8821], [35.6804, 48.8822], [35.7039, 48.8847], [35.7572, 48.8859], [35.8156, 48.8929], [35.8112, 48.9142], [35.8074, 48.9373], [35.8178, 48.9418], [35.8561, 48.9466], [35.8835, 48.9753], [35.9122, 48.969], [35.9304, 48.9752], [35.9406, 48.9773], [35.9297, 48.9802], [35.9369, 48.9988], [35.9769, 48.9603], [36.0436, 48.9166], [36.0205, 48.8543], [36.077, 48.835], [36.071, 48.8209], [36.1244, 48.8083], [36.157, 48.7848], [36.1404, 48.7655], [36.1428, 48.7242], [36.2836, 48.6592], [36.2691, 48.6409], [36.2596, 48.6257], [36.3186, 48.5872], [36.2873, 48.5223], [36.2091, 48.4461], [36.1856, 48.4388], [36.1687, 48.4381], [36.1554, 48.4429], [36.1237, 48.4252], [36.1096, 48.4251], [36.1013, 48.4318], [36.0977, 48.4454], [36.0797, 48.4463], [36.0525, 48.455], [36.103, 48.3504], [35.8783, 48.4054], [35.8729, 48.396], [35.8836, 48.3909], [35.8239, 48.3769], [35.8058, 48.3548]]]]}, "properties": {"name": "Павлоградський район", "oblast": "Дніпропетровська", "pct": 32.2, "eps": 2788, "own": 2598}}, {"type": "Feature", "geometry": {"type": "MultiPolygon", "coordinates": [[[[33.2934, 46.845], [33.3197, 46.8213], [33.3094, 46.7923], [33.3151, 46.7792], [33.3256, 46.7762], [33.2511, 46.7641], [33.145, 46.7841], [33.0462, 46.7441], [32.9775, 46.8597], [33.0449, 46.9068], [33.0525, 46.9464], [33.0524, 46.9599], [32.9307, 47.0803], [32.909, 47.0932], [32.9072, 47.1202], [32.9339, 47.1517], [32.9603, 47.1847], [32.9867, 47.1938], [32.9954, 47.1907], [33.0017, 47.1947], [33.0151, 47.182], [33.0399, 47.1794], [33.0418, 47.1893], [33.0683, 47.2053], [33.076, 47.2181], [33.0914, 47.2232], [33.1078, 47.2107], [33.1377, 47.2052], [33.1311, 47.2169], [33.144, 47.23], [33.1606, 47.2323], [33.1375, 47.2672], [33.1195, 47.2818], [33.111, 47.2939], [33.132, 47.3288], [33.1326, 47.3449], [33.0355, 47.398], [33.0283, 47.425], [33.0532, 47.444], [33.0701, 47.4742], [33.1234, 47.4768], [33.1309, 47.4803], [33.1444, 47.5363], [33.0892, 47.5535], [33.1716, 47.5668], [33.2052, 47.5687], [33.234, 47.5766], [33.2292, 47.5533], [33.2154, 47.5347], [33.2437, 47.5306], [33.2881, 47.5415], [33.2805, 47.521], [33.3105, 47.5007], [33.3137, 47.4809], [33.3238, 47.525], [33.4749, 47.5877], [33.5887, 47.5885], [33.6076, 47.5609], [33.5815, 47.5323], [33.6039, 47.5098], [33.8191, 47.5043], [33.9398, 47.5155], [33.9507, 47.4592], [33.9983, 47.4588], [33.9998, 47.3395], [33.9822, 47.2903], [33.9421, 47.2281], [33.9058, 47.1955], [33.8287, 47.1594], [33.8041, 47.0947], [33.7365, 47.0488], [33.6941, 47.0286], [33.6867, 47.0044], [33.6614, 46.9476], [33.6202, 46.9118], [33.6106, 46.8708], [33.5843, 46.8421], [33.518, 46.8407], [33.4557, 46.8252], [33.3967, 46.8227], [33.3708, 46.8368], [33.3414, 46.8404], [33.3126, 46.8406], [33.2934, 46.845]]]]}, "properties": {"name": "Бериславський район", "oblast": "Херсонська", "pct": 17.3, "eps": 1962, "own": 1636}}, {"type": "Feature", "geometry": {"type": "MultiPolygon", "coordinates": [[[[34.5101, 45.7896], [34.5072, 45.7917], [34.5113, 45.7939], [34.5149, 45.7929], [34.5101, 45.7896]]], [[[34.488, 45.7885], [34.4819, 45.7949], [34.501, 45.7963], [34.5003, 45.7938], [34.488, 45.7885]]], [[[34.7565, 45.7699], [34.7556, 45.7704], [34.7583, 45.7708], [34.7576, 45.7704], [34.7565, 45.7699]]], [[[34.7484, 45.763], [34.7475, 45.7636], [34.7544, 45.7681], [34.7576, 45.7687], [34.7484, 45.763]]], [[[34.7483, 45.7655], [34.7513, 45.7681], [34.7526, 45.7678], [34.7521, 45.7672], [34.7483, 45.7655]]], [[[34.6941, 45.7109], [34.693, 45.7112], [34.6914, 45.711], [34.6952, 45.7116], [34.6941, 45.7109]]], [[[34.7042, 45.7208], [34.7027, 45.7211], [34.7025, 45.7214], [34.7043, 45.7217], [34.7042, 45.7208]]], [[[34.6852, 45.7229], [34.6839, 45.7234], [34.688, 45.7252], [34.6882, 45.7246], [34.6852, 45.7229]]], [[[34.6793, 45.7252], [34.6795, 45.7263], [34.6831, 45.7267], [34.6829, 45.7264], [34.6793, 45.7252]]], [[[34.7277, 45.7251], [34.7287, 45.7275], [34.7302, 45.7273], [34.7302, 45.7266], [34.7277, 45.7251]]], [[[34.733, 45.7297], [34.7326, 45.7307], [34.7371, 45.7311], [34.7339, 45.7299], [34.733, 45.7297]]], [[[34.7384, 45.7305], [34.7416, 45.7315], [34.7431, 45.7309], [34.7422, 45.7307], [34.7384, 45.7305]]], [[[34.7615, 45.7309], [34.7639, 45.733], [34.7791, 45.7338], [34.7778, 45.7328], [34.7615, 45.7309]]], [[[34.7497, 45.7317], [34.7483, 45.732], [34.7488, 45.7333], [34.7556, 45.7351], [34.7616, 45.7331], [34.7554, 45.7341], [34.7497, 45.7317]]], [[[34.4904, 45.7921], [34.4868, 45.7951], [34.4844, 45.7977], [34.4942, 45.7942], [34.4904, 45.7921]]], [[[34.4908, 45.8014], [34.4881, 45.8019], [34.4871, 45.8036], [34.4884, 45.8045], [34.4884, 45.8028], [34.4908, 45.8014]]], [[[34.4932, 45.799], [34.4915, 45.7999], [34.4924, 45.8029], [34.4983, 45.8038], [34.4992, 45.8019], [34.4969, 45.7995], [34.4932, 45.799]]], [[[34.4993, 45.7986], [34.5005, 45.8015], [34.5096, 45.8042], [34.4993, 45.7986]]], [[[34.5411, 45.807], [34.5391, 45.8075], [34.5458, 45.8082], [34.5472, 45.807], [34.5411, 45.807]]], [[[34.5505, 45.805], [34.548, 45.807], [34.5607, 45.8105], [34.5577, 45.8082], [34.5505, 45.805]]], [[[34.7325, 45.8229], [34.7344, 45.8245], [34.7359, 45.8241], [34.7346, 45.8235], [34.7325, 45.8229]]], [[[34.7091, 45.8222], [34.7126, 45.8248], [34.7207, 45.8261], [34.7376, 45.8274], [34.7412, 45.8264], [34.7398, 45.8252], [34.7295, 45.8264], [34.7091, 45.8222]]], [[[34.7282, 45.8351], [34.7414, 45.8404], [34.7463, 45.8457], [34.7463, 45.8472], [34.7459, 45.849], [34.7462, 45.8438], [34.7282, 45.8351]]], [[[34.6239, 45.8495], [34.6244, 45.8506], [34.6273, 45.852], [34.6273, 45.8515], [34.6239, 45.8495]]], [[[34.7514, 45.8581], [34.7514, 45.8641], [34.7542, 45.863], [34.7514, 45.8581]]], [[[34.6195, 45.9071], [34.619, 45.9077], [34.6215, 45.9086], [34.6215, 45.9083], [34.6195, 45.9071]]], [[[34.7814, 45.8882], [34.7732, 45.8987], [34.7726, 45.9032], [34.7758, 45.9033], [34.7784, 45.9008], [34.7778, 45.8961], [34.7814, 45.8905], [34.7814, 45.8882]]], [[[34.7821, 45.898], [34.7791, 45.9016], [34.7785, 45.9039], [34.7808, 45.9032], [34.7811, 45.9001], [34.7829, 45.8993], [34.7821, 45.898]]], [[[34.7781, 45.8835], [34.7781, 45.8852], [34.7801, 45.8852], [34.7795, 45.8846], [34.7781, 45.8835]]], [[[34.7717, 45.8746], [34.7891, 45.891], [34.7862, 45.8988], [34.7867, 45.8871], [34.7717, 45.8746]]], [[[34.4295, 45.9407], [34.4275, 45.9412], [34.4337, 45.9451], [34.4331, 45.9408], [34.4295, 45.9407]]], [[[34.1769, 45.943], [34.1746, 45.9435], [34.174, 45.9444], [34.1753, 45.9442], [34.1769, 45.943]]], [[[34.2142, 45.9514], [34.2111, 45.9536], [34.2118, 45.9548], [34.2138, 45.9547], [34.2142, 45.9514]]], [[[34.5602, 45.977], [34.5598, 45.9784], [34.5621, 45.9797], [34.5611, 45.9772], [34.5602, 45.977]]], [[[34.2456, 45.9966], [34.2436, 45.9971], [34.2439, 45.9982], [34.2443, 45.9983], [34.2456, 45.9966]]], [[[34.2402, 45.9971], [34.2391, 45.9971], [34.2389, 45.9979], [34.2412, 45.9982], [34.2402, 45.9971]]], [[[34.5571, 45.9783], [34.5553, 45.9787], [34.5596, 45.9797], [34.5585, 45.9788], [34.5571, 45.9783]]], [[[34.326, 46.001], [34.3256, 46.002], [34.3269, 46.002], [34.3269, 46.0015], [34.326, 46.001]]], [[[34.321, 46.0011], [34.3188, 46.0011], [34.3179, 46.0033], [34.3215, 46.0034], [34.321, 46.0011]]], [[[34.2866, 46.0019], [34.2845, 46.0024], [34.2841, 46.0032], [34.2852, 46.0037], [34.2866, 46.0019]]], [[[34.3026, 46.003], [34.3012, 46.003], [34.2999, 46.0048], [34.3036, 46.0058], [34.3026, 46.003]]], [[[34.2839, 46.0042], [34.283, 46.0043], [34.2826, 46.0056], [34.2837, 46.0058], [34.2839, 46.0042]]], [[[34.3207, 46.0052], [34.3198, 46.0052], [34.32, 46.0061], [34.3207, 46.0061], [34.3207, 46.0052]]], [[[34.3168, 46.0043], [34.3148, 46.0056], [34.3153, 46.0065], [34.3169, 46.0057], [34.3168, 46.0043]]], [[[34.3249, 46.0045], [34.3238, 46.0047], [34.3234, 46.0064], [34.3263, 46.0056], [34.3249, 46.0045]]], [[[34.085, 46.0826], [34.0724, 46.1064], [34.0836, 46.1024], [34.0925, 46.0853], [34.085, 46.0826]]], [[[34.2346, 45.9777], [34.2368, 45.9825], [34.2294, 45.9853], [34.2392, 45.9902], [34.2466, 45.9911], [34.2526, 45.9839], [34.2475, 45.9901], [34.2358, 46.0011], [34.2373, 46.0085], [34.2484, 46.0206], [34.2492, 46.0269], [34.2533, 46.027], [34.2567, 46.0276], [34.2689, 46.0177], [34.2587, 46.0359], [34.2626, 46.0382], [34.2814, 46.0425], [34.2657, 46.0468], [34.2789, 46.0495], [34.2838, 46.0392], [34.2764, 46.0102], [34.2972, 46.0031], [34.3005, 45.9994], [34.3058, 45.9976], [34.3076, 46.006], [34.3213, 45.9924], [34.3285, 45.9911], [34.3364, 46.0015], [34.3306, 46.006], [34.3271, 46.0208], [34.3213, 46.0225], [34.3132, 46.0208], [34.3149, 46.0265], [34.321, 46.0287], [34.3308, 46.0225], [34.3325, 46.0261], [34.3437, 46.0333], [34.3391, 46.038], [34.3219, 46.0385], [34.3456, 46.036], [34.3601, 46.0316], [34.3636, 46.0286], [34.3635, 46.0237], [34.3651, 46.016], [34.3746, 46.017], [34.3942, 45.9985], [34.4051, 45.9726], [34.4287, 45.9607], [34.4359, 45.9549], [34.4199, 45.943], [34.4074, 45.9405], [34.4187, 45.9239], [34.3975, 45.9301], [34.3938, 45.917], [34.3874, 45.9247], [34.3943, 45.9367], [34.3939, 45.9393], [34.3811, 45.9229], [34.3815, 45.9033], [34.393, 45.9038], [34.3939, 45.9129], [34.4099, 45.9051], [34.4093, 45.8982], [34.3994, 45.8914], [34.4062, 45.8915], [34.4143, 45.8913], [34.4134, 45.9029], [34.4265, 45.9118], [34.4339, 45.8926], [34.4357, 45.8852], [34.4398, 45.8939], [34.4339, 45.9039], [34.4386, 45.9255], [34.4303, 45.9354], [34.4376, 45.9406], [34.4374, 45.9419], [34.4407, 45.9486], [34.4483, 45.946], [34.4714, 45.9475], [34.4865, 45.9265], [34.4842, 45.8805], [34.4817, 45.8711], [34.4801, 45.8811], [34.4753, 45.8762], [34.4855, 45.8726], [34.4949, 45.8759], [34.5267, 45.9146], [34.5313, 45.9267], [34.5465, 45.9221], [34.5751, 45.9122], [34.5896, 45.9179], [34.5928, 45.9272], [34.5831, 45.9192], [34.5598, 45.9533], [34.5537, 45.9691], [34.5552, 45.9818], [34.5556, 45.9722], [34.5623, 45.9775], [34.5579, 45.9841], [34.5533, 45.9886], [34.6, 45.9661], [34.6485, 45.9447], [34.643, 45.9278], [34.6344, 45.9237], [34.6126, 45.9174], [34.6216, 45.8934], [34.6196, 45.9041], [34.6302, 45.9112], [34.635, 45.9158], [34.6277, 45.8886], [34.5543, 45.8469], [34.5315, 45.8275], [34.5101, 45.8063], [34.5081, 45.809], [34.4887, 45.8059], [34.4858, 45.7991], [34.4613, 45.8049], [34.462, 45.798], [34.4754, 45.7948], [34.4713, 45.7857], [34.4825, 45.7853], [34.5014, 45.785], [34.489, 45.785], [34.4947, 45.785], [34.5039, 45.7852], [34.5031, 45.7897], [34.5765, 45.8132], [34.574, 45.813], [34.5751, 45.8166], [34.6094, 45.8403], [34.6149, 45.8438], [34.6345, 45.8522], [34.6509, 45.8648], [34.7322, 45.8859], [34.754, 45.8985], [34.7523, 45.8998], [34.7627, 45.8971], [34.7597, 45.8654], [34.7464, 45.8771], [34.7217, 45.8735], [34.7142, 45.8699], [34.7092, 45.8695], [34.6738, 45.8431], [34.6709, 45.8289], [34.6661, 45.8107], [34.6651, 45.7991], [34.7042, 45.8136], [34.7425, 45.8239], [34.7633, 45.8088], [34.7485, 45.8161], [34.7536, 45.808], [34.7533, 45.7986], [34.7618, 45.7955], [34.7646, 45.8053], [34.7819, 45.7925], [34.757, 45.7716], [34.7375, 45.7452], [34.7311, 45.7491], [34.7001, 45.7386], [34.6921, 45.7333], [34.6752, 45.7184], [34.6896, 45.71], [34.7044, 45.7109], [34.7169, 45.7082], [34.7429, 45.7224], [34.787, 45.7343], [34.8411, 45.7413], [34.8777, 45.7479], [34.8661, 45.738], [34.8583, 45.7275], [34.8472, 45.7229], [34.8482, 45.7008], [34.8111, 45.6665], [34.8069, 45.6348], [34.7174, 45.6245], [34.7584, 45.6023], [34.7023, 45.5838], [34.6124, 45.5656], [34.5855, 45.5626], [34.5741, 45.5222], [34.5059, 45.5452], [34.4617, 45.5663], [34.403, 45.5607], [34.3351, 45.5631], [34.2817, 45.5603], [34.2555, 45.5648], [34.2552, 45.626], [34.1601, 45.5989], [34.1418, 45.5813], [34.1023, 45.6303], [34.0707, 45.6495], [34.1025, 45.68], [34.1111, 45.6941], [34.1181, 45.7624], [34.0995, 45.7968], [34.1026, 45.8202], [34.0999, 45.8565], [34.1534, 45.8538], [34.1314, 45.9125], [34.0966, 45.9252], [34.0971, 45.9345], [34.0941, 45.9477], [34.0855, 45.9451], [34.0722, 45.9581], [34.0709, 45.9611], [34.0714, 45.9625], [34.0696, 45.962], [34.0671, 45.9743], [34.058, 45.983], [34.067, 45.9928], [34.0816, 45.9999], [34.0843, 45.9991], [34.0829, 46.0115], [34.093, 46.021], [34.0818, 46.0224], [34.0789, 46.0246], [34.0787, 46.0516], [34.0614, 46.0768], [34.0591, 46.0632], [34.0749, 46.0593], [34.0732, 46.0681], [34.0814, 46.073], [34.0914, 46.0499], [34.1106, 46.0431], [34.1294, 46.035], [34.1197, 46.0243], [34.1574, 46.0123], [34.1633, 46.0063], [34.1493, 45.9949], [34.1488, 45.9904], [34.1623, 45.9994], [34.1749, 45.9986], [34.1779, 46.0042], [34.1843, 45.9976], [34.1507, 45.9746], [34.1316, 45.9739], [34.1318, 45.9772], [34.1328, 45.9808], [34.1132, 45.9822], [34.1051, 45.9792], [34.1309, 45.9535], [34.1517, 45.9545], [34.1485, 45.9414], [34.1575, 45.9444], [34.1763, 45.9398], [34.1844, 45.939], [34.1773, 45.9447], [34.184, 45.9489], [34.1943, 45.9469], [34.201, 45.9531], [34.1957, 45.9517], [34.2146, 45.9479], [34.2195, 45.9551], [34.2119, 45.9586], [34.2062, 45.9763], [34.1999, 45.9971], [34.1975, 46.0013], [34.1866, 46.0096], [34.1853, 46.0211], [34.1624, 46.0256], [34.1744, 46.0162], [34.1641, 46.019], [34.1518, 46.0276], [34.1213, 46.0474], [34.12, 46.0505], [34.1236, 46.0579], [34.1138, 46.0553], [34.1068, 46.0653], [34.1284, 46.0633], [34.1342, 46.0677], [34.1373, 46.0547], [34.1564, 46.0542], [34.1525, 46.0606], [34.1628, 46.0569], [34.1893, 46.0481], [34.1948, 46.0424], [34.1994, 46.0464], [34.21, 46.0394], [34.2131, 46.046], [34.2385, 46.0289], [34.2397, 46.0224], [34.232, 46.0228], [34.2242, 46.018], [34.2295, 46.0024], [34.2376, 45.9913], [34.2249, 45.9863], [34.23, 45.9831], [34.2346, 45.9777]]], [[[34.3294, 46.0098], [34.3299, 46.0117], [34.3314, 46.0115], [34.3305, 46.0099], [34.3294, 46.0098]]], [[[34.2321, 46.0077], [34.2318, 46.0123], [34.2297, 46.0104], [34.2272, 46.0108], [34.2278, 46.0158], [34.2327, 46.0145], [34.234, 46.0102], [34.2321, 46.0077]]], [[[34.3244, 46.0116], [34.3222, 46.0116], [34.3215, 46.0119], [34.324, 46.0133], [34.3256, 46.0125], [34.3244, 46.0116]]], [[[34.32, 46.0069], [34.3182, 46.0074], [34.3169, 46.0096], [34.3192, 46.0097], [34.3212, 46.0077], [34.32, 46.0069]]], [[[34.3135, 46.0082], [34.3129, 46.0095], [34.3149, 46.0089], [34.3142, 46.0084], [34.3135, 46.0082]]], [[[34.2809, 46.0088], [34.2797, 46.0097], [34.2816, 46.0113], [34.2815, 46.0094], [34.2809, 46.0088]]], [[[34.2836, 46.0097], [34.2829, 46.0097], [34.2829, 46.0108], [34.2843, 46.0105], [34.2836, 46.0097]]], [[[34.2819, 46.0064], [34.2813, 46.0069], [34.2822, 46.0081], [34.2826, 46.0073], [34.2819, 46.0064]]], [[[34.2278, 46.0169], [34.2265, 46.0175], [34.2299, 46.0175], [34.2299, 46.017], [34.2278, 46.0169]]], [[[34.2334, 46.0162], [34.2321, 46.0168], [34.2326, 46.0178], [34.2339, 46.0175], [34.2334, 46.0162]]], [[[34.2368, 46.0163], [34.2362, 46.0173], [34.2378, 46.0173], [34.2375, 46.0165], [34.2368, 46.0163]]], [[[34.3713, 46.02], [34.3698, 46.0209], [34.3718, 46.0219], [34.3718, 46.0201], [34.3713, 46.02]]], [[[34.3197, 46.0204], [34.3186, 46.0223], [34.3188, 46.0225], [34.3202, 46.022], [34.3197, 46.0204]]], [[[34.2922, 46.0214], [34.2922, 46.0231], [34.294, 46.0223], [34.294, 46.022], [34.2922, 46.0214]]], [[[34.2469, 46.0214], [34.2455, 46.0214], [34.2453, 46.0228], [34.2469, 46.0231], [34.2469, 46.0214]]], [[[34.3329, 46.0165], [34.3325, 46.017], [34.3316, 46.0176], [34.3338, 46.0177], [34.3329, 46.0165]]], [[[34.3313, 46.0153], [34.3288, 46.0161], [34.3284, 46.017], [34.3307, 46.017], [34.3313, 46.0153]]], [[[34.307, 46.0074], [34.3112, 46.0153], [34.314, 46.017], [34.3157, 46.0139], [34.3112, 46.0141], [34.307, 46.0074]]], [[[34.3072, 46.0162], [34.3061, 46.0174], [34.3072, 46.0179], [34.3079, 46.0168], [34.3072, 46.0162]]], [[[34.2407, 46.0169], [34.2391, 46.0174], [34.2418, 46.0182], [34.2418, 46.0178], [34.2407, 46.0169]]], [[[34.3088, 46.0188], [34.3079, 46.0188], [34.3075, 46.0199], [34.3095, 46.0204], [34.3088, 46.0188]]], [[[34.3179, 46.0192], [34.3158, 46.0194], [34.3159, 46.0213], [34.3172, 46.0212], [34.3179, 46.0192]]], [[[34.1265, 46.0253], [34.1249, 46.0253], [34.1247, 46.0261], [34.1272, 46.0263], [34.1265, 46.0253]]], [[[34.1229, 46.0252], [34.1222, 46.0261], [34.1241, 46.0266], [34.1238, 46.0257], [34.1229, 46.0252]]], [[[34.1378, 46.0345], [34.1371, 46.0345], [34.136, 46.0353], [34.1371, 46.0356], [34.1378, 46.0345]]], [[[34.3264, 46.0282], [34.3197, 46.03], [34.3317, 46.0313], [34.3408, 46.0346], [34.3375, 46.0293], [34.3264, 46.0282]]], [[[34.2983, 46.0332], [34.295, 46.0334], [34.2943, 46.0347], [34.2984, 46.034], [34.2983, 46.0332]]], [[[34.3042, 46.0332], [34.302, 46.0349], [34.3022, 46.0357], [34.3034, 46.0359], [34.3042, 46.0332]]], [[[34.3112, 46.0342], [34.3092, 46.0344], [34.3092, 46.0348], [34.3119, 46.0358], [34.3112, 46.0342]]], [[[34.1392, 46.0296], [34.1383, 46.0296], [34.1379, 46.0309], [34.1393, 46.0308], [34.1392, 46.0296]]], [[[34.3115, 46.0277], [34.3118, 46.0292], [34.3136, 46.0293], [34.3136, 46.0287], [34.3115, 46.0277]]], [[[34.3132, 46.0307], [34.3123, 46.0312], [34.3125, 46.032], [34.3134, 46.032], [34.3132, 46.0307]]], [[[34.2908, 46.0305], [34.2895, 46.0305], [34.2888, 46.0308], [34.2902, 46.0313], [34.2908, 46.0305]]], [[[34.2874, 46.0304], [34.2861, 46.031], [34.2861, 46.0318], [34.2875, 46.0318], [34.2874, 46.0304]]], [[[34.2539, 46.0323], [34.2528, 46.0331], [34.253, 46.0336], [34.2543, 46.0329], [34.2539, 46.0323]]], [[[34.3148, 46.0318], [34.3142, 46.0356], [34.3113, 46.0372], [34.3196, 46.0371], [34.3198, 46.0342], [34.3148, 46.0318]]], [[[34.3081, 46.027], [34.3091, 46.0284], [34.3102, 46.0274], [34.3095, 46.0271], [34.3081, 46.027]]], [[[34.2472, 46.0267], [34.2459, 46.0268], [34.2459, 46.0279], [34.247, 46.0282], [34.2472, 46.0267]]], [[[34.305, 46.0274], [34.3032, 46.028], [34.3068, 46.0289], [34.3066, 46.0278], [34.305, 46.0274]]], [[[34.1408, 46.0279], [34.1401, 46.0279], [34.1397, 46.028], [34.1412, 46.0286], [34.1408, 46.0279]]], [[[34.3009, 46.0274], [34.2989, 46.0287], [34.3019, 46.0296], [34.3025, 46.0288], [34.3009, 46.0274]]], [[[34.2427, 46.0287], [34.2421, 46.0287], [34.241, 46.0298], [34.2423, 46.0299], [34.2427, 46.0287]]], [[[34.2923, 46.0278], [34.2906, 46.0283], [34.2906, 46.0288], [34.2926, 46.0294], [34.2923, 46.0278]]], [[[34.2448, 46.0291], [34.2433, 46.0321], [34.2456, 46.033], [34.2459, 46.0299], [34.2448, 46.0291]]], [[[34.1318, 46.0391], [34.1316, 46.0404], [34.1338, 46.0397], [34.1331, 46.0392], [34.1318, 46.0391]]], [[[34.1273, 46.0393], [34.1257, 46.0395], [34.1255, 46.0415], [34.1275, 46.0405], [34.1273, 46.0393]]], [[[34.2588, 46.0382], [34.2581, 46.039], [34.2581, 46.04], [34.2599, 46.0392], [34.2588, 46.0382]]], [[[34.2529, 46.0389], [34.2523, 46.0402], [34.2541, 46.0403], [34.254, 46.0394], [34.2529, 46.0389]]], [[[34.1303, 46.0437], [34.1294, 46.0437], [34.1287, 46.0438], [34.1301, 46.0445], [34.1303, 46.0437]]], [[[34.2668, 46.0435], [34.2656, 46.0437], [34.2657, 46.0444], [34.2672, 46.0444], [34.2668, 46.0435]]], [[[34.2068, 46.0457], [34.2068, 46.0467], [34.2082, 46.0466], [34.2079, 46.046], [34.2068, 46.0457]]], [[[34.2106, 46.0458], [34.2091, 46.0462], [34.2089, 46.0468], [34.2113, 46.0468], [34.2106, 46.0458]]], [[[34.2043, 46.0465], [34.2032, 46.0472], [34.2032, 46.0476], [34.2048, 46.0473], [34.2043, 46.0465]]], [[[34.2651, 46.0407], [34.2645, 46.0419], [34.2658, 46.0419], [34.2658, 46.041], [34.2651, 46.0407]]], [[[34.2563, 46.0403], [34.2557, 46.0414], [34.2598, 46.0433], [34.2624, 46.041], [34.2563, 46.0403]]], [[[34.13, 46.0412], [34.1291, 46.0419], [34.1289, 46.0424], [34.1305, 46.0424], [34.13, 46.0412]]], [[[34.143, 46.0597], [34.1426, 46.0599], [34.1421, 46.0607], [34.1435, 46.0607], [34.143, 46.0597]]], [[[34.1399, 46.0612], [34.1385, 46.0613], [34.1386, 46.0624], [34.1404, 46.0618], [34.1399, 46.0612]]], [[[34.0763, 46.0662], [34.0754, 46.0667], [34.075, 46.067], [34.077, 46.0671], [34.0763, 46.0662]]], [[[34.1649, 46.0692], [34.1617, 46.0696], [34.1613, 46.0701], [34.1663, 46.0724], [34.1665, 46.0695], [34.1649, 46.0692]]], [[[34.0687, 46.0699], [34.067, 46.0751], [34.0729, 46.0752], [34.0693, 46.0733], [34.0687, 46.0699]]], [[[34.1997, 46.0492], [34.1995, 46.0505], [34.2008, 46.0506], [34.2008, 46.0497], [34.1997, 46.0492]]], [[[34.1968, 46.0507], [34.197, 46.0516], [34.1988, 46.0518], [34.199, 46.0511], [34.1968, 46.0507]]], [[[34.2092, 46.0499], [34.2049, 46.0515], [34.2034, 46.0534], [34.2079, 46.0525], [34.2092, 46.0499]]], [[[34.134, 46.0362], [34.1328, 46.0367], [34.1331, 46.0372], [34.1342, 46.0372], [34.134, 46.0362]]], [[[34.2565, 46.037], [34.2556, 46.037], [34.2554, 46.0381], [34.2569, 46.0378], [34.2565, 46.037]]], [[[34.2458, 46.0241], [34.2447, 46.0249], [34.2456, 46.0258], [34.2463, 46.0256], [34.2458, 46.0241]]]]}, "properties": {"name": "Джанкойський район", "oblast": "", "pct": null, "eps": null, "own": 0}}, {"type": "Feature", "geometry": {"type": "MultiPolygon", "coordinates": [[[[37.6812, 47.0768], [37.6831, 47.0781], [37.6841, 47.0766], [37.6817, 47.0758], [37.6751, 47.079], [37.6812, 47.0768]]], [[[37.1747, 46.9206], [37.1138, 46.9031], [37.0541, 46.8943], [37.0916, 46.9676], [37.0895, 47.0075], [37.0811, 47.0472], [36.9959, 47.0835], [37.0123, 47.0912], [37.0045, 47.0997], [37.0106, 47.1137], [37.0023, 47.1209], [36.9961, 47.1294], [36.9792, 47.1276], [36.9698, 47.1359], [36.9577, 47.1497], [36.9365, 47.1657], [36.9242, 47.1696], [36.9146, 47.1662], [36.9072, 47.1687], [36.8887, 47.1721], [36.8793, 47.1766], [36.8587, 47.1906], [36.8901, 47.2005], [36.9317, 47.201], [36.949, 47.2284], [36.9271, 47.3195], [37.0274, 47.3142], [37.0368, 47.2992], [37.0866, 47.3229], [37.1235, 47.3408], [37.1513, 47.3687], [37.1949, 47.373], [37.2437, 47.455], [37.2649, 47.4658], [37.2842, 47.4356], [37.2876, 47.4201], [37.3082, 47.4188], [37.3169, 47.413], [37.3212, 47.4081], [37.3354, 47.3968], [37.3416, 47.4007], [37.4097, 47.3965], [37.4167, 47.3777], [37.4054, 47.3626], [37.5912, 47.3697], [37.5828, 47.365], [37.5966, 47.3572], [37.6358, 47.3481], [37.7019, 47.3447], [37.849, 47.3641], [37.8403, 47.3504], [37.8625, 47.3499], [37.8295, 47.3391], [37.8376, 47.3119], [37.8227, 47.3096], [37.8006, 47.2938], [37.8601, 47.2717], [37.822, 47.223], [37.8822, 47.2096], [37.8749, 47.1604], [37.838, 47.1633], [37.8213, 47.1473], [37.8022, 47.1354], [37.8593, 47.1118], [37.8434, 47.1024], [37.792, 47.0861], [37.7083, 47.0798], [37.6478, 47.091], [37.6142, 47.0918], [37.5863, 47.0851], [37.5828, 47.0887], [37.5749, 47.0878], [37.5747, 47.0857], [37.518, 47.0621], [37.5164, 47.0506], [37.5037, 47.0499], [37.5225, 47.0519], [37.5131, 47.0569], [37.5151, 47.0661], [37.5056, 47.0552], [37.491, 47.0428], [37.4323, 46.9788], [37.3361, 46.8891], [37.2918, 46.8681], [37.3012, 46.8714], [37.3195, 46.8831], [37.3245, 46.8854], [37.3281, 46.8918], [37.3207, 46.9046], [37.3209, 46.9081], [37.2703, 46.9409], [37.2273, 46.9472], [37.1886, 46.9311], [37.1747, 46.9206]]]]}, "properties": {"name": "Маріупольський район", "oblast": "Донецька", "pct": 76.9, "eps": 2052, "own": 986}}, {"type": "Feature", "geometry": {"type": "MultiPolygon", "coordinates": [[[[38.6286, 47.6692], [38.6165, 47.6442], [38.3564, 47.617], [38.3455, 47.6353], [38.3272, 47.6538], [38.3258, 47.6876], [38.3034, 47.7027], [38.229, 47.7147], [38.2108, 47.7236], [38.1891, 47.7436], [38.1649, 47.7632], [38.1771, 47.7725], [38.1895, 47.7694], [38.2315, 47.7831], [38.2348, 47.8137], [38.2123, 47.8113], [38.1827, 47.8354], [38.1268, 47.8201], [38.1244, 47.8317], [38.09, 47.8317], [38.0637, 47.8214], [38.0312, 47.8244], [38.0059, 47.8445], [37.9985, 47.8504], [37.9783, 47.8563], [37.9588, 47.8607], [37.9646, 47.8543], [37.9358, 47.8485], [37.934, 47.8346], [37.9129, 47.8532], [37.9071, 47.8849], [37.872, 47.896], [37.8529, 47.9076], [37.8142, 47.8833], [37.7922, 47.8967], [37.783, 47.9032], [37.6945, 47.893], [37.6612, 47.9097], [37.6285, 47.9229], [37.5942, 47.8872], [37.547, 47.9079], [37.5493, 47.9229], [37.5286, 47.9462], [37.5601, 47.9771], [37.5619, 48.0083], [37.5577, 48.0381], [37.6243, 48.0061], [37.6622, 47.9991], [37.6696, 48.0098], [37.6594, 48.0202], [37.6948, 48.0506], [37.6976, 48.0749], [37.6954, 48.0868], [37.7161, 48.1232], [37.7398, 48.1224], [37.7495, 48.1249], [37.7756, 48.1063], [37.8084, 48.1198], [37.7829, 48.1395], [37.7823, 48.1511], [37.7903, 48.1627], [37.8479, 48.1804], [37.8357, 48.1525], [37.8597, 48.1481], [37.8727, 48.1485], [37.885, 48.1442], [37.9034, 48.167], [37.9337, 48.1839], [37.9401, 48.1901], [37.9765, 48.1933], [38.0025, 48.1948], [38.0033, 48.1824], [38.0114, 48.1721], [38.0378, 48.1652], [38.0512, 48.147], [38.0641, 48.1495], [38.1055, 48.1635], [38.1234, 48.1739], [38.14, 48.1791], [38.1498, 48.1646], [38.1843, 48.1459], [38.1787, 48.1411], [38.1992, 48.1373], [38.2103, 48.1337], [38.2227, 48.1289], [38.2113, 48.123], [38.186, 48.1038], [38.1545, 48.0849], [38.1971, 48.0827], [38.2265, 48.067], [38.2302, 48.0769], [38.2121, 48.0825], [38.2295, 48.1002], [38.2539, 48.1052], [38.2484, 48.1265], [38.2713, 48.1393], [38.2753, 48.1347], [38.2768, 48.1318], [38.2776, 48.1286], [38.2943, 48.1313], [38.3118, 48.1166], [38.2977, 48.1128], [38.2998, 48.1105], [38.2933, 48.1054], [38.319, 48.0974], [38.3065, 48.0918], [38.3291, 48.0926], [38.3374, 48.0792], [38.3355, 48.0711], [38.2666, 48.0704], [38.2697, 48.0628], [38.2976, 48.0634], [38.3361, 48.0421], [38.3595, 48.0251], [38.3733, 47.982], [38.3914, 47.9647], [38.4338, 47.948], [38.4603, 47.94], [38.4889, 47.9522], [38.5077, 47.9522], [38.5222, 47.9549], [38.5604, 47.9318], [38.5945, 47.9522], [38.6149, 47.9188], [38.6448, 47.9294], [38.6453, 47.9221], [38.6549, 47.9168], [38.6728, 47.9108], [38.7356, 47.9139], [38.7754, 47.879], [38.8327, 47.8704], [38.8298, 47.8498], [38.826, 47.8338], [38.8305, 47.8272], [38.8284, 47.8153], [38.7845, 47.7918], [38.7931, 47.7845], [38.7966, 47.7738], [38.7897, 47.7686], [38.7766, 47.7306], [38.7705, 47.7208], [38.7555, 47.6852], [38.7467, 47.6863], [38.7358, 47.6829], [38.7298, 47.6909], [38.7344, 47.6999], [38.6653, 47.6695], [38.6286, 47.6692]]]]}, "properties": {"name": "Донецький район", "oblast": "Донецька", "pct": 76.9, "eps": 2052, "own": 986}}, {"type": "Feature", "geometry": {"type": "MultiPolygon", "coordinates": [[[[37.74, 48.3559], [37.7355, 48.3386], [37.7467, 48.3263], [37.7096, 48.3087], [37.6878, 48.2678], [37.6417, 48.2788], [37.617, 48.2763], [37.6005, 48.3098], [37.576, 48.3228], [37.539, 48.3398], [37.4805, 48.3267], [37.4846, 48.3422], [37.452, 48.3487], [37.4469, 48.4113], [37.4448, 48.4262], [37.4288, 48.458], [37.3611, 48.4834], [37.3733, 48.5006], [37.3842, 48.5074], [37.385, 48.5205], [37.3929, 48.5289], [37.3978, 48.5375], [37.357, 48.5568], [37.3463, 48.5555], [37.3343, 48.5798], [37.2591, 48.5681], [37.2201, 48.6035], [37.1624, 48.6084], [37.1299, 48.5946], [37.0995, 48.6085], [37.0485, 48.5819], [37.057, 48.566], [37.0216, 48.5663], [37.004, 48.5502], [36.9927, 48.5453], [36.9444, 48.5369], [36.9045, 48.531], [36.8827, 48.5509], [36.8238, 48.5655], [36.8055, 48.5966], [36.7466, 48.5968], [36.7273, 48.6524], [36.7298, 48.6572], [36.7218, 48.6613], [36.7188, 48.6748], [36.7174, 48.6908], [36.731, 48.695], [36.7151, 48.737], [36.7114, 48.7556], [36.6885, 48.7747], [36.7301, 48.8031], [36.7899, 48.8027], [36.7918, 48.7861], [36.8204, 48.7714], [36.9213, 48.7975], [36.9447, 48.7921], [36.977, 48.7877], [37.0028, 48.7662], [37.0385, 48.7533], [37.0239, 48.775], [37.0079, 48.8027], [37.0247, 48.8173], [37.0688, 48.8175], [37.1313, 48.8434], [37.1412, 48.8332], [37.1921, 48.8151], [37.1912, 48.8754], [37.2024, 48.8811], [37.2262, 48.9081], [37.2655, 48.9071], [37.2988, 48.9182], [37.3337, 48.9351], [37.3333, 48.9415], [37.3218, 48.9378], [37.3111, 48.9422], [37.3204, 48.9531], [37.3051, 48.962], [37.3008, 48.9669], [37.2998, 48.9725], [37.3032, 48.9791], [37.3132, 48.9771], [37.3234, 48.9826], [37.3133, 48.9901], [37.3446, 49.0036], [37.3587, 48.9921], [37.3754, 49.026], [37.3908, 49.0267], [37.3842, 49.0459], [37.4101, 49.0535], [37.4426, 49.0572], [37.4581, 49.0571], [37.4667, 49.0553], [37.479, 49.0608], [37.4972, 49.067], [37.4996, 49.0891], [37.4999, 49.1056], [37.5845, 49.1268], [37.5638, 49.1345], [37.5512, 49.1477], [37.5672, 49.1498], [37.5115, 49.1793], [37.5098, 49.1965], [37.5664, 49.2305], [37.7098, 49.2205], [37.826, 49.2064], [37.8429, 49.2053], [37.8526, 49.2223], [37.8715, 49.2372], [37.8797, 49.2213], [37.9094, 49.2135], [37.9355, 49.1917], [37.9015, 49.1662], [37.9457, 49.1388], [37.9742, 49.1345], [38.0405, 49.1387], [38.0821, 49.1479], [38.0657, 49.08], [38.0707, 49.042], [38.0762, 48.9911], [38.0585, 48.9757], [38.0307, 48.9741], [38.0388, 48.944], [38.0348, 48.9199], [38.0133, 48.9033], [38.0315, 48.8923], [38.0351, 48.8821], [38.0054, 48.8451], [37.9511, 48.8453], [37.9392, 48.8434], [37.91, 48.8374], [37.9353, 48.7961], [37.8846, 48.7942], [37.8242, 48.7534], [37.8159, 48.7369], [37.8143, 48.7214], [37.8185, 48.6782], [37.8349, 48.6605], [37.8151, 48.6339], [37.8222, 48.5999], [37.8096, 48.5988], [37.8026, 48.5901], [37.8037, 48.5858], [37.8121, 48.5602], [37.8119, 48.5485], [37.8406, 48.5501], [37.8679, 48.5447], [37.8879, 48.5276], [37.92, 48.504], [37.9094, 48.4949], [37.9363, 48.4892], [37.9635, 48.4831], [37.9498, 48.47], [37.9705, 48.467], [37.9681, 48.4732], [38.0058, 48.4731], [38.0053, 48.4578], [37.9409, 48.4506], [37.9636, 48.3989], [37.9882, 48.3826], [37.9709, 48.38], [37.9571, 48.3703], [37.946, 48.3585], [37.9358, 48.3599], [37.9265, 48.366], [37.9386, 48.3977], [37.9352, 48.4187], [37.918, 48.4119], [37.9013, 48.4168], [37.8955, 48.4092], [37.8744, 48.415], [37.8771, 48.4098], [37.8742, 48.4049], [37.8675, 48.4115], [37.8483, 48.4104], [37.8286, 48.4162], [37.8127, 48.4112], [37.8051, 48.3957], [37.7824, 48.4037], [37.7857, 48.4177], [37.7771, 48.4318], [37.7818, 48.4146], [37.7698, 48.4042], [37.7912, 48.3839], [37.816, 48.3633], [37.7934, 48.3772], [37.7457, 48.3602], [37.74, 48.3559]]]]}, "properties": {"name": "Краматорський район", "oblast": "Донецька", "pct": 76.9, "eps": 2052, "own": 1008}}, {"type": "Feature", "geometry": {"type": "MultiPolygon", "coordinates": [[[[37.5468, 47.8573], [37.5405, 47.8233], [37.5219, 47.821], [37.4717, 47.8022], [37.41, 47.8056], [37.3084, 47.8278], [37.2889, 47.8106], [37.2679, 47.805], [37.2578, 47.8309], [37.2137, 47.8766], [37.1834, 47.8849], [37.2128, 47.8981], [37.2216, 47.9117], [37.0691, 47.9337], [37.0805, 47.9764], [37.0959, 47.9745], [37.1267, 47.9601], [37.1577, 47.982], [37.1318, 47.9958], [37.1406, 48.0066], [37.176, 48.0093], [37.1672, 48.0273], [37.1543, 48.0682], [37.1115, 48.0961], [36.9923, 48.0726], [36.8955, 48.0771], [36.8843, 48.1825], [36.8929, 48.1797], [36.8927, 48.1863], [36.8973, 48.1865], [36.9057, 48.1885], [36.9119, 48.309], [36.8171, 48.3122], [36.8129, 48.3662], [36.8212, 48.4063], [36.8301, 48.4106], [36.8345, 48.4176], [36.8469, 48.4173], [36.848, 48.4287], [36.83, 48.4847], [36.9069, 48.5225], [36.9415, 48.5366], [36.9927, 48.5453], [37.004, 48.5502], [37.0216, 48.5663], [37.057, 48.566], [37.0485, 48.5819], [37.0895, 48.6067], [37.1297, 48.5933], [37.164, 48.5899], [37.2024, 48.601], [37.2526, 48.601], [37.2975, 48.5977], [37.3348, 48.568], [37.3525, 48.5591], [37.3681, 48.5365], [37.3928, 48.532], [37.3887, 48.522], [37.3887, 48.5122], [37.3803, 48.5021], [37.3607, 48.485], [37.4338, 48.4752], [37.4421, 48.4436], [37.4318, 48.4107], [37.4432, 48.3837], [37.4698, 48.3532], [37.4743, 48.3313], [37.4926, 48.3179], [37.5629, 48.3333], [37.5937, 48.3038], [37.5996, 48.2789], [37.6363, 48.2817], [37.6848, 48.2687], [37.72, 48.2637], [37.7487, 48.3229], [37.7399, 48.3352], [37.7375, 48.3559], [37.7484, 48.361], [37.8027, 48.3652], [37.8153, 48.3611], [37.8317, 48.3459], [37.8499, 48.3518], [37.8181, 48.3623], [37.8179, 48.3683], [37.8091, 48.3917], [37.8233, 48.387], [37.8514, 48.3699], [37.8832, 48.3535], [37.9033, 48.3516], [37.9224, 48.342], [37.9404, 48.3237], [37.904, 48.3067], [37.8923, 48.2956], [37.9089, 48.2631], [37.9265, 48.2593], [37.8941, 48.2315], [37.9259, 48.232], [37.9361, 48.2257], [37.9324, 48.2086], [37.9535, 48.2059], [37.9401, 48.1901], [37.9337, 48.1839], [37.9034, 48.167], [37.885, 48.1442], [37.8727, 48.1485], [37.8597, 48.1481], [37.8357, 48.1525], [37.8479, 48.1804], [37.7903, 48.1627], [37.7823, 48.1511], [37.7829, 48.1395], [37.8084, 48.1198], [37.7756, 48.1063], [37.7495, 48.1249], [37.7398, 48.1224], [37.7161, 48.1232], [37.6954, 48.0868], [37.6976, 48.0749], [37.6948, 48.0506], [37.6594, 48.0202], [37.6696, 48.0098], [37.6622, 47.9991], [37.6243, 48.0061], [37.5577, 48.0381], [37.5619, 48.0083], [37.5601, 47.9771], [37.5286, 47.9462], [37.5493, 47.9229], [37.547, 47.9079], [37.5422, 47.8572], [37.5468, 47.8573]]]]}, "properties": {"name": "Покровський район", "oblast": "Донецька", "pct": 83.5, "eps": 1733, "own": 4286}}, {"type": "Feature", "geometry": {"type": "MultiPolygon", "coordinates": [[[[37.5386, 47.3669], [37.4051, 47.3597], [37.4161, 47.3719], [37.408, 47.3933], [37.3585, 47.4166], [37.3376, 47.397], [37.3235, 47.405], [37.3194, 47.4163], [37.3104, 47.4204], [37.2923, 47.4208], [37.2842, 47.4356], [37.2649, 47.4658], [37.2134, 47.4668], [37.1876, 47.4682], [37.1646, 47.4626], [37.0847, 47.4971], [37.0213, 47.5519], [36.9677, 47.5545], [36.8306, 47.6235], [36.7608, 47.6073], [36.7648, 47.6229], [36.718, 47.6589], [36.7523, 47.6643], [36.7686, 47.6665], [36.7743, 47.6694], [36.7846, 47.6734], [36.7845, 47.6802], [36.7915, 47.6852], [36.6856, 47.7299], [36.5872, 47.7854], [36.6076, 47.8378], [36.5772, 47.8797], [36.5919, 47.9106], [36.6398, 47.9199], [36.5763, 47.9982], [36.5899, 48.0004], [36.5691, 48.0112], [36.5904, 48.0202], [36.5767, 48.0365], [36.586, 48.0528], [36.5786, 48.0622], [36.5876, 48.076], [36.5863, 48.0789], [36.6044, 48.0852], [36.6081, 48.0899], [36.6293, 48.0862], [36.6519, 48.0889], [36.6401, 48.0922], [36.6527, 48.0991], [36.6639, 48.0876], [36.6792, 48.0892], [36.7125, 48.0802], [36.7251, 48.0787], [36.7395, 48.0649], [36.7416, 48.057], [36.7537, 48.0492], [36.7721, 48.0496], [36.783, 48.0466], [36.8029, 48.0519], [36.8263, 48.0355], [36.854, 48.0323], [36.8775, 48.0614], [36.9923, 48.0726], [37.1115, 48.0961], [37.1543, 48.0682], [37.1672, 48.0273], [37.176, 48.0093], [37.1406, 48.0066], [37.1318, 47.9958], [37.1577, 47.982], [37.1267, 47.9601], [37.0959, 47.9745], [37.0805, 47.9764], [37.0691, 47.9337], [37.2216, 47.9117], [37.2128, 47.8981], [37.1834, 47.8849], [37.2137, 47.8766], [37.2578, 47.8309], [37.2679, 47.805], [37.2889, 47.8106], [37.3084, 47.8278], [37.41, 47.8056], [37.4717, 47.8022], [37.5822, 47.8111], [37.609, 47.7814], [37.6123, 47.7521], [37.6128, 47.7164], [37.609, 47.6978], [37.6227, 47.6974], [37.6475, 47.704], [37.69, 47.7112], [37.7715, 47.6636], [37.7631, 47.653], [37.816, 47.6249], [37.8234, 47.5797], [37.8124, 47.5645], [37.8433, 47.4955], [37.8895, 47.481], [37.8715, 47.4499], [37.9272, 47.4442], [37.8807, 47.414], [37.859, 47.3922], [37.8415, 47.3773], [37.849, 47.3641], [37.7019, 47.3447], [37.6358, 47.3481], [37.5966, 47.3572], [37.5828, 47.365], [37.5912, 47.3697], [37.5386, 47.3669]]]]}, "properties": {"name": "Волноваський район", "oblast": "Донецька", "pct": 76.9, "eps": 2052, "own": 986}}, {"type": "Feature", "geometry": {"type": "MultiPolygon", "coordinates": [[[[37.9587, 48.4535], [37.9587, 48.4456], [37.9409, 48.4506], [37.9536, 48.4584], [37.9587, 48.4535]]], [[[37.8131, 48.3667], [37.8027, 48.3652], [37.7912, 48.3763], [37.7934, 48.3772], [37.7991, 48.3727], [37.8131, 48.3667]]], [[[37.9126, 48.3702], [37.9274, 48.3527], [37.8935, 48.3563], [37.8675, 48.3593], [37.8248, 48.3669], [37.8184, 48.3916], [37.8063, 48.4026], [37.8169, 48.4166], [37.8334, 48.413], [37.8552, 48.4156], [37.8699, 48.4096], [37.8834, 48.4054], [37.8744, 48.4114], [37.8789, 48.4174], [37.8977, 48.4109], [37.9032, 48.4142], [37.9235, 48.413], [37.9311, 48.4044], [37.9286, 48.3993], [37.9126, 48.3702]]], [[[37.8066, 48.3931], [37.8027, 48.38], [37.8176, 48.364], [37.837, 48.355], [37.8333, 48.3476], [37.824, 48.3517], [37.8136, 48.3684], [37.784, 48.3801], [37.7729, 48.4085], [37.7819, 48.4175], [37.7801, 48.4309], [37.7864, 48.4144], [37.7987, 48.3939], [37.8066, 48.3931]]], [[[38.0419, 48.4152], [38.0321, 48.4453], [38.0224, 48.4753], [38.0049, 48.4707], [38.0073, 48.4756], [37.9652, 48.4703], [37.9547, 48.4608], [37.9591, 48.475], [37.9644, 48.4905], [37.9147, 48.486], [37.9202, 48.5021], [37.898, 48.5278], [37.8765, 48.5436], [37.8506, 48.5549], [37.836, 48.5429], [37.8171, 48.5543], [37.8045, 48.5815], [37.8061, 48.5906], [37.8036, 48.5982], [37.8219, 48.6017], [37.8225, 48.6309], [37.8157, 48.6492], [37.8369, 48.6762], [37.8049, 48.7077], [37.8119, 48.7333], [37.8197, 48.7509], [37.8639, 48.804], [37.9161, 48.7948], [37.9147, 48.8183], [37.9162, 48.8411], [37.9511, 48.8471], [37.9972, 48.8435], [38.0388, 48.87], [38.0338, 48.8897], [38.006, 48.8984], [38.0332, 48.9149], [38.0602, 48.9334], [38.1152, 48.9269], [38.1388, 48.9278], [38.1965, 48.929], [38.2268, 48.8587], [38.2698, 48.8338], [38.3163, 48.8054], [38.2836, 48.7736], [38.2682, 48.7494], [38.3188, 48.7356], [38.3035, 48.7126], [38.3094, 48.6892], [38.3075, 48.6828], [38.2897, 48.6651], [38.2691, 48.6618], [38.2387, 48.652], [38.2641, 48.637], [38.2761, 48.542], [38.2854, 48.5369], [38.3118, 48.5035], [38.299, 48.4953], [38.301, 48.4852], [38.2971, 48.4767], [38.3197, 48.4647], [38.3483, 48.4411], [38.3754, 48.4432], [38.3973, 48.4134], [38.352, 48.4166], [38.3374, 48.4115], [38.3344, 48.4089], [38.3277, 48.3994], [38.2977, 48.3886], [38.2516, 48.3958], [38.2608, 48.3726], [38.208, 48.3609], [38.1987, 48.3984], [38.1992, 48.4075], [38.172, 48.4002], [38.1478, 48.4019], [38.1244, 48.3991], [38.1036, 48.3931], [38.1018, 48.4039], [38.0812, 48.4138], [38.0573, 48.4199], [38.0419, 48.4152]]]]}, "properties": {"name": "Бахмутський район", "oblast": "Донецька", "pct": 76.9, "eps": 2052, "own": 986}}, {"type": "Feature", "geometry": {"type": "MultiPolygon", "coordinates": [[[[38.2748, 48.137], [38.2647, 48.137], [38.2469, 48.109], [38.257, 48.105], [38.2286, 48.088], [38.2178, 48.0843], [38.2306, 48.071], [38.2194, 48.0705], [38.1876, 48.0888], [38.152, 48.0866], [38.1934, 48.1103], [38.2159, 48.122], [38.2257, 48.129], [38.2088, 48.1377], [38.2036, 48.1348], [38.1804, 48.142], [38.1691, 48.1468], [38.1443, 48.1731], [38.1337, 48.1748], [38.1254, 48.1718], [38.0806, 48.1549], [38.067, 48.1467], [38.046, 48.1442], [38.0267, 48.1578], [38.0025, 48.1749], [38.0038, 48.185], [37.9988, 48.1929], [37.9671, 48.1965], [37.9535, 48.2059], [37.9324, 48.2086], [37.9361, 48.2257], [37.9259, 48.232], [37.8941, 48.2315], [37.9265, 48.2593], [37.9089, 48.2631], [37.8923, 48.2956], [37.904, 48.3067], [37.9404, 48.3237], [37.9224, 48.342], [37.9108, 48.3542], [37.9297, 48.3562], [37.9414, 48.3602], [37.9557, 48.3744], [37.9709, 48.38], [37.9882, 48.3826], [37.9636, 48.3989], [37.9587, 48.4535], [38.0192, 48.467], [38.0317, 48.4574], [38.0407, 48.4181], [38.0573, 48.4199], [38.0812, 48.4138], [38.1018, 48.4039], [38.1036, 48.3931], [38.1244, 48.3991], [38.1478, 48.4019], [38.172, 48.4002], [38.1992, 48.4075], [38.1987, 48.3984], [38.208, 48.3609], [38.2608, 48.3726], [38.2516, 48.3958], [38.2977, 48.3886], [38.3277, 48.3994], [38.3338, 48.4104], [38.3522, 48.4092], [38.373, 48.413], [38.4028, 48.4343], [38.434, 48.4443], [38.4388, 48.4211], [38.4477, 48.3788], [38.469, 48.3789], [38.4941, 48.3629], [38.4644, 48.3533], [38.4529, 48.3466], [38.4341, 48.3138], [38.4331, 48.2978], [38.4284, 48.2914], [38.4776, 48.2755], [38.5016, 48.274], [38.5777, 48.2654], [38.589, 48.2448], [38.5892, 48.2342], [38.6117, 48.2046], [38.6104, 48.1907], [38.5995, 48.1775], [38.6383, 48.1615], [38.6703, 48.16], [38.6908, 48.1459], [38.7621, 48.1321], [38.7707, 48.13], [38.7806, 48.1304], [38.8016, 48.1179], [38.8199, 48.1157], [38.8194, 48.0836], [38.7986, 48.0742], [38.8291, 48.0776], [38.8301, 48.0627], [38.8131, 48.0471], [38.8216, 48.0432], [38.8299, 48.024], [38.8405, 48.0163], [39.0404, 47.9997], [39.0419, 47.9569], [39.0526, 47.9542], [39.0557, 47.9491], [39.0667, 47.9514], [39.0751, 47.9529], [39.0654, 47.8949], [38.9432, 47.8731], [38.9044, 47.8724], [38.8797, 47.8726], [38.8327, 47.8704], [38.7754, 47.879], [38.7356, 47.9139], [38.6728, 47.9108], [38.6549, 47.9168], [38.6453, 47.9221], [38.6448, 47.9294], [38.6149, 47.9188], [38.5954, 47.9611], [38.5576, 47.93], [38.5181, 47.9574], [38.5048, 47.9492], [38.4643, 47.945], [38.4479, 47.9366], [38.3919, 47.9576], [38.379, 47.9685], [38.3642, 47.9873], [38.3571, 48.0315], [38.3049, 48.056], [38.2916, 48.0685], [38.2642, 48.0689], [38.3126, 48.0752], [38.3412, 48.0753], [38.3317, 48.0923], [38.3182, 48.0877], [38.3184, 48.0955], [38.3046, 48.1051], [38.2979, 48.1087], [38.3037, 48.1112], [38.3095, 48.1143], [38.2973, 48.131], [38.2807, 48.1254], [38.2733, 48.1289], [38.2735, 48.1343], [38.2748, 48.137]], [[38.14, 48.1791], [38.14, 48.1791], [38.14, 48.1791], [38.14, 48.1791]], [[38.14, 48.1791], [38.1401, 48.1791], [38.1401, 48.1791], [38.14, 48.1791]]], [[[38.2753, 48.1347], [38.2735, 48.1343], [38.2753, 48.1347], [38.2748, 48.137], [38.2753, 48.1347]]]]}, "properties": {"name": "Горлівський район", "oblast": "Донецька", "pct": 76.9, "eps": 2052, "own": 986}}, {"type": "Feature", "geometry": {"type": "MultiPolygon", "coordinates": [[[[38.2176, 47.1101], [38.1467, 47.0549], [38.0863, 47.023], [38.0878, 47.0265], [38.1127, 47.0422], [38.1341, 47.0513], [38.1267, 47.0804], [38.0925, 47.1071], [38.0537, 47.1082], [38.026, 47.09], [37.9822, 47.0976], [37.9821, 47.0877], [37.8893, 47.1111], [37.8626, 47.1104], [37.8163, 47.1235], [37.797, 47.1456], [37.8396, 47.1542], [37.8619, 47.1642], [37.883, 47.1964], [37.8254, 47.2226], [37.8503, 47.2352], [37.7934, 47.282], [37.8078, 47.3065], [37.8381, 47.3054], [37.8301, 47.3304], [37.858, 47.344], [37.8477, 47.3483], [37.8404, 47.3601], [37.8412, 47.3752], [37.859, 47.3922], [37.8611, 47.412], [37.9612, 47.4441], [37.8807, 47.4482], [37.8909, 47.4791], [37.8541, 47.4844], [37.8131, 47.5356], [37.8459, 47.5795], [37.8158, 47.5941], [37.7838, 47.6603], [37.7628, 47.6679], [37.7262, 47.6927], [37.6574, 47.6907], [37.6285, 47.6975], [37.6138, 47.7016], [37.6025, 47.7052], [37.6178, 47.7224], [37.6045, 47.7801], [37.5872, 47.8065], [37.5221, 47.8121], [37.5374, 47.8202], [37.5467, 47.8384], [37.5426, 47.8678], [37.6078, 47.89], [37.6296, 47.9192], [37.6808, 47.9099], [37.7202, 47.9027], [37.7985, 47.9033], [37.7963, 47.8839], [37.8219, 47.8853], [37.8613, 47.9038], [37.8792, 47.8872], [37.9128, 47.8716], [37.9132, 47.8413], [37.9221, 47.8406], [37.9483, 47.8572], [37.9658, 47.8554], [37.964, 47.8595], [37.9918, 47.8539], [37.9999, 47.853], [38.0291, 47.832], [38.0286, 47.8128], [38.0945, 47.8214], [38.0976, 47.8369], [38.1294, 47.8307], [38.1428, 47.8065], [38.2012, 47.818], [38.23, 47.8065], [38.258, 47.8156], [38.2251, 47.7837], [38.1857, 47.7716], [38.1699, 47.7656], [38.1653, 47.7589], [38.1896, 47.7306], [38.2252, 47.7228], [38.2534, 47.7052], [38.3172, 47.7029], [38.329, 47.6663], [38.34, 47.6523], [38.34, 47.6307], [38.3564, 47.617], [38.3111, 47.5762], [38.3073, 47.5468], [38.2851, 47.5439], [38.2945, 47.5035], [38.287, 47.4863], [38.3022, 47.4749], [38.2868, 47.3735], [38.2457, 47.3638], [38.2451, 47.3504], [38.2229, 47.3337], [38.2208, 47.3054], [38.3269, 47.2989], [38.3333, 47.2931], [38.3226, 47.2812], [38.3319, 47.2747], [38.3306, 47.2632], [38.2883, 47.2386], [38.2455, 47.2338], [38.2399, 47.2212], [38.2402, 47.2096], [38.2353, 47.2029], [38.2285, 47.1248], [38.2176, 47.1101]]]]}, "properties": {"name": "Кальміуський район", "oblast": "Донецька", "pct": 76.9, "eps": 2052, "own": 986}}, {"type": "Feature", "geometry": {"type": "MultiPolygon", "coordinates": [[[[38.4104, 48.6082], [38.4052, 48.5983], [38.408, 48.5638], [38.4789, 48.5359], [38.4858, 48.5217], [38.4643, 48.4944], [38.4549, 48.4766], [38.4335, 48.4475], [38.3806, 48.4291], [38.357, 48.4413], [38.3117, 48.4554], [38.2918, 48.4773], [38.3051, 48.4751], [38.298, 48.4914], [38.3127, 48.4983], [38.3185, 48.5092], [38.281, 48.5392], [38.2787, 48.546], [38.231, 48.6518], [38.2694, 48.6584], [38.2815, 48.666], [38.2881, 48.6831], [38.3141, 48.686], [38.3151, 48.705], [38.3223, 48.729], [38.2797, 48.7409], [38.2761, 48.7726], [38.314, 48.8041], [38.2713, 48.8248], [38.222, 48.8397], [38.2252, 48.935], [38.1425, 48.9328], [38.1236, 48.9277], [38.066, 48.9352], [38.041, 48.9359], [38.004, 48.9459], [38.0533, 48.9711], [38.0531, 48.985], [38.0982, 48.9998], [38.0617, 49.0645], [38.0839, 49.1338], [38.0304, 49.1531], [38.0541, 49.1798], [38.068, 49.1828], [38.0949, 49.1943], [38.1881, 49.1785], [38.2164, 49.1792], [38.3093, 49.1881], [38.3725, 49.1897], [38.3849, 49.2005], [38.3557, 49.2529], [38.4009, 49.2691], [38.4279, 49.2931], [38.4438, 49.2976], [38.4748, 49.2708], [38.4827, 49.2551], [38.4781, 49.2456], [38.514, 49.2138], [38.5075, 49.1995], [38.5247, 49.2051], [38.5918, 49.2016], [38.5972, 49.1956], [38.6244, 49.1972], [38.6367, 49.173], [38.6607, 49.1696], [38.6925, 49.1054], [38.697, 49.0915], [38.7219, 49.0682], [38.6958, 49.0495], [38.7266, 49.0475], [38.7469, 49.0554], [38.8215, 49.0157], [38.8014, 49.0086], [38.8241, 48.9721], [38.7697, 48.9374], [38.7535, 48.9346], [38.7536, 48.9319], [38.7105, 48.8943], [38.6874, 48.8648], [38.6639, 48.8521], [38.6892, 48.8345], [38.6663, 48.8292], [38.6754, 48.8179], [38.6673, 48.8089], [38.6596, 48.7835], [38.6806, 48.7611], [38.729, 48.7609], [38.7568, 48.764], [38.7638, 48.7698], [38.7901, 48.7572], [38.7958, 48.7555], [38.8583, 48.7494], [38.9024, 48.7508], [38.8832, 48.6941], [38.8642, 48.6937], [38.8434, 48.6706], [38.7168, 48.7122], [38.6762, 48.7542], [38.6613, 48.7471], [38.6621, 48.76], [38.6464, 48.7602], [38.6469, 48.7672], [38.6181, 48.757], [38.5774, 48.7646], [38.5674, 48.7744], [38.5413, 48.7773], [38.5251, 48.781], [38.4941, 48.7827], [38.4835, 48.7773], [38.5171, 48.7751], [38.5043, 48.7514], [38.5226, 48.7453], [38.5166, 48.7255], [38.5117, 48.7163], [38.5297, 48.6991], [38.5748, 48.6815], [38.5744, 48.6751], [38.5643, 48.6613], [38.5501, 48.6736], [38.5135, 48.678], [38.4985, 48.6759], [38.4815, 48.6716], [38.4876, 48.6811], [38.4695, 48.6778], [38.4812, 48.6844], [38.4954, 48.6894], [38.4734, 48.696], [38.4599, 48.6917], [38.4472, 48.6901], [38.4391, 48.6791], [38.4066, 48.6644], [38.4052, 48.6561], [38.4241, 48.6547], [38.4381, 48.6463], [38.4553, 48.6505], [38.4793, 48.6556], [38.4756, 48.6438], [38.4617, 48.6429], [38.4389, 48.644], [38.4288, 48.6391], [38.4356, 48.6312], [38.4274, 48.621], [38.4182, 48.6139], [38.4104, 48.6082]]]]}, "properties": {"name": "Сєвєродонецький район", "oblast": "Луганська", "pct": null, "eps": null, "own": 0}}, {"type": "Feature", "geometry": {"type": "MultiPolygon", "coordinates": [[[[39.5074, 48.2214], [39.4845, 48.2104], [39.4694, 48.2], [39.4399, 48.2142], [39.4266, 48.1928], [39.3872, 48.1831], [39.3557, 48.2016], [39.3726, 48.223], [39.3696, 48.2328], [39.3528, 48.2354], [39.3251, 48.2335], [39.3217, 48.2274], [39.2859, 48.2138], [39.2744, 48.2146], [39.2172, 48.2288], [39.1481, 48.2928], [39.0862, 48.2855], [39.0524, 48.2906], [39.0023, 48.3529], [38.9952, 48.3741], [38.9576, 48.3635], [38.9156, 48.3592], [38.9285, 48.3893], [38.9414, 48.4134], [38.9613, 48.4325], [38.9592, 48.4523], [38.9831, 48.4607], [38.9949, 48.4691], [39.0155, 48.4735], [39.0351, 48.4898], [39.0443, 48.4785], [39.0607, 48.4717], [39.0853, 48.4917], [39.0635, 48.5182], [39.0823, 48.5316], [39.0641, 48.5406], [39.0678, 48.5444], [39.1248, 48.547], [39.1295, 48.5581], [39.0991, 48.5666], [39.1155, 48.5845], [39.0912, 48.5907], [39.0878, 48.601], [39.0698, 48.6247], [39.0765, 48.6521], [39.1392, 48.6608], [39.1628, 48.6775], [39.182, 48.6936], [39.2009, 48.7016], [39.2402, 48.7114], [39.2513, 48.7231], [39.253, 48.74], [39.2706, 48.7465], [39.2793, 48.751], [39.2976, 48.7648], [39.3251, 48.777], [39.3294, 48.7682], [39.3538, 48.767], [39.3451, 48.7565], [39.3574, 48.7379], [39.3606, 48.7229], [39.3707, 48.7161], [39.349, 48.7105], [39.3884, 48.6852], [39.4137, 48.6678], [39.4225, 48.6587], [39.4522, 48.6432], [39.468, 48.636], [39.492, 48.6285], [39.5125, 48.6347], [39.516, 48.6215], [39.527, 48.6037], [39.5301, 48.5899], [39.549, 48.5875], [39.5661, 48.5966], [39.5721, 48.5804], [39.5919, 48.5928], [39.6069, 48.5854], [39.5985, 48.577], [39.6103, 48.5721], [39.6225, 48.4947], [39.6398, 48.4879], [39.6345, 48.4666], [39.613, 48.4561], [39.609, 48.429], [39.6227, 48.3823], [39.6604, 48.3772], [39.6929, 48.3829], [39.6599, 48.3554], [39.6674, 48.35], [39.6835, 48.3401], [39.6886, 48.3391], [39.7014, 48.3178], [39.6969, 48.3095], [39.6836, 48.2945], [39.6679, 48.2892], [39.6615, 48.2778], [39.6714, 48.2754], [39.6768, 48.2727], [39.6353, 48.2653], [39.6546, 48.2649], [39.627, 48.2579], [39.6036, 48.2381], [39.6023, 48.2248], [39.5898, 48.2084], [39.57, 48.1924], [39.5339, 48.2085], [39.5374, 48.2162], [39.5074, 48.2214]]]]}, "properties": {"name": "Луганський район", "oblast": "Луганська", "pct": null, "eps": null, "own": 0}}, {"type": "Feature", "geometry": {"type": "MultiPolygon", "coordinates": [[[[38.8482, 49.107], [38.7512, 49.057], [38.7346, 49.0504], [38.7051, 49.0516], [38.6926, 49.0666], [38.7008, 49.09], [38.6968, 49.1011], [38.6655, 49.1658], [38.6445, 49.1753], [38.6255, 49.1874], [38.5988, 49.1975], [38.5916, 49.1971], [38.5446, 49.2063], [38.5108, 49.1963], [38.5038, 49.2031], [38.5111, 49.2239], [38.4827, 49.2551], [38.4748, 49.2708], [38.5366, 49.2838], [38.5509, 49.2881], [38.5848, 49.3422], [38.6244, 49.3589], [38.618, 49.3899], [38.5871, 49.411], [38.6116, 49.4266], [38.6711, 49.4273], [38.6763, 49.3763], [38.7119, 49.3696], [38.8323, 49.374], [38.8921, 49.3799], [38.8965, 49.4137], [38.8697, 49.4483], [38.9018, 49.4828], [38.9188, 49.5116], [38.8978, 49.5575], [38.9079, 49.6206], [38.9408, 49.6227], [38.9301, 49.6265], [38.9192, 49.6399], [38.9318, 49.6341], [38.9449, 49.6507], [38.9497, 49.6597], [38.9566, 49.6817], [38.9336, 49.6974], [38.9119, 49.7092], [38.8831, 49.7187], [38.8694, 49.7236], [38.8564, 49.7243], [38.822, 49.7184], [38.7853, 49.7357], [38.7874, 49.7559], [38.7929, 49.7617], [38.8392, 49.7855], [38.9096, 49.8192], [38.9163, 49.8121], [38.927, 49.8003], [38.9491, 49.7959], [39.0268, 49.8222], [39.0677, 49.8155], [39.1182, 49.8455], [39.1888, 49.8851], [39.2267, 49.8398], [39.2278, 49.8074], [39.2652, 49.7679], [39.3085, 49.7528], [39.4143, 49.7539], [39.4786, 49.7565], [39.5913, 49.7183], [39.6579, 49.6167], [39.6963, 49.605], [39.7767, 49.5773], [39.8686, 49.5596], [39.9521, 49.5971], [40.1357, 49.6165], [40.1397, 49.5591], [40.042, 49.4986], [40.0625, 49.4303], [40.1433, 49.3784], [40.1582, 49.3712], [40.1609, 49.3664], [40.1756, 49.3561], [40.1919, 49.3295], [40.1841, 49.3026], [40.222, 49.2509], [40.1367, 49.2395], [40.0942, 49.2032], [39.972, 49.1245], [39.9424, 49.0708], [39.8802, 49.0639], [39.8053, 49.06], [39.7414, 49.042], [39.6786, 49.0364], [39.6844, 49.0336], [39.6773, 49.0267], [39.6739, 49.0147], [39.6632, 49.001], [39.6309, 49.0002], [39.5341, 48.9909], [39.5008, 49.0722], [39.4976, 49.0883], [39.4627, 49.1048], [39.4328, 49.0777], [39.4362, 49.0607], [39.4131, 49.0593], [39.2761, 49.0885], [39.2274, 49.1065], [39.2431, 49.1268], [39.1386, 49.0979], [38.8482, 49.107]]]]}, "properties": {"name": "Старобільський район", "oblast": "Луганська", "pct": null, "eps": null, "own": 0}}, {"type": "Feature", "geometry": {"type": "MultiPolygon", "coordinates": [[[[38.0541, 49.1798], [38.0304, 49.1531], [38.0394, 49.1266], [37.9589, 49.1365], [37.9216, 49.1457], [37.8931, 49.1752], [37.9244, 49.2056], [37.8898, 49.212], [37.8769, 49.2267], [37.8675, 49.2464], [37.8954, 49.2565], [37.9121, 49.2769], [37.9469, 49.3033], [37.8776, 49.328], [37.8847, 49.3531], [37.8803, 49.4358], [37.8446, 49.4459], [37.8391, 49.4934], [37.848, 49.5204], [37.9274, 49.5423], [37.9014, 49.5744], [37.9225, 49.5676], [37.9518, 49.5744], [37.9349, 49.5947], [37.9745, 49.612], [37.9966, 49.633], [38.0468, 49.6576], [38.0337, 49.6597], [38.0298, 49.6689], [38.0128, 49.6776], [38.0154, 49.683], [38.014, 49.696], [38.0184, 49.7043], [37.9736, 49.7082], [37.9608, 49.7481], [37.9833, 49.755], [38.01, 49.7573], [38.0238, 49.7748], [38.0536, 49.7837], [38.0357, 49.7995], [38.0189, 49.8373], [38.0936, 49.8465], [38.0457, 49.9155], [38.1291, 49.9302], [38.1713, 49.9417], [38.1951, 49.9687], [38.2173, 49.9828], [38.21, 49.9922], [38.2015, 50.0034], [38.1889, 50.0403], [38.1777, 50.0796], [38.2922, 50.0801], [38.3293, 50.0858], [38.3347, 50.0584], [38.3544, 50.0186], [38.4163, 49.9816], [38.4651, 49.983], [38.4832, 49.9772], [38.5099, 49.9632], [38.6156, 49.9743], [38.6801, 49.9745], [38.6801, 50.0061], [38.6995, 49.9994], [38.7137, 49.9884], [38.7107, 49.9802], [38.7236, 49.9274], [38.7684, 49.8959], [38.7952, 49.8831], [38.836, 49.8683], [38.8479, 49.8643], [38.8629, 49.866], [38.8842, 49.8677], [38.9094, 49.8598], [38.9119, 49.8561], [38.9068, 49.8453], [38.9136, 49.836], [38.9133, 49.8297], [38.889, 49.8193], [38.7951, 49.7778], [38.794, 49.7567], [38.7865, 49.7538], [38.7767, 49.7143], [38.8427, 49.7141], [38.8633, 49.72], [38.8756, 49.7231], [38.8858, 49.7193], [38.9249, 49.7005], [38.9417, 49.6894], [38.9561, 49.6729], [38.9359, 49.6547], [38.9459, 49.6408], [38.9265, 49.6339], [38.9147, 49.638], [38.9436, 49.6298], [38.9399, 49.6209], [38.8952, 49.5823], [38.9063, 49.5423], [38.9156, 49.504], [38.9019, 49.4713], [38.8642, 49.428], [38.902, 49.3984], [38.8554, 49.3793], [38.8139, 49.3705], [38.691, 49.3625], [38.6726, 49.3941], [38.638, 49.4348], [38.6089, 49.4168], [38.5845, 49.4009], [38.6195, 49.378], [38.6213, 49.3539], [38.5821, 49.3239], [38.5511, 49.2783], [38.5167, 49.2824], [38.4457, 49.297], [38.4397, 49.3061], [38.428, 49.2891], [38.3611, 49.2632], [38.3558, 49.2036], [38.3936, 49.2007], [38.3725, 49.1852], [38.2366, 49.1823], [38.2071, 49.1831], [38.1866, 49.1843], [38.1024, 49.1804], [38.0653, 49.1826], [38.0541, 49.1798]]]]}, "properties": {"name": "Сватівський район", "oblast": "Луганська", "pct": null, "eps": null, "own": 0}}, {"type": "Feature", "geometry": {"type": "MultiPolygon", "coordinates": [[[[39.3954, 48.0126], [39.391, 47.9873], [39.4347, 47.9377], [39.4439, 47.9001], [39.4287, 47.8701], [39.4366, 47.8546], [39.439, 47.8393], [39.4123, 47.8297], [39.3483, 47.8714], [39.2368, 47.8643], [39.2363, 47.8532], [39.1619, 47.8525], [39.1099, 47.8424], [39.0833, 47.8694], [39.092, 47.9409], [39.0718, 47.9526], [39.0649, 47.9488], [39.0514, 47.9502], [39.0477, 47.9541], [39.0391, 47.956], [39.0401, 48.0069], [38.8369, 48.014], [38.8213, 48.0356], [38.819, 48.0425], [38.8151, 48.0508], [38.8256, 48.0647], [38.8174, 48.0661], [38.8065, 48.0788], [38.8198, 48.0846], [38.812, 48.1167], [38.7904, 48.1238], [38.7743, 48.127], [38.7668, 48.132], [38.7492, 48.1339], [38.6953, 48.1594], [38.6712, 48.1641], [38.6056, 48.1715], [38.5982, 48.18], [38.6079, 48.1964], [38.596, 48.217], [38.5877, 48.2348], [38.7343, 48.2841], [38.8008, 48.2976], [38.8114, 48.328], [38.8341, 48.3548], [38.87, 48.3826], [38.9304, 48.395], [38.9149, 48.3859], [38.9551, 48.3624], [38.9616, 48.3745], [39.0013, 48.3707], [39.0447, 48.3535], [39.074, 48.2906], [39.1069, 48.2875], [39.2061, 48.2296], [39.2708, 48.2117], [39.2859, 48.2138], [39.3217, 48.2274], [39.3251, 48.2335], [39.3528, 48.2354], [39.3696, 48.2328], [39.3664, 48.2205], [39.3653, 48.195], [39.3896, 48.183], [39.3839, 48.1507], [39.3913, 48.1258], [39.4175, 48.1367], [39.431, 48.0856], [39.4151, 48.0842], [39.4398, 48.0561], [39.456, 48.0475], [39.4639, 48.044], [39.4387, 48.0268], [39.4111, 48.0173], [39.3954, 48.0126]]]]}, "properties": {"name": "Ровеньківський район", "oblast": "Луганська", "pct": null, "eps": null, "own": 0}}, {"type": "Feature", "geometry": {"type": "MultiPolygon", "coordinates": [[[[39.6946, 48.6392], [39.6605, 48.6094], [39.6682, 48.6004], [39.6803, 48.596], [39.6783, 48.5901], [39.688, 48.5866], [39.6336, 48.5808], [39.6159, 48.5782], [39.6002, 48.5754], [39.6069, 48.5854], [39.5962, 48.5937], [39.5748, 48.5804], [39.5684, 48.5915], [39.551, 48.5951], [39.5313, 48.5857], [39.5279, 48.6001], [39.5294, 48.6124], [39.5178, 48.633], [39.4958, 48.6319], [39.4649, 48.632], [39.4562, 48.6395], [39.4541, 48.6544], [39.4103, 48.6593], [39.3913, 48.6798], [39.3581, 48.698], [39.3604, 48.7157], [39.3725, 48.7204], [39.3574, 48.7343], [39.3497, 48.7451], [39.3524, 48.7634], [39.3359, 48.7673], [39.3277, 48.7733], [39.3055, 48.7716], [39.2863, 48.751], [39.2701, 48.7511], [39.2543, 48.744], [39.2557, 48.7311], [39.2467, 48.7134], [39.2063, 48.7006], [39.1939, 48.7069], [39.1632, 48.6916], [39.1556, 48.6776], [39.124, 48.6611], [39.0517, 48.6474], [39.0112, 48.6601], [39.0278, 48.6631], [39.0197, 48.6803], [39.0038, 48.6985], [38.9868, 48.7139], [39.0008, 48.7231], [38.9697, 48.745], [38.9588, 48.7372], [38.9343, 48.7372], [38.9343, 48.7475], [38.8942, 48.7514], [38.8583, 48.7494], [38.7958, 48.7555], [38.7901, 48.7572], [38.7638, 48.7698], [38.7568, 48.764], [38.729, 48.7609], [38.6806, 48.7611], [38.6596, 48.7835], [38.6673, 48.8089], [38.6754, 48.8179], [38.6663, 48.8292], [38.6892, 48.8345], [38.6639, 48.8521], [38.6874, 48.8648], [38.7105, 48.8943], [38.7536, 48.9319], [38.7535, 48.9346], [38.7697, 48.9374], [38.8241, 48.9721], [38.8014, 49.0086], [38.8215, 49.0157], [38.8793, 49.1201], [39.1883, 49.1166], [39.2468, 49.1183], [39.2422, 49.0944], [39.3924, 49.0653], [39.4311, 49.0567], [39.4472, 49.0743], [39.4442, 49.1042], [39.4683, 49.0874], [39.5009, 49.0818], [39.5356, 48.996], [39.6238, 49.0045], [39.6785, 48.9897], [39.6988, 49.0005], [39.7166, 48.9867], [39.725, 48.9796], [39.7262, 48.9757], [39.7457, 48.987], [39.7481, 48.9812], [39.7592, 48.9755], [39.758, 48.9702], [39.7612, 48.9641], [39.767, 48.9609], [39.7708, 48.9529], [39.7725, 48.9431], [39.7818, 48.9343], [39.7744, 48.9249], [39.7935, 48.9151], [39.7977, 48.9116], [39.8231, 48.9043], [39.8183, 48.8965], [39.8315, 48.8871], [39.8377, 48.903], [39.8524, 48.8905], [39.942, 48.8851], [39.9621, 48.872], [40.0184, 48.9024], [40.0235, 48.9096], [40.0275, 48.9132], [40.0372, 48.9131], [40.0609, 48.9088], [40.0807, 48.8702], [39.9482, 48.7958], [39.8281, 48.8312], [39.8048, 48.8435], [39.7921, 48.8355], [39.7974, 48.8245], [39.7857, 48.8239], [39.7807, 48.8058], [39.7796, 48.7854], [39.7658, 48.7754], [39.7682, 48.7695], [39.7619, 48.7638], [39.75, 48.769], [39.7438, 48.7703], [39.7357, 48.76], [39.7313, 48.755], [39.7309, 48.748], [39.7363, 48.7518], [39.7306, 48.7417], [39.7258, 48.7283], [39.7202, 48.7284], [39.7092, 48.7202], [39.7118, 48.7139], [39.7049, 48.7059], [39.7198, 48.6976], [39.7165, 48.6892], [39.7126, 48.6749], [39.7109, 48.6667], [39.7164, 48.6551], [39.7019, 48.6527], [39.6946, 48.6392]]]]}, "properties": {"name": "Щастинський район", "oblast": "Луганська", "pct": null, "eps": null, "own": 0}}, {"type": "Feature", "geometry": {"type": "MultiPolygon", "coordinates": [[[[39.729, 47.8282], [39.6254, 47.8391], [39.5423, 47.8249], [39.4777, 47.8604], [39.4584, 47.8557], [39.4382, 47.8544], [39.4287, 47.8701], [39.4439, 47.9001], [39.4347, 47.9377], [39.391, 47.9873], [39.3954, 48.0126], [39.4333, 48.0275], [39.4581, 48.0304], [39.4717, 48.0476], [39.4564, 48.0505], [39.4245, 48.0686], [39.4124, 48.0877], [39.4242, 48.0952], [39.4059, 48.132], [39.3914, 48.137], [39.3867, 48.155], [39.3973, 48.1794], [39.4266, 48.1928], [39.4399, 48.2142], [39.4694, 48.2], [39.4845, 48.2104], [39.5083, 48.2264], [39.5354, 48.2152], [39.5692, 48.2057], [39.5798, 48.1945], [39.5974, 48.2144], [39.6031, 48.227], [39.6129, 48.2398], [39.6272, 48.2559], [39.6413, 48.2634], [39.669, 48.2693], [39.6777, 48.2788], [39.6633, 48.274], [39.6627, 48.2813], [39.6793, 48.2894], [39.7047, 48.2941], [39.6975, 48.3133], [39.6996, 48.3191], [39.695, 48.3394], [39.6625, 48.3395], [39.6651, 48.3521], [39.671, 48.3608], [39.6943, 48.3888], [39.634, 48.3764], [39.6157, 48.3947], [39.6046, 48.4352], [39.6129, 48.463], [39.6413, 48.482], [39.6436, 48.4894], [39.6135, 48.5347], [39.6159, 48.5782], [39.6336, 48.5808], [39.6855, 48.5863], [39.7251, 48.5862], [39.7502, 48.5892], [39.7677, 48.5864], [39.7997, 48.5897], [39.8242, 48.5859], [39.8451, 48.5713], [39.8524, 48.5529], [39.8611, 48.5259], [39.8612, 48.5019], [39.8482, 48.4867], [39.8512, 48.4675], [39.8984, 48.4475], [39.8894, 48.4421], [39.9121, 48.4143], [39.9165, 48.4002], [39.9066, 48.3907], [39.924, 48.375], [39.9348, 48.3843], [39.9429, 48.3845], [39.9366, 48.3676], [39.9468, 48.3541], [39.9182, 48.3471], [39.8457, 48.3329], [39.8419, 48.3201], [39.8874, 48.3041], [39.9112, 48.2861], [39.9108, 48.2757], [39.9147, 48.2717], [39.9279, 48.2765], [39.9357, 48.2843], [39.9443, 48.292], [39.9557, 48.3035], [39.966, 48.3062], [39.9769, 48.3149], [39.9927, 48.3005], [40.0159, 48.2672], [40.0064, 48.2422], [39.9421, 48.2287], [39.91, 48.1797], [39.9031, 48.1403], [39.876, 48.1181], [39.8693, 48.0791], [39.8842, 48.0492], [39.7788, 48.0349], [39.7915, 48.012], [39.8177, 47.9951], [39.8158, 47.9889], [39.8189, 47.9844], [39.8186, 47.975], [39.817, 47.9663], [39.8219, 47.9598], [39.8249, 47.9554], [39.8068, 47.9506], [39.8014, 47.9259], [39.7904, 47.8691], [39.7566, 47.847], [39.729, 47.8282]]]]}, "properties": {"name": "Довжанський район", "oblast": "Луганська", "pct": null, "eps": null, "own": 0}}, {"type": "Feature", "geometry": {"type": "MultiPolygon", "coordinates": [[[[38.7636, 48.2938], [38.6871, 48.2709], [38.589, 48.2448], [38.5777, 48.2654], [38.5016, 48.274], [38.4776, 48.2755], [38.4284, 48.2914], [38.4331, 48.2978], [38.4341, 48.3138], [38.4529, 48.3466], [38.4644, 48.3533], [38.4941, 48.3629], [38.469, 48.3789], [38.4477, 48.3788], [38.4388, 48.4211], [38.434, 48.4443], [38.4517, 48.4723], [38.4608, 48.4869], [38.4742, 48.5028], [38.4805, 48.523], [38.4643, 48.5315], [38.4027, 48.5763], [38.4092, 48.5961], [38.4134, 48.609], [38.4223, 48.6191], [38.4285, 48.6259], [38.4309, 48.6377], [38.4266, 48.6425], [38.4607, 48.6402], [38.4716, 48.642], [38.4846, 48.6539], [38.4611, 48.6459], [38.4455, 48.6442], [38.4207, 48.652], [38.418, 48.659], [38.4023, 48.6599], [38.4211, 48.6736], [38.4495, 48.683], [38.4628, 48.6872], [38.4598, 48.6942], [38.4952, 48.6903], [38.4812, 48.6844], [38.4695, 48.6778], [38.4876, 48.6811], [38.4815, 48.6716], [38.4985, 48.6759], [38.5135, 48.678], [38.5501, 48.6736], [38.5523, 48.6646], [38.5744, 48.6751], [38.5748, 48.6815], [38.5297, 48.6991], [38.5117, 48.7163], [38.5166, 48.7255], [38.5226, 48.7453], [38.5043, 48.7514], [38.5171, 48.7751], [38.4835, 48.7773], [38.4941, 48.7827], [38.5251, 48.781], [38.5413, 48.7773], [38.5674, 48.7744], [38.5774, 48.7646], [38.6181, 48.757], [38.6469, 48.7672], [38.6464, 48.7602], [38.6621, 48.76], [38.6613, 48.7471], [38.6762, 48.7542], [38.7168, 48.7122], [38.8434, 48.6706], [38.8642, 48.6937], [38.8832, 48.6941], [38.9024, 48.7508], [38.9371, 48.7471], [38.9343, 48.7372], [38.957, 48.7342], [38.9649, 48.7475], [38.9812, 48.7443], [38.997, 48.7166], [38.9967, 48.711], [39.0156, 48.6838], [39.0255, 48.6696], [39.0126, 48.6631], [39.0375, 48.6483], [39.0765, 48.6521], [39.0698, 48.6247], [39.0878, 48.601], [39.0912, 48.5907], [39.1155, 48.5845], [39.0991, 48.5666], [39.1295, 48.5581], [39.1248, 48.547], [39.0678, 48.5444], [39.0641, 48.5406], [39.0823, 48.5316], [39.0635, 48.5182], [39.0853, 48.4917], [39.0607, 48.4717], [39.0443, 48.4785], [39.0351, 48.4898], [39.0155, 48.4735], [38.9949, 48.4691], [38.9831, 48.4607], [38.9592, 48.4523], [38.9627, 48.4338], [38.9414, 48.4134], [38.8916, 48.3854], [38.8394, 48.3724], [38.8106, 48.3378], [38.8126, 48.2954], [38.7636, 48.2938]]]]}, "properties": {"name": "Алчевський район", "oblast": "Луганська", "pct": null, "eps": null, "own": 0}}, {"type": "Feature", "geometry": {"type": "MultiPolygon", "coordinates": [[[[24.9436, 49.6171], [24.9399, 49.6079], [24.8989, 49.6107], [24.9051, 49.6014], [24.8827, 49.6074], [24.8701, 49.6039], [24.8609, 49.5997], [24.8428, 49.6135], [24.8398, 49.6275], [24.8365, 49.6498], [24.8188, 49.6572], [24.8323, 49.6595], [24.8437, 49.6636], [24.848, 49.6581], [24.8464, 49.6791], [24.8272, 49.6848], [24.7868, 49.6797], [24.7707, 49.7178], [24.6962, 49.7083], [24.6969, 49.7342], [24.6703, 49.74], [24.6675, 49.7448], [24.6555, 49.7509], [24.6348, 49.7621], [24.6124, 49.7766], [24.6205, 49.7939], [24.6144, 49.8087], [24.5931, 49.8418], [24.5146, 49.858], [24.4877, 49.8547], [24.4482, 49.8484], [24.4344, 49.8502], [24.3658, 49.8685], [24.3584, 49.8875], [24.391, 49.8965], [24.4277, 49.8985], [24.4425, 49.9345], [24.4427, 49.9539], [24.4501, 49.9696], [24.4415, 49.9821], [24.4734, 49.9912], [24.4775, 50.0084], [24.4972, 50.0218], [24.5512, 50.0104], [24.549, 50.0195], [24.5421, 50.027], [24.511, 50.0326], [24.4998, 50.0496], [24.4995, 50.0533], [24.4873, 50.0595], [24.4729, 50.0534], [24.4671, 50.078], [24.5525, 50.073], [24.5216, 50.1175], [24.5727, 50.1183], [24.6286, 50.1196], [24.666, 50.1352], [24.6916, 50.1408], [24.7239, 50.1362], [24.7698, 50.1431], [24.7874, 50.1438], [24.7998, 50.1461], [24.8138, 50.1515], [24.8318, 50.1512], [24.8553, 50.1532], [24.8674, 50.1603], [24.8394, 50.16], [24.8319, 50.1719], [24.8413, 50.1809], [24.8483, 50.1782], [24.8713, 50.1837], [24.9094, 50.1775], [24.9632, 50.1903], [24.9923, 50.1961], [25.0056, 50.2087], [25.0268, 50.2239], [25.0344, 50.2358], [25.0399, 50.2477], [25.041, 50.2538], [25.0354, 50.2598], [25.0377, 50.2672], [25.0327, 50.2802], [25.0472, 50.2883], [25.0554, 50.3012], [25.1105, 50.2879], [25.1546, 50.2898], [25.1997, 50.2826], [25.203, 50.2553], [25.1847, 50.2362], [25.1839, 50.2239], [25.17, 50.2018], [25.2108, 50.1717], [25.2078, 50.1568], [25.2112, 50.1171], [25.3612, 49.9959], [25.4116, 49.9695], [25.4128, 49.9453], [25.4156, 49.9342], [25.3874, 49.9347], [25.3835, 49.9212], [25.383, 49.8877], [25.3758, 49.8683], [25.3367, 49.8629], [25.3069, 49.8521], [25.2999, 49.8498], [25.2895, 49.84], [25.2864, 49.8274], [25.2627, 49.8338], [25.2561, 49.834], [25.2413, 49.825], [25.1797, 49.8376], [25.1511, 49.8329], [25.1431, 49.8184], [25.1078, 49.8185], [25.0848, 49.8273], [25.0865, 49.7937], [25.0874, 49.7791], [25.103, 49.7545], [25.0952, 49.7291], [25.0735, 49.7173], [25.0622, 49.7138], [25.0223, 49.7354], [25.0, 49.7001], [24.9954, 49.6624], [24.99, 49.6447], [24.9662, 49.6409], [24.9457, 49.6151], [24.9436, 49.6171]]]]}, "properties": {"name": "Золочівський район", "oblast": "Львівська", "pct": 1.5, "eps": 213, "own": 132}}, {"type": "Feature", "geometry": {"type": "MultiPolygon", "coordinates": [[[[23.1618, 48.8599], [23.1391, 48.844], [23.1237, 48.8531], [23.0998, 48.8624], [23.079, 48.8532], [23.0465, 48.851], [23.0207, 48.8461], [22.9795, 48.8421], [22.9681, 48.8769], [22.9031, 48.902], [22.8779, 48.9339], [22.8987, 48.9689], [22.9169, 48.9729], [22.917, 48.9843], [22.8679, 49.0032], [22.8851, 49.0081], [22.89, 49.0146], [22.8876, 49.0198], [22.876, 49.0346], [22.8783, 49.0402], [22.869, 49.0449], [22.8708, 49.0583], [22.8653, 49.0666], [22.8681, 49.0767], [22.8873, 49.0879], [22.8793, 49.0987], [22.8556, 49.105], [22.8516, 49.1149], [22.8373, 49.1126], [22.8286, 49.1197], [22.8151, 49.1302], [22.7937, 49.1381], [22.7917, 49.1559], [22.773, 49.1532], [22.7484, 49.1566], [22.7402, 49.1629], [22.7557, 49.1826], [22.7308, 49.1769], [22.7183, 49.1649], [22.7075, 49.1747], [22.7217, 49.1958], [22.7339, 49.2072], [22.7454, 49.2181], [22.7192, 49.2213], [22.7199, 49.2416], [22.7509, 49.3167], [22.7327, 49.3988], [22.6988, 49.4916], [22.6519, 49.5089], [22.6751, 49.5493], [22.6948, 49.5819], [22.7833, 49.6565], [22.8222, 49.6946], [22.8546, 49.718], [22.911, 49.7092], [22.9061, 49.6873], [22.9473, 49.6861], [22.9679, 49.6734], [22.9729, 49.6614], [22.9928, 49.646], [22.9695, 49.6332], [22.9879, 49.6257], [23.0097, 49.629], [23.0251, 49.6242], [23.0386, 49.6289], [23.0403, 49.6315], [23.0499, 49.6361], [23.0396, 49.6389], [23.0457, 49.6495], [23.0613, 49.6415], [23.0816, 49.6356], [23.0938, 49.6486], [23.1322, 49.6493], [23.1434, 49.6513], [23.1785, 49.6498], [23.2318, 49.6466], [23.2587, 49.6438], [23.28, 49.6525], [23.3138, 49.6664], [23.3414, 49.6804], [23.3616, 49.6892], [23.3803, 49.6938], [23.3923, 49.7105], [23.3846, 49.7175], [23.3957, 49.7309], [23.3951, 49.7388], [23.4085, 49.7568], [23.4376, 49.7537], [23.4394, 49.728], [23.4343, 49.7071], [23.4196, 49.6922], [23.4428, 49.6896], [23.4554, 49.7], [23.4725, 49.7034], [23.4969, 49.689], [23.5651, 49.6644], [23.5696, 49.6486], [23.5736, 49.6416], [23.6142, 49.653], [23.6311, 49.6571], [23.6313, 49.6392], [23.6245, 49.6133], [23.6168, 49.6085], [23.6225, 49.5881], [23.6555, 49.5678], [23.6446, 49.544], [23.5759, 49.542], [23.5707, 49.5408], [23.5681, 49.5114], [23.5228, 49.4909], [23.4716, 49.495], [23.4004, 49.4746], [23.3938, 49.4676], [23.3617, 49.4626], [23.3451, 49.455], [23.3206, 49.4551], [23.297, 49.4609], [23.2817, 49.4553], [23.2711, 49.4432], [23.2495, 49.4299], [23.2582, 49.4069], [23.2519, 49.3924], [23.2362, 49.3664], [23.1975, 49.3621], [23.1695, 49.3649], [23.1498, 49.3562], [23.1284, 49.3386], [23.1154, 49.3265], [23.1188, 49.3082], [23.116, 49.2953], [23.129, 49.2908], [23.1533, 49.2772], [23.1421, 49.2431], [23.2104, 49.1991], [23.2042, 49.1878], [23.1914, 49.1623], [23.1749, 49.1317], [23.1654, 49.102], [23.2137, 49.0525], [23.2044, 49.0322], [23.1675, 49.0324], [23.1376, 49.0349], [23.1151, 49.0125], [23.1247, 48.9999], [23.1258, 48.9635], [23.1049, 48.9332], [23.1108, 48.8756], [23.1614, 48.8638], [23.1618, 48.8599]]]]}, "properties": {"name": "Самбірський район", "oblast": "Львівська", "pct": 1.4, "eps": 205, "own": 121}}, {"type": "Feature", "geometry": {"type": "MultiPolygon", "coordinates": [[[[23.6983, 49.1348], [23.6688, 49.1202], [23.6083, 49.1505], [23.5614, 49.1611], [23.5013, 49.1894], [23.4453, 49.2035], [23.4309, 49.23], [23.4237, 49.2239], [23.378, 49.2033], [23.3766, 49.1874], [23.3761, 49.1577], [23.3622, 49.141], [23.3458, 49.1397], [23.327, 49.1472], [23.3077, 49.153], [23.3026, 49.1386], [23.2805, 49.1355], [23.2749, 49.1254], [23.2819, 49.1086], [23.2869, 49.0856], [23.271, 49.0585], [23.2692, 49.0483], [23.251, 49.0308], [23.1869, 49.0856], [23.1716, 49.1222], [23.1729, 49.154], [23.2109, 49.1816], [23.2128, 49.1948], [23.1835, 49.2098], [23.163, 49.2634], [23.1352, 49.2862], [23.1172, 49.2915], [23.1107, 49.301], [23.106, 49.3179], [23.1111, 49.3375], [23.1466, 49.3455], [23.1612, 49.3633], [23.1952, 49.3667], [23.2171, 49.3536], [23.2421, 49.3867], [23.2581, 49.4035], [23.2547, 49.4226], [23.2685, 49.4367], [23.2751, 49.4486], [23.2881, 49.4599], [23.3126, 49.4585], [23.3307, 49.4543], [23.3576, 49.4632], [23.3865, 49.4604], [23.4045, 49.471], [23.4279, 49.4852], [23.5069, 49.4901], [23.5537, 49.4976], [23.5655, 49.5315], [23.5761, 49.5458], [23.64, 49.5311], [23.6484, 49.5217], [23.7142, 49.516], [23.7393, 49.499], [23.7441, 49.4979], [23.7553, 49.4951], [23.7832, 49.4964], [23.7503, 49.4841], [23.7453, 49.4686], [23.7443, 49.4666], [23.7345, 49.4642], [23.7597, 49.447], [23.7657, 49.462], [23.8008, 49.4488], [23.794, 49.4412], [23.7913, 49.428], [23.7938, 49.4199], [23.7915, 49.4094], [23.7994, 49.4016], [23.7926, 49.3776], [23.7766, 49.3639], [23.7728, 49.3495], [23.7891, 49.3516], [23.7732, 49.338], [23.7464, 49.3367], [23.7292, 49.3066], [23.6812, 49.2804], [23.6719, 49.2681], [23.6908, 49.2533], [23.6847, 49.2423], [23.6961, 49.2427], [23.7743, 49.2433], [23.8031, 49.2547], [23.8324, 49.2418], [23.7925, 49.2138], [23.7868, 49.2111], [23.7087, 49.1528], [23.6983, 49.1348]]]]}, "properties": {"name": "Дрогобицький район", "oblast": "Львівська", "pct": 1.4, "eps": 206, "own": 123}}, {"type": "Feature", "geometry": {"type": "MultiPolygon", "coordinates": [[[[23.7246, 49.5311], [23.7563, 49.5197], [23.7234, 49.5015], [23.6858, 49.5189], [23.6434, 49.5242], [23.64, 49.5311], [23.6505, 49.5503], [23.6497, 49.572], [23.6064, 49.5952], [23.6213, 49.6061], [23.6279, 49.616], [23.6254, 49.6427], [23.6311, 49.6571], [23.6192, 49.6575], [23.588, 49.6382], [23.5696, 49.6486], [23.5223, 49.6644], [23.4859, 49.7069], [23.4644, 49.7056], [23.4554, 49.7], [23.4428, 49.6896], [23.4196, 49.6922], [23.4343, 49.7071], [23.4394, 49.728], [23.4376, 49.7537], [23.4551, 49.762], [23.442, 49.7794], [23.4589, 49.7974], [23.4555, 49.8078], [23.4473, 49.8152], [23.4551, 49.8182], [23.4826, 49.8209], [23.5054, 49.8415], [23.531, 49.8625], [23.5696, 49.8814], [23.5828, 49.8545], [23.6043, 49.8476], [23.6205, 49.8373], [23.6341, 49.8272], [23.6523, 49.842], [23.6819, 49.8487], [23.7148, 49.8546], [23.7509, 49.842], [23.7704, 49.8416], [23.8201, 49.8447], [23.8479, 49.856], [23.8683, 49.8521], [23.8732, 49.8477], [23.8913, 49.8531], [23.8685, 49.8646], [23.8756, 49.8844], [23.902, 49.8961], [23.924, 49.9096], [23.9324, 49.9215], [23.9387, 49.937], [23.9227, 49.9275], [23.9145, 49.946], [23.9096, 49.9552], [23.8941, 49.9723], [23.8685, 49.9809], [23.8107, 49.9949], [23.8093, 50.003], [23.8121, 50.0126], [23.7809, 50.0459], [23.7751, 50.0648], [23.7416, 50.0802], [23.7141, 50.0874], [23.6805, 50.1026], [23.6614, 50.1189], [23.6195, 50.1343], [23.6308, 50.1459], [23.6292, 50.1516], [23.6192, 50.1532], [23.5616, 50.1732], [23.5324, 50.1724], [23.5228, 50.1738], [23.5026, 50.1574], [23.4886, 50.1718], [23.4627, 50.1863], [23.4705, 50.2176], [23.581, 50.2655], [23.6392, 50.3207], [23.6757, 50.3141], [23.6978, 50.2962], [23.7508, 50.2996], [23.7995, 50.2972], [23.8018, 50.2918], [23.814, 50.2768], [23.8161, 50.2678], [23.8415, 50.2572], [23.9134, 50.2207], [23.9574, 50.2227], [23.964, 50.2098], [24.0505, 50.2033], [24.0935, 50.1938], [24.0737, 50.1759], [24.062, 50.1574], [24.092, 50.1316], [24.1299, 50.1143], [24.1317, 50.1394], [24.166, 50.1552], [24.2023, 50.1338], [24.2255, 50.1668], [24.2383, 50.1859], [24.2401, 50.1888], [24.2743, 50.1957], [24.3395, 50.1852], [24.3491, 50.1687], [24.367, 50.161], [24.3816, 50.1704], [24.4251, 50.1701], [24.4169, 50.13], [24.4381, 50.1324], [24.4508, 50.1353], [24.5226, 50.1186], [24.5574, 50.0969], [24.4981, 50.0794], [24.4636, 50.0642], [24.4791, 50.0539], [24.491, 50.0595], [24.497, 50.053], [24.495, 50.0445], [24.5383, 50.0329], [24.5515, 50.0215], [24.555, 50.0149], [24.5351, 50.0119], [24.4808, 50.0189], [24.4785, 50.0005], [24.4581, 49.9851], [24.4403, 49.978], [24.4539, 49.9642], [24.4398, 49.9495], [24.4384, 49.8979], [24.4183, 49.897], [24.3876, 49.8881], [24.3514, 49.8779], [24.3719, 49.865], [24.4425, 49.8494], [24.4538, 49.8463], [24.5152, 49.8607], [24.5637, 49.8476], [24.6204, 49.8209], [24.599, 49.8041], [24.6145, 49.7772], [24.6173, 49.7644], [24.6504, 49.7483], [24.6663, 49.7424], [24.6682, 49.7413], [24.6757, 49.7415], [24.7031, 49.7213], [24.7208, 49.7177], [24.7841, 49.7094], [24.827, 49.6754], [24.8448, 49.6844], [24.8519, 49.6594], [24.8438, 49.6618], [24.8259, 49.662], [24.8205, 49.6595], [24.8247, 49.6502], [24.8379, 49.6368], [24.8465, 49.6192], [24.8464, 49.6009], [24.8375, 49.5893], [24.8349, 49.5804], [24.8023, 49.5864], [24.791, 49.5723], [24.759, 49.572], [24.7246, 49.5722], [24.7222, 49.5682], [24.7226, 49.5411], [24.7222, 49.4992], [24.6976, 49.4943], [24.6704, 49.499], [24.6411, 49.5016], [24.6163, 49.5075], [24.5753, 49.5269], [24.5455, 49.5264], [24.5179, 49.5223], [24.5139, 49.5318], [24.5207, 49.5382], [24.5054, 49.5541], [24.473, 49.56], [24.4805, 49.5529], [24.4596, 49.5523], [24.4344, 49.5359], [24.4453, 49.5076], [24.4275, 49.5049], [24.3934, 49.4991], [24.3514, 49.4995], [24.3101, 49.5083], [24.307, 49.5316], [24.2727, 49.5461], [24.2412, 49.5547], [24.2222, 49.5691], [24.166, 49.5748], [24.1243, 49.5878], [24.0882, 49.6092], [24.032, 49.64], [24.0247, 49.6288], [24.0053, 49.6297], [23.9593, 49.6327], [23.9267, 49.6314], [23.916, 49.6147], [23.9281, 49.6012], [23.9612, 49.5917], [23.9344, 49.5743], [23.9156, 49.5706], [23.8966, 49.5782], [23.8515, 49.5868], [23.8367, 49.5964], [23.812, 49.6005], [23.7925, 49.5826], [23.781, 49.5709], [23.8018, 49.5449], [23.8129, 49.5269], [23.8056, 49.5182], [23.8109, 49.5226], [23.8001, 49.5315], [23.7879, 49.5096], [23.7785, 49.5188], [23.7738, 49.5263], [23.748, 49.5328], [23.7254, 49.5338], [23.7246, 49.5311]]]]}, "properties": {"name": "Львівський район", "oblast": "Львівська", "pct": 1.5, "eps": 213, "own": 131}}, {"type": "Feature", "geometry": {"type": "MultiPolygon", "coordinates": [[[[23.5126, 48.7335], [23.4744, 48.7196], [23.4247, 48.7294], [23.3965, 48.7354], [23.3762, 48.7498], [23.3595, 48.7718], [23.3202, 48.7529], [23.2826, 48.7724], [23.2615, 48.7602], [23.2294, 48.7623], [23.1921, 48.7754], [23.1803, 48.8021], [23.1529, 48.8323], [23.1316, 48.8392], [23.1543, 48.8436], [23.1614, 48.8638], [23.1108, 48.8756], [23.1049, 48.9332], [23.1258, 48.9635], [23.1247, 48.9999], [23.1151, 49.0125], [23.1376, 49.0349], [23.1675, 49.0324], [23.2044, 49.0322], [23.2204, 49.0437], [23.2347, 49.0394], [23.2491, 49.0306], [23.2595, 49.0407], [23.2701, 49.0559], [23.2882, 49.075], [23.2841, 49.1065], [23.281, 49.1199], [23.2747, 49.1305], [23.2916, 49.1355], [23.3053, 49.1473], [23.3191, 49.1497], [23.3349, 49.1413], [23.3563, 49.139], [23.3774, 49.1535], [23.3907, 49.1739], [23.3653, 49.2051], [23.4215, 49.2254], [23.4309, 49.2247], [23.443, 49.2143], [23.4632, 49.1899], [23.5545, 49.1619], [23.5933, 49.1576], [23.6458, 49.1329], [23.6752, 49.1193], [23.7107, 49.1476], [23.7087, 49.1528], [23.7868, 49.2111], [23.7925, 49.2138], [23.8324, 49.2418], [23.8031, 49.2547], [23.7743, 49.2433], [23.6961, 49.2427], [23.6847, 49.2423], [23.6908, 49.2533], [23.6719, 49.2681], [23.6812, 49.2804], [23.7292, 49.3066], [23.7464, 49.3367], [23.7732, 49.338], [23.7891, 49.3516], [23.7728, 49.3495], [23.7766, 49.3639], [23.7926, 49.3776], [23.7994, 49.4016], [23.7915, 49.4094], [23.7938, 49.4199], [23.7913, 49.428], [23.794, 49.4412], [23.8008, 49.4488], [23.7657, 49.462], [23.7597, 49.447], [23.7345, 49.4642], [23.7443, 49.4666], [23.7453, 49.4686], [23.7503, 49.4841], [23.7832, 49.4964], [23.7553, 49.4951], [23.7441, 49.4979], [23.7393, 49.499], [23.7563, 49.5197], [23.7254, 49.5338], [23.748, 49.5328], [23.7738, 49.5263], [23.7785, 49.5188], [23.7879, 49.5096], [23.8001, 49.5315], [23.8109, 49.5226], [23.8056, 49.5182], [23.8129, 49.5269], [23.8018, 49.5449], [23.781, 49.5709], [23.7925, 49.5826], [23.812, 49.6005], [23.8367, 49.5964], [23.8515, 49.5868], [23.8966, 49.5782], [23.9156, 49.5706], [23.9344, 49.5743], [23.9612, 49.5917], [23.9281, 49.6012], [23.916, 49.6147], [23.9267, 49.6314], [23.9593, 49.6327], [24.0053, 49.6297], [24.0247, 49.6288], [24.032, 49.64], [24.0882, 49.6092], [24.1243, 49.5878], [24.166, 49.5748], [24.2222, 49.5691], [24.2412, 49.5547], [24.2727, 49.5461], [24.307, 49.5316], [24.3101, 49.5083], [24.3514, 49.4995], [24.3934, 49.4991], [24.4145, 49.4723], [24.3831, 49.4421], [24.3735, 49.4289], [24.388, 49.396], [24.4229, 49.3848], [24.4288, 49.3741], [24.4019, 49.359], [24.3967, 49.3589], [24.3964, 49.3513], [24.3999, 49.3368], [24.3802, 49.308], [24.3453, 49.3123], [24.3011, 49.3165], [24.2991, 49.2893], [24.3122, 49.2763], [24.3562, 49.2853], [24.3643, 49.28], [24.3523, 49.2526], [24.34, 49.2437], [24.3581, 49.2337], [24.4304, 49.2315], [24.4501, 49.2293], [24.4394, 49.2159], [24.4415, 49.2115], [24.4378, 49.1978], [24.4347, 49.1748], [24.3835, 49.19], [24.3536, 49.1814], [24.2767, 49.1651], [24.2446, 49.1512], [24.2095, 49.1491], [24.1723, 49.1445], [24.1453, 49.1306], [24.0872, 49.1485], [24.0801, 49.1452], [24.0408, 49.1299], [24.019, 49.1166], [24.0059, 49.1294], [23.97, 49.1406], [23.9337, 49.1236], [23.9147, 49.1097], [23.8784, 49.109], [23.8239, 49.1094], [23.8005, 49.1076], [23.7644, 49.1245], [23.752, 49.1164], [23.7378, 49.1043], [23.707, 49.0991], [23.6833, 49.0876], [23.6774, 49.0764], [23.6863, 49.0666], [23.6771, 49.0428], [23.6554, 49.0267], [23.6391, 49.0303], [23.6202, 49.0215], [23.5982, 49.0], [23.5655, 48.9706], [23.5812, 48.9582], [23.569, 48.9274], [23.5755, 48.8889], [23.6071, 48.8737], [23.5814, 48.8712], [23.5693, 48.8527], [23.5642, 48.8288], [23.5697, 48.7957], [23.5766, 48.7813], [23.5582, 48.759], [23.5495, 48.738], [23.5126, 48.7335]]]]}, "properties": {"name": "Стрийський район", "oblast": "Львівська", "pct": 1.4, "eps": 212, "own": 130}}, {"type": "Feature", "geometry": {"type": "MultiPolygon", "coordinates": [[[[24.6684, 50.142], [24.6368, 50.1364], [24.5934, 50.1156], [24.5226, 50.1186], [24.4646, 50.1341], [24.4396, 50.1297], [24.4191, 50.1281], [24.4571, 50.1594], [24.3992, 50.17], [24.3745, 50.1624], [24.3504, 50.1614], [24.3442, 50.1827], [24.3198, 50.1936], [24.2429, 50.197], [24.2412, 50.1851], [24.2322, 50.1714], [24.2163, 50.1619], [24.1758, 50.1508], [24.1479, 50.1594], [24.1337, 50.1157], [24.0983, 50.1165], [24.0889, 50.1505], [24.0654, 50.1725], [24.0918, 50.1914], [24.0911, 50.2032], [23.9735, 50.2022], [23.972, 50.2208], [23.9256, 50.2238], [23.8852, 50.2556], [23.8205, 50.268], [23.8165, 50.2726], [23.807, 50.2886], [23.7995, 50.2947], [23.7514, 50.3034], [23.712, 50.2968], [23.6733, 50.3201], [23.6899, 50.3555], [23.729, 50.3885], [23.844, 50.4059], [24.0055, 50.4355], [24.0696, 50.5037], [24.0983, 50.5991], [24.0973, 50.6358], [24.116, 50.642], [24.1173, 50.6473], [24.1288, 50.6481], [24.1379, 50.6461], [24.1472, 50.6465], [24.1528, 50.643], [24.1597, 50.6389], [24.1634, 50.6303], [24.172, 50.6249], [24.1732, 50.6175], [24.1913, 50.6161], [24.2035, 50.6109], [24.2024, 50.6051], [24.2141, 50.5928], [24.2206, 50.5893], [24.2504, 50.5801], [24.3037, 50.5743], [24.3208, 50.585], [24.3646, 50.597], [24.4086, 50.5897], [24.4026, 50.5712], [24.4157, 50.5584], [24.453, 50.5416], [24.4881, 50.5506], [24.5294, 50.5527], [24.5577, 50.5116], [24.5535, 50.4933], [24.5836, 50.4928], [24.5868, 50.5004], [24.5909, 50.4944], [24.5966, 50.4797], [24.5918, 50.458], [24.597, 50.4134], [24.6463, 50.4117], [24.651, 50.4036], [24.7211, 50.3741], [24.7152, 50.3556], [24.7904, 50.346], [24.8424, 50.3507], [24.8661, 50.3603], [24.9036, 50.3441], [24.9292, 50.3781], [24.9457, 50.389], [25.0083, 50.3499], [25.0603, 50.3426], [25.0602, 50.3287], [25.0537, 50.3047], [25.0472, 50.2883], [25.0327, 50.2802], [25.0377, 50.2672], [25.0354, 50.2598], [25.041, 50.2538], [25.0399, 50.2477], [25.0352, 50.2394], [25.0308, 50.2283], [25.0109, 50.2148], [25.0052, 50.206], [24.986, 50.1945], [24.9439, 50.1864], [24.9046, 50.1803], [24.8725, 50.1779], [24.85, 50.1794], [24.8364, 50.179], [24.8317, 50.1653], [24.8593, 50.1617], [24.8686, 50.1594], [24.8409, 50.153], [24.8294, 50.1479], [24.8094, 50.1517], [24.7973, 50.1425], [24.7764, 50.1409], [24.7504, 50.1426], [24.706, 50.1363], [24.6684, 50.142]]]]}, "properties": {"name": "Червоноградський район", "oblast": "Львівська", "pct": 1.4, "eps": 212, "own": 130}}, {"type": "Feature", "geometry": {"type": "MultiPolygon", "coordinates": [[[[23.0457, 49.6495], [23.0396, 49.6389], [23.0499, 49.6361], [23.0465, 49.6277], [23.0396, 49.6298], [23.0304, 49.6247], [23.0141, 49.6274], [22.9917, 49.6243], [22.9738, 49.6354], [22.9726, 49.6404], [22.9842, 49.6532], [22.965, 49.6756], [22.9473, 49.6861], [22.9101, 49.6839], [22.9225, 49.6974], [22.8561, 49.7109], [22.8731, 49.7399], [22.8991, 49.7659], [22.9613, 49.805], [22.9962, 49.8424], [23.1082, 49.9423], [23.213, 50.0303], [23.2644, 50.079], [23.2839, 50.0992], [23.3152, 50.1129], [23.4268, 50.1827], [23.4627, 50.1863], [23.4886, 50.1718], [23.5026, 50.1574], [23.5228, 50.1738], [23.5476, 50.1765], [23.5906, 50.1518], [23.6248, 50.1483], [23.6334, 50.1505], [23.6316, 50.1413], [23.6557, 50.1182], [23.6804, 50.1047], [23.7054, 50.0945], [23.7352, 50.0798], [23.7714, 50.0698], [23.7852, 50.0472], [23.8087, 50.0263], [23.8129, 50.0054], [23.811, 49.9998], [23.8539, 49.9875], [23.893, 49.9762], [23.9066, 49.9613], [23.9132, 49.9486], [23.9195, 49.9307], [23.937, 49.938], [23.9355, 49.9244], [23.9249, 49.9117], [23.9233, 49.8982], [23.8807, 49.8882], [23.8661, 49.8736], [23.8888, 49.8617], [23.8705, 49.8462], [23.8664, 49.8504], [23.8544, 49.8561], [23.8394, 49.8468], [23.797, 49.8402], [23.7542, 49.8451], [23.714, 49.8454], [23.692, 49.8506], [23.6647, 49.845], [23.6451, 49.8253], [23.6228, 49.8338], [23.6108, 49.8445], [23.59, 49.8538], [23.5847, 49.8765], [23.5603, 49.88], [23.531, 49.8625], [23.5054, 49.8415], [23.4826, 49.8209], [23.4551, 49.8182], [23.4473, 49.8152], [23.4555, 49.8078], [23.4589, 49.7974], [23.442, 49.7794], [23.4388, 49.7583], [23.4167, 49.7569], [23.3862, 49.7459], [23.3927, 49.7326], [23.3912, 49.7178], [23.3831, 49.7117], [23.3902, 49.702], [23.3776, 49.6862], [23.3455, 49.6792], [23.3152, 49.674], [23.3102, 49.6527], [23.2651, 49.6429], [23.2362, 49.6518], [23.2137, 49.6441], [23.1794, 49.6548], [23.1355, 49.6458], [23.1143, 49.6509], [23.0827, 49.6412], [23.0697, 49.6441], [23.0512, 49.6452], [23.0457, 49.6495]]]]}, "properties": {"name": "Яворівський район", "oblast": "Львівська", "pct": 1.4, "eps": 206, "own": 123}}, {"type": "Feature", "geometry": {"type": "MultiPolygon", "coordinates": [[[[24.6653, 48.2555], [24.6673, 48.2241], [24.6538, 48.2058], [24.6372, 48.1827], [24.6247, 48.1598], [24.5985, 48.1614], [24.5886, 48.1395], [24.5691, 48.133], [24.5342, 48.1233], [24.5257, 48.1429], [24.5016, 48.1604], [24.5213, 48.1773], [24.5257, 48.1949], [24.5278, 48.2074], [24.5365, 48.2275], [24.484, 48.2439], [24.4906, 48.266], [24.4954, 48.275], [24.4723, 48.2888], [24.4326, 48.3143], [24.4154, 48.3325], [24.3908, 48.3408], [24.3654, 48.3475], [24.3517, 48.3613], [24.3582, 48.3775], [24.3334, 48.3878], [24.2854, 48.4005], [24.2837, 48.3802], [24.2719, 48.3641], [24.2442, 48.3581], [24.2006, 48.3638], [24.1809, 48.3671], [24.164, 48.384], [24.1533, 48.4012], [24.1438, 48.4277], [24.1286, 48.4478], [24.1291, 48.4597], [24.1421, 48.4809], [24.1208, 48.504], [24.1336, 48.5262], [24.1469, 48.5277], [24.192, 48.5202], [24.2514, 48.5621], [24.2611, 48.5821], [24.2789, 48.5911], [24.3066, 48.5964], [24.3287, 48.6054], [24.3739, 48.6173], [24.3931, 48.6378], [24.494, 48.651], [24.4782, 48.6672], [24.4953, 48.6697], [24.5174, 48.6798], [24.5175, 48.685], [24.5979, 48.714], [24.6157, 48.7226], [24.6391, 48.7411], [24.664, 48.7545], [24.7234, 48.7382], [24.7411, 48.7166], [24.7792, 48.685], [24.8163, 48.6786], [24.8245, 48.6349], [24.7672, 48.6027], [24.7741, 48.5614], [24.796, 48.5452], [24.7863, 48.5332], [24.7607, 48.5075], [24.7696, 48.487], [24.7597, 48.4796], [24.7807, 48.4633], [24.7711, 48.4426], [24.7552, 48.4379], [24.715, 48.4285], [24.7217, 48.415], [24.7229, 48.3916], [24.7392, 48.3789], [24.7448, 48.3638], [24.7464, 48.3372], [24.7473, 48.3195], [24.7332, 48.3018], [24.6853, 48.2692], [24.6653, 48.2555]]]]}, "properties": {"name": "Надвірнянський район", "oblast": "Івано-Франківська", "pct": 1.4, "eps": 202, "own": 122}}, {"type": "Feature", "geometry": {"type": "MultiPolygon", "coordinates": [[[[24.3447, 48.8335], [24.3268, 48.806], [24.2671, 48.7837], [24.2505, 48.7791], [24.2448, 48.7522], [24.2459, 48.7252], [24.2239, 48.7053], [24.2123, 48.6925], [24.1941, 48.6928], [24.163, 48.6634], [24.1471, 48.645], [24.1022, 48.6475], [24.1076, 48.6238], [24.0976, 48.5974], [24.1049, 48.5765], [24.1216, 48.545], [24.1241, 48.5324], [24.101, 48.5257], [24.0772, 48.5144], [24.0378, 48.5039], [24.0074, 48.5043], [23.9927, 48.4995], [23.9747, 48.4753], [23.9639, 48.459], [23.927, 48.4651], [23.9071, 48.4831], [23.9197, 48.5077], [23.922, 48.5225], [23.9144, 48.5329], [23.9253, 48.5464], [23.9058, 48.5622], [23.8687, 48.5564], [23.8339, 48.5672], [23.8045, 48.5809], [23.791, 48.5943], [23.7853, 48.61], [23.7961, 48.6261], [23.7877, 48.64], [23.7641, 48.6447], [23.7419, 48.6455], [23.7063, 48.6387], [23.676, 48.6633], [23.6386, 48.6846], [23.6375, 48.7003], [23.6125, 48.7059], [23.5954, 48.7122], [23.5853, 48.7199], [23.5495, 48.738], [23.5582, 48.759], [23.5766, 48.7813], [23.5697, 48.7957], [23.5642, 48.8288], [23.5693, 48.8527], [23.583, 48.8727], [23.6076, 48.8799], [23.5755, 48.8889], [23.569, 48.9274], [23.5812, 48.9582], [23.5655, 48.9706], [23.5982, 49.0], [23.6202, 49.0215], [23.6391, 49.0303], [23.6554, 49.0267], [23.6771, 49.0428], [23.6863, 49.0666], [23.6774, 49.0764], [23.6833, 49.0876], [23.707, 49.0991], [23.7378, 49.1043], [23.752, 49.1164], [23.7644, 49.1245], [23.8005, 49.1076], [23.8239, 49.1094], [23.8784, 49.109], [23.9147, 49.1097], [23.9337, 49.1236], [23.97, 49.1406], [24.0059, 49.1294], [24.019, 49.1166], [24.0408, 49.1299], [24.0801, 49.1452], [24.0872, 49.1485], [24.1453, 49.1306], [24.1723, 49.1445], [24.2095, 49.1491], [24.2446, 49.1512], [24.2767, 49.1651], [24.3536, 49.1814], [24.3835, 49.19], [24.4236, 49.1699], [24.4306, 49.1904], [24.4376, 49.2066], [24.4396, 49.2131], [24.4422, 49.2212], [24.451, 49.233], [24.4703, 49.223], [24.5027, 49.2241], [24.5159, 49.2197], [24.5404, 49.2176], [24.5488, 49.1992], [24.5716, 49.1934], [24.5318, 49.1795], [24.5044, 49.1614], [24.5546, 49.1279], [24.555, 49.1064], [24.5583, 49.0899], [24.5296, 49.062], [24.5695, 49.0377], [24.5582, 49.0289], [24.5642, 49.0204], [24.5306, 49.0075], [24.5359, 48.9999], [24.5292, 48.9898], [24.5128, 48.9737], [24.4747, 48.9367], [24.4381, 48.9069], [24.4223, 48.8914], [24.4012, 48.8755], [24.3842, 48.8628], [24.3646, 48.86], [24.3447, 48.8335]]]]}, "properties": {"name": "Калуський район", "oblast": "Івано-Франківська", "pct": 1.4, "eps": 201, "own": 121}}, {"type": "Feature", "geometry": {"type": "MultiPolygon", "coordinates": [[[[24.5261, 48.6906], [24.5163, 48.6829], [24.5104, 48.6716], [24.4858, 48.6672], [24.4855, 48.6592], [24.4472, 48.6425], [24.3714, 48.6211], [24.3378, 48.6064], [24.3098, 48.604], [24.2908, 48.5981], [24.2629, 48.5875], [24.2493, 48.5659], [24.2091, 48.5275], [24.155, 48.5269], [24.1315, 48.5286], [24.1283, 48.5451], [24.1, 48.5665], [24.1019, 48.5922], [24.1074, 48.6148], [24.1052, 48.6421], [24.1387, 48.6376], [24.1556, 48.6632], [24.1743, 48.6791], [24.2093, 48.6947], [24.2174, 48.6993], [24.2347, 48.7182], [24.2384, 48.7506], [24.2519, 48.7775], [24.2636, 48.7787], [24.3142, 48.8033], [24.3368, 48.8259], [24.3646, 48.86], [24.3842, 48.8628], [24.4012, 48.8755], [24.4223, 48.8914], [24.4381, 48.9069], [24.4747, 48.9367], [24.5128, 48.9737], [24.5292, 48.9898], [24.5359, 48.9999], [24.5306, 49.0075], [24.5642, 49.0204], [24.5582, 49.0289], [24.5695, 49.0377], [24.5296, 49.062], [24.5583, 49.0899], [24.555, 49.1064], [24.5546, 49.1279], [24.5044, 49.1614], [24.5318, 49.1795], [24.5716, 49.1934], [24.5488, 49.1992], [24.5404, 49.2176], [24.5106, 49.2187], [24.4913, 49.2274], [24.4648, 49.2231], [24.4484, 49.2308], [24.3923, 49.2269], [24.3482, 49.2338], [24.3443, 49.2432], [24.3535, 49.2727], [24.3587, 49.2818], [24.3398, 49.2913], [24.3069, 49.2762], [24.2995, 49.3063], [24.3421, 49.3105], [24.3585, 49.3229], [24.392, 49.3253], [24.3992, 49.3393], [24.3959, 49.3536], [24.402, 49.3557], [24.4093, 49.3633], [24.4322, 49.3787], [24.4234, 49.3863], [24.3896, 49.408], [24.3707, 49.4297], [24.4111, 49.4449], [24.4132, 49.4735], [24.4275, 49.5049], [24.4453, 49.5076], [24.4344, 49.5359], [24.4596, 49.5523], [24.4805, 49.5529], [24.473, 49.56], [24.5054, 49.5541], [24.5207, 49.5382], [24.5139, 49.5318], [24.5179, 49.5223], [24.5455, 49.5264], [24.5753, 49.5269], [24.6163, 49.5075], [24.6411, 49.5016], [24.6704, 49.499], [24.6976, 49.4943], [24.727, 49.4843], [24.7386, 49.4693], [24.7512, 49.4502], [24.7696, 49.4236], [24.7767, 49.3889], [24.7951, 49.3819], [24.8288, 49.3862], [24.845, 49.3534], [24.852, 49.3459], [24.8394, 49.3247], [24.8291, 49.3199], [24.8304, 49.3064], [24.8406, 49.2834], [24.8642, 49.2578], [24.9164, 49.2383], [24.9299, 49.2288], [24.8891, 49.2], [24.8598, 49.1604], [24.8915, 49.1395], [24.9576, 49.1268], [24.9794, 49.094], [24.9746, 49.0827], [24.9889, 49.0833], [24.9921, 49.0721], [24.9629, 49.0761], [24.9174, 49.0823], [24.9064, 49.0665], [24.9123, 49.0492], [24.957, 49.0187], [24.9706, 49.0053], [24.9873, 48.9992], [25.042, 48.9985], [25.0735, 48.9879], [25.0896, 48.9834], [25.1019, 48.9881], [25.1133, 48.9976], [25.1085, 48.9849], [25.111, 48.9642], [25.142, 48.949], [25.1412, 48.9356], [25.1201, 48.9174], [25.1355, 48.8906], [25.1322, 48.8843], [25.1357, 48.8737], [25.1687, 48.8689], [25.1667, 48.895], [25.1973, 48.9133], [25.1982, 48.9159], [25.2074, 48.9225], [25.2125, 48.9226], [25.2373, 48.9283], [25.2301, 48.8858], [25.2092, 48.8487], [25.2284, 48.8487], [25.2391, 48.8666], [25.2845, 48.8605], [25.302, 48.8441], [25.3272, 48.84], [25.2983, 48.826], [25.2572, 48.8259], [25.237, 48.8019], [25.2523, 48.7609], [25.2491, 48.7439], [25.2108, 48.7116], [25.2426, 48.6764], [25.2085, 48.6558], [25.1873, 48.6497], [25.1583, 48.6469], [25.1425, 48.6552], [25.1551, 48.6512], [25.1304, 48.6696], [25.079, 48.6875], [25.0551, 48.7046], [25.0558, 48.7146], [25.0464, 48.7243], [25.0139, 48.7384], [24.9921, 48.7532], [24.9952, 48.7357], [24.9785, 48.7284], [24.9734, 48.7409], [24.9103, 48.7705], [24.8709, 48.7641], [24.8521, 48.7688], [24.8135, 48.7909], [24.8046, 48.7847], [24.792, 48.7809], [24.7542, 48.7664], [24.6931, 48.7509], [24.6393, 48.7501], [24.6269, 48.7319], [24.6052, 48.7178], [24.5486, 48.7064], [24.5261, 48.6906]]]]}, "properties": {"name": "Івано-Франківський район", "oblast": "Івано-Франківська", "pct": 1.5, "eps": 206, "own": 129}}, {"type": "Feature", "geometry": {"type": "MultiPolygon", "coordinates": [[[[24.8891, 47.7246], [24.8826, 47.7361], [24.8804, 47.7463], [24.8564, 47.7646], [24.8518, 47.7749], [24.8358, 47.7953], [24.8231, 47.813], [24.8085, 47.8234], [24.7845, 47.8235], [24.7762, 47.8377], [24.7532, 47.8297], [24.7334, 47.844], [24.7202, 47.8391], [24.7027, 47.853], [24.6709, 47.8652], [24.6673, 47.8856], [24.6609, 47.909], [24.6515, 47.9191], [24.6301, 47.9351], [24.6251, 47.9514], [24.5957, 47.9468], [24.5842, 47.9607], [24.5632, 47.9683], [24.5668, 47.9825], [24.572, 48.0068], [24.5967, 48.0346], [24.6277, 48.0467], [24.602, 48.081], [24.5728, 48.1024], [24.5547, 48.1187], [24.5762, 48.1369], [24.5892, 48.1452], [24.6082, 48.1637], [24.6335, 48.1594], [24.645, 48.1963], [24.6594, 48.2076], [24.6822, 48.2359], [24.6757, 48.2703], [24.7359, 48.2734], [24.7667, 48.254], [24.7893, 48.2242], [24.8371, 48.2253], [24.8653, 48.2193], [24.9022, 48.1955], [24.912, 48.2034], [24.9189, 48.2154], [24.9411, 48.214], [24.9489, 48.2206], [24.9651, 48.2215], [24.9712, 48.2131], [24.9884, 48.1975], [25.0214, 48.2011], [25.0886, 48.1608], [25.0646, 48.1556], [25.0654, 48.1324], [25.0388, 48.1281], [25.0355, 48.1117], [25.0026, 48.1202], [24.9796, 48.1121], [24.9932, 48.0922], [24.9853, 48.0791], [24.9656, 48.0699], [24.9394, 48.0454], [24.9199, 48.0313], [24.9124, 48.014], [24.9091, 48.0026], [24.9073, 47.9966], [24.916, 47.9761], [24.9212, 47.9636], [24.9267, 47.9544], [24.918, 47.9485], [24.9427, 47.9307], [24.9512, 47.9221], [24.96, 47.9113], [24.9595, 47.904], [24.9463, 47.9013], [24.9485, 47.8894], [24.9594, 47.8777], [24.9848, 47.8672], [24.997, 47.8538], [24.9836, 47.8293], [24.9734, 47.8197], [24.9487, 47.7975], [24.9363, 47.7594], [24.9215, 47.7262], [24.8891, 47.7246]]]]}, "properties": {"name": "Верховинський район", "oblast": "Івано-Франківська", "pct": 1.4, "eps": 204, "own": 126}}, {"type": "Feature", "geometry": {"type": "MultiPolygon", "coordinates": [[[[22.3499, 48.4036], [22.3496, 48.3828], [22.3443, 48.3758], [22.3202, 48.3609], [22.2942, 48.3563], [22.253, 48.3798], [22.2532, 48.3915], [22.2653, 48.4097], [22.214, 48.4251], [22.1867, 48.4158], [22.1544, 48.4036], [22.143, 48.4113], [22.1378, 48.4252], [22.1544, 48.5096], [22.1566, 48.5215], [22.183, 48.6025], [22.1887, 48.61], [22.2082, 48.6175], [22.2393, 48.6267], [22.2498, 48.6472], [22.2692, 48.655], [22.2884, 48.6682], [22.3017, 48.6768], [22.3455, 48.6985], [22.3499, 48.7206], [22.3611, 48.732], [22.3602, 48.7421], [22.3425, 48.7507], [22.3513, 48.7726], [22.3729, 48.7827], [22.3841, 48.8078], [22.375, 48.8341], [22.3811, 48.8561], [22.3935, 48.8734], [22.4213, 48.9015], [22.422, 48.9083], [22.4306, 48.9193], [22.4231, 48.929], [22.4769, 48.9925], [22.5026, 48.9997], [22.5287, 49.0024], [22.5367, 49.0216], [22.5525, 49.0797], [22.5657, 49.0882], [22.5788, 49.0965], [22.6037, 49.0845], [22.6243, 49.0806], [22.6333, 49.067], [22.6462, 49.0547], [22.6692, 49.0476], [22.6818, 49.039], [22.7168, 49.0531], [22.7366, 49.0491], [22.7631, 49.0533], [22.8036, 49.0359], [22.8228, 49.0232], [22.8436, 49.0116], [22.8679, 49.0032], [22.8984, 49.0037], [22.9164, 48.9761], [22.9098, 48.9651], [22.873, 48.9435], [22.8659, 48.9088], [22.8345, 48.8725], [22.8636, 48.8477], [22.8783, 48.8225], [22.8715, 48.8109], [22.8855, 48.7781], [22.8901, 48.7547], [22.8718, 48.7392], [22.8695, 48.7136], [22.8532, 48.677], [22.8495, 48.6599], [22.8613, 48.6404], [22.8496, 48.6146], [22.7896, 48.6336], [22.7323, 48.6313], [22.7018, 48.6401], [22.6692, 48.6506], [22.6616, 48.6224], [22.6527, 48.6081], [22.6308, 48.5844], [22.6258, 48.5787], [22.612, 48.5756], [22.5558, 48.5542], [22.554, 48.5429], [22.5717, 48.5206], [22.5836, 48.5122], [22.5589, 48.495], [22.5507, 48.4878], [22.5145, 48.4892], [22.5036, 48.4938], [22.48, 48.4836], [22.4664, 48.4799], [22.4359, 48.4773], [22.4056, 48.4908], [22.3885, 48.4856], [22.3752, 48.4832], [22.3734, 48.4711], [22.3968, 48.4553], [22.4109, 48.4489], [22.4372, 48.4407], [22.4294, 48.4349], [22.4605, 48.4232], [22.4667, 48.4175], [22.4978, 48.3901], [22.4551, 48.3778], [22.4191, 48.3923], [22.4011, 48.3837], [22.3794, 48.3799], [22.3689, 48.3731], [22.356, 48.3913], [22.3523, 48.4043], [22.3499, 48.4036]]]]}, "properties": {"name": "Ужгородський район", "oblast": "Закарпатська", "pct": 1.1, "eps": 192, "own": 120}}, {"type": "Feature", "geometry": {"type": "MultiPolygon", "coordinates": [[[[32.2906, 46.5141], [32.2847, 46.5164], [32.2881, 46.5169], [32.2852, 46.5201], [32.2892, 46.5178], [32.2906, 46.5141]]], [[[33.0324, 46.3596], [32.9021, 46.2649], [32.8448, 46.342], [32.8135, 46.4519], [32.7816, 46.5189], [32.7007, 46.5227], [32.6748, 46.5402], [32.6318, 46.5731], [32.6415, 46.5941], [32.6376, 46.6019], [32.6529, 46.6089], [32.6683, 46.6185], [32.6877, 46.6204], [32.6956, 46.6236], [32.7019, 46.6274], [32.7104, 46.6316], [32.7202, 46.6441], [32.7263, 46.6474], [32.7586, 46.6529], [32.7785, 46.6548], [32.7941, 46.6605], [32.8158, 46.6644], [32.8268, 46.6714], [32.8252, 46.6866], [32.796, 46.6779], [32.7229, 46.675], [32.667, 46.6606], [32.5943, 46.6101], [32.5675, 46.6019], [32.5534, 46.6111], [32.5483, 46.6269], [32.5449, 46.6286], [32.5312, 46.6335], [32.4872, 46.6292], [32.4764, 46.6206], [32.4712, 46.6073], [32.4736, 46.5924], [32.4701, 46.574], [32.4351, 46.5557], [32.3771, 46.5266], [32.3066, 46.5005], [32.2816, 46.5083], [32.293, 46.5062], [32.2997, 46.5145], [32.294, 46.5191], [32.2934, 46.5271], [32.2972, 46.5313], [32.2856, 46.5291], [32.288, 46.5444], [32.3031, 46.5457], [32.2976, 46.5722], [32.2438, 46.5913], [32.1374, 46.5572], [32.104, 46.6105], [32.0581, 46.6139], [32.0158, 46.6301], [31.9822, 46.6565], [32.0298, 46.6668], [32.0721, 46.6832], [32.0626, 46.7289], [32.1072, 46.7524], [32.1137, 46.7461], [32.2198, 46.7705], [32.2506, 46.8193], [32.2945, 46.8147], [32.3737, 46.7976], [32.471, 46.8167], [32.5406, 46.8506], [32.544, 46.8824], [32.5723, 46.8629], [32.5839, 46.8589], [32.6115, 46.8539], [32.7001, 46.8225], [32.7078, 46.8238], [32.7635, 46.8276], [32.778, 46.8244], [32.8144, 46.8406], [32.9212, 46.8672], [32.8349, 46.8838], [32.8382, 46.896], [32.922, 46.9269], [32.9492, 46.9462], [32.9333, 46.9858], [33.0516, 46.959], [33.0644, 46.9074], [33.006, 46.9018], [32.9858, 46.8314], [33.0991, 46.7683], [33.1564, 46.7133], [33.1551, 46.6876], [33.1366, 46.6739], [33.1726, 46.6295], [33.1732, 46.6673], [33.2768, 46.6623], [33.4282, 46.5614], [33.4348, 46.5119], [33.2533, 46.4866], [33.2212, 46.3883], [33.0324, 46.3596]]]]}, "properties": {"name": "Херсонський район", "oblast": "Херсонська", "pct": 15.8, "eps": 1905, "own": 1479}}, {"type": "Feature", "geometry": {"type": "MultiPolygon", "coordinates": [[[[34.8271, 45.8035], [34.8262, 45.8035], [34.8254, 45.8081], [34.8273, 45.8049], [34.8271, 45.8035]]], [[[34.7784, 45.9125], [34.771, 45.9139], [34.7634, 45.9187], [34.7558, 45.9297], [34.761, 45.9266], [34.7628, 45.922], [34.7784, 45.9125]]], [[[34.7872, 45.9146], [34.7852, 45.911], [34.7826, 45.9105], [34.7845, 45.9116], [34.7817, 45.9147], [34.7852, 45.914], [34.7848, 45.9186], [34.7872, 45.9146]]], [[[34.8378, 45.9145], [34.827, 45.9272], [34.8317, 45.9231], [34.8352, 45.9189], [34.8378, 45.9145]]], [[[34.4777, 45.9514], [34.4746, 45.9466], [34.4714, 45.9475], [34.4779, 45.9543], [34.479, 45.9535], [34.4777, 45.9514]]], [[[34.8509, 45.9463], [34.8467, 45.9478], [34.8461, 45.9515], [34.8476, 45.9488], [34.8509, 45.9463]]], [[[34.8282, 45.9491], [34.8242, 45.9488], [34.8238, 45.9502], [34.8273, 45.9502], [34.8282, 45.9491]]], [[[34.7572, 45.9511], [34.7568, 45.9504], [34.7518, 45.9545], [34.7542, 45.9546], [34.7572, 45.9511]]], [[[34.8468, 45.9273], [34.8486, 45.9259], [34.8468, 45.9261], [34.8418, 45.9329], [34.8458, 45.9308], [34.8468, 45.9273]]], [[[34.7604, 45.9389], [34.7641, 45.9234], [34.76, 45.9348], [34.7592, 45.9456], [34.7604, 45.9389]]], [[[34.8422, 45.9252], [34.8455, 45.9215], [34.8349, 45.9386], [34.8422, 45.9252]]], [[[34.8392, 45.9346], [34.8423, 45.9309], [34.8397, 45.9325], [34.8438, 45.9262], [34.8368, 45.9354], [34.8375, 45.9364], [34.8392, 45.9346]]], [[[34.8434, 45.9344], [34.8403, 45.9352], [34.8388, 45.9374], [34.8399, 45.9374], [34.8434, 45.9344]]], [[[34.8264, 45.9442], [34.8312, 45.9416], [34.8244, 45.9429], [34.8264, 45.9442]]], [[[34.7542, 45.9523], [34.7533, 45.9517], [34.7513, 45.9536], [34.7522, 45.9534], [34.7542, 45.9523]]], [[[35.2387, 46.2163], [35.1733, 46.1392], [35.0826, 46.1026], [34.9857, 46.0788], [34.9921, 46.0919], [35.0005, 46.0945], [34.9898, 46.1032], [35.026, 46.1046], [35.0147, 46.1124], [35.0352, 46.1207], [35.0292, 46.124], [35.0384, 46.131], [35.0386, 46.1363], [35.0659, 46.1346], [35.0625, 46.1418], [35.0814, 46.1408], [35.0835, 46.1483], [35.0704, 46.149], [35.0575, 46.1473], [35.0365, 46.1438], [35.0935, 46.1519], [35.1775, 46.1777], [35.2206, 46.1972], [35.2259, 46.21], [35.2207, 46.2169], [35.2238, 46.2202], [35.2339, 46.226], [35.2439, 46.2332], [35.2686, 46.2503], [35.2387, 46.2163]]], [[[34.1492, 46.1671], [34.1367, 46.1769], [34.1342, 46.1905], [34.143, 46.1813], [34.1492, 46.1671]]], [[[34.2482, 46.1531], [34.2464, 46.1536], [34.2462, 46.1545], [34.2488, 46.1542], [34.2482, 46.1531]]], [[[34.2532, 46.1649], [34.2499, 46.1658], [34.2499, 46.1672], [34.2525, 46.1675], [34.2532, 46.1649]]], [[[34.3277, 46.1777], [34.3253, 46.1783], [34.3234, 46.1818], [34.326, 46.1845], [34.3261, 46.1797], [34.3277, 46.1777]]], [[[34.3247, 46.1851], [34.3232, 46.1853], [34.3232, 46.1857], [34.3236, 46.186], [34.3247, 46.1851]]], [[[34.2556, 46.1529], [34.255, 46.1535], [34.2569, 46.1541], [34.2563, 46.1532], [34.2556, 46.1529]]], [[[34.264, 46.1516], [34.2627, 46.1513], [34.262, 46.1519], [34.2631, 46.1525], [34.264, 46.1516]]], [[[34.7724, 46.1568], [34.7611, 46.152], [34.7641, 46.1561], [34.7673, 46.1584], [34.7708, 46.1598], [34.7743, 46.1598], [34.7724, 46.1568]]], [[[34.7595, 46.1568], [34.7577, 46.1578], [34.7572, 46.159], [34.759, 46.1591], [34.7595, 46.1568]]], [[[34.2514, 46.1579], [34.2496, 46.1583], [34.2542, 46.1596], [34.2542, 46.1587], [34.2514, 46.1579]]], [[[34.2658, 46.16], [34.2636, 46.1589], [34.2587, 46.1613], [34.2614, 46.1617], [34.2658, 46.16]]], [[[34.2512, 46.1533], [34.2495, 46.1535], [34.253, 46.1547], [34.2532, 46.1541], [34.2512, 46.1533]]], [[[34.26, 46.1534], [34.2589, 46.1537], [34.26, 46.1548], [34.2626, 46.1545], [34.26, 46.1534]]], [[[34.7547, 46.1539], [34.7538, 46.1536], [34.7531, 46.1573], [34.7562, 46.1544], [34.7547, 46.1539]]], [[[34.2695, 46.1508], [34.268, 46.1511], [34.2685, 46.1544], [34.2667, 46.1567], [34.2698, 46.1569], [34.2695, 46.1508]]], [[[34.2534, 46.1567], [34.2543, 46.1555], [34.2507, 46.1561], [34.252, 46.1571], [34.2534, 46.1567]]], [[[34.2621, 46.158], [34.2639, 46.1562], [34.2584, 46.1551], [34.2575, 46.1575], [34.2551, 46.1581], [34.2621, 46.158]]], [[[34.8479, 45.9587], [34.8483, 45.9571], [34.8451, 45.9619], [34.846, 45.9631], [34.8479, 45.9587]]], [[[34.7435, 45.9589], [34.7426, 45.9582], [34.7392, 45.9641], [34.7444, 45.9615], [34.7435, 45.9589]]], [[[34.8184, 45.9615], [34.8186, 45.9604], [34.8171, 45.9615], [34.82, 45.9633], [34.8184, 45.9615]]], [[[34.832, 45.9611], [34.828, 45.9598], [34.8254, 45.9615], [34.8294, 45.9646], [34.8331, 45.9617], [34.832, 45.9611]]], [[[34.8247, 45.9864], [34.8232, 45.989], [34.8256, 45.9962], [34.8226, 46.0022], [34.828, 46.0059], [34.828, 45.9951], [34.8247, 45.9864]]], [[[34.8222, 45.9784], [34.8192, 45.9798], [34.8205, 45.9854], [34.822, 45.9829], [34.8205, 45.9799], [34.8222, 45.9784]]], [[[34.8174, 45.9683], [34.8218, 45.9698], [34.82, 45.9677], [34.8206, 45.9656], [34.8154, 45.9657], [34.8165, 45.9694], [34.8198, 45.9724], [34.8174, 45.9683]]], [[[34.8322, 45.971], [34.8277, 45.9714], [34.8266, 45.9732], [34.8288, 45.9729], [34.8322, 45.971]]], [[[34.8557, 45.9513], [34.8544, 45.9506], [34.8551, 45.9551], [34.8557, 45.9547], [34.8557, 45.9513]]], [[[34.756, 45.931], [34.7509, 45.9485], [34.7557, 45.9493], [34.756, 45.931]]], [[[34.826, 45.9529], [34.8234, 45.9514], [34.8236, 45.9552], [34.8249, 45.9529], [34.826, 45.9529]]], [[[34.2242, 46.0647], [34.2236, 46.0647], [34.2224, 46.0665], [34.2244, 46.0657], [34.2242, 46.0647]]], [[[34.3388, 46.0614], [34.3374, 46.0616], [34.3379, 46.0629], [34.3401, 46.0624], [34.3388, 46.0614]]], [[[34.0461, 46.1167], [34.0428, 46.1174], [34.0419, 46.1194], [34.0434, 46.1193], [34.0461, 46.1167]]], [[[34.1872, 46.1267], [34.1887, 46.1268], [34.2011, 46.1234], [34.1957, 46.1166], [34.1948, 46.1089], [34.1947, 46.1022], [34.212, 46.1123], [34.21, 46.1063], [34.2088, 46.0807], [34.1974, 46.0798], [34.2035, 46.073], [34.1718, 46.117], [34.1846, 46.1158], [34.1783, 46.1329], [34.1843, 46.1386], [34.1872, 46.1267]]], [[[34.3063, 46.1078], [34.3052, 46.1076], [34.3038, 46.1112], [34.3063, 46.1091], [34.3063, 46.1078]]], [[[34.3076, 46.0971], [34.3061, 46.097], [34.3059, 46.0976], [34.3069, 46.0982], [34.3076, 46.0971]]], [[[34.3054, 46.0979], [34.3043, 46.0979], [34.3036, 46.0994], [34.3052, 46.0994], [34.3054, 46.0979]]], [[[34.3003, 46.0999], [34.2977, 46.1028], [34.2981, 46.1033], [34.3009, 46.1027], [34.3003, 46.0999]]], [[[34.3116, 46.1081], [34.3085, 46.0982], [34.3057, 46.1033], [34.3074, 46.1069], [34.3116, 46.1081]]], [[[34.4499, 45.9878], [34.4556, 45.9697], [34.4311, 45.9969], [34.434, 45.9965], [34.4438, 45.9866], [34.4427, 45.9971], [34.4485, 46.0051], [34.4499, 45.9878]]], [[[34.7227, 45.9961], [34.7559, 46.0026], [34.7649, 45.9994], [34.7591, 45.9814], [34.7587, 45.9826], [34.7442, 45.9754], [34.7408, 45.9824], [34.7316, 45.9778], [34.7363, 45.9716], [34.729, 45.9809], [34.7141, 45.9897], [34.685, 46.0047], [34.688, 46.0131], [34.7227, 45.9961]]], [[[34.8496, 45.9452], [34.8628, 45.9374], [34.8683, 45.9347], [34.8594, 45.9478], [34.8579, 45.9548], [34.8521, 45.967], [34.8504, 45.9693], [34.8471, 45.9756], [34.8415, 45.9808], [34.835, 45.9869], [34.8325, 45.977], [34.8277, 45.9846], [34.8256, 45.986], [34.8334, 46.0146], [34.8221, 46.0036], [34.8092, 46.0411], [34.7811, 46.0536], [34.7648, 46.0244], [34.7588, 46.0116], [34.7397, 46.0369], [34.7118, 46.0467], [34.7136, 46.0605], [34.7121, 46.079], [34.6725, 46.0903], [34.6751, 46.0911], [34.6817, 46.0921], [34.6824, 46.1027], [34.7387, 46.0982], [34.7644, 46.0934], [34.7636, 46.0894], [34.778, 46.075], [34.8041, 46.0831], [34.8127, 46.0996], [34.8166, 46.1074], [34.8162, 46.1292], [34.8087, 46.1252], [34.8014, 46.1277], [34.7981, 46.1324], [34.7966, 46.133], [34.798, 46.1382], [34.8035, 46.1411], [34.8176, 46.1491], [34.8475, 46.0218], [34.9473, 45.8016], [34.9592, 45.7618], [34.9439, 45.7787], [34.9295, 45.8135], [34.9065, 45.8506], [34.8839, 45.8611], [34.8652, 45.8325], [34.827, 45.8158], [34.8335, 45.8178], [34.8248, 45.819], [34.8237, 45.8107], [34.8291, 45.8495], [34.8373, 45.9124], [34.8474, 45.9131], [34.8496, 45.9189], [34.8488, 45.9244], [34.8445, 45.9326], [34.8436, 45.9379], [34.837, 45.9573], [34.8392, 45.9575], [34.843, 45.9498], [34.8496, 45.9452]]], [[[34.428, 46.0048], [34.4299, 46.0047], [34.4306, 46.0038], [34.4271, 46.0027], [34.4262, 46.0039], [34.428, 46.0048]]], [[[34.7548, 46.0041], [34.7537, 46.0039], [34.7532, 46.005], [34.7548, 46.0054], [34.7548, 46.0041]]], [[[34.7598, 46.0059], [34.7591, 46.0073], [34.762, 46.0072], [34.762, 46.0066], [34.7598, 46.0059]]], [[[34.4558, 46.0265], [34.4549, 46.027], [34.4549, 46.0282], [34.4562, 46.0279], [34.4558, 46.0265]]], [[[34.4597, 46.0284], [34.4584, 46.0284], [34.4584, 46.0296], [34.4601, 46.0294], [34.4597, 46.0284]]], [[[34.4525, 46.03], [34.4516, 46.03], [34.4511, 46.0309], [34.4529, 46.0309], [34.4525, 46.03]]], [[[34.4627, 46.0316], [34.4616, 46.0313], [34.459, 46.0329], [34.4605, 46.0342], [34.4627, 46.0316]]], [[[34.4673, 46.0322], [34.4662, 46.0325], [34.4659, 46.0341], [34.4679, 46.0333], [34.4673, 46.0322]]], [[[34.4737, 46.0408], [34.4722, 46.0408], [34.4722, 46.0413], [34.4739, 46.0416], [34.4737, 46.0408]]], [[[34.471, 46.0426], [34.4691, 46.0429], [34.4686, 46.0435], [34.4701, 46.0438], [34.471, 46.0426]]], [[[34.6739, 46.097], [34.6726, 46.0973], [34.6735, 46.0992], [34.6746, 46.0983], [34.6739, 46.097]]], [[[34.4679, 46.1224], [34.4492, 46.1137], [34.4222, 46.094], [34.4105, 46.0873], [34.4149, 46.0759], [34.4143, 46.0598], [34.4046, 46.0612], [34.3952, 46.0954], [34.4401, 46.1224], [34.4679, 46.1224]]], [[[34.8003, 46.1499], [34.8021, 46.1496], [34.8025, 46.1492], [34.7988, 46.1484], [34.8003, 46.1499]]], [[[34.7995, 46.1431], [34.8037, 46.1422], [34.7974, 46.1393], [34.7973, 46.1428], [34.7995, 46.1431]]], [[[34.8111, 46.1474], [34.803, 46.1433], [34.7964, 46.1432], [34.7982, 46.1463], [34.8111, 46.1474]]], [[[34.2549, 46.1257], [34.254, 46.1257], [34.2534, 46.1262], [34.2547, 46.1269], [34.2549, 46.1257]]], [[[34.2569, 46.1258], [34.256, 46.127], [34.2586, 46.1269], [34.2569, 46.1263], [34.2569, 46.1258]]], [[[34.1197, 46.1276], [34.1179, 46.1276], [34.1172, 46.1288], [34.1196, 46.129], [34.1197, 46.1276]]], [[[34.1188, 46.1354], [34.1184, 46.1368], [34.121, 46.1374], [34.1201, 46.1359], [34.1188, 46.1354]]], [[[34.1174, 46.1302], [34.1161, 46.1302], [34.1158, 46.132], [34.1193, 46.1331], [34.1174, 46.1302]]], [[[34.7894, 46.1272], [34.7885, 46.1273], [34.7887, 46.1293], [34.79, 46.1286], [34.7894, 46.1272]]], [[[34.7885, 46.1305], [34.7861, 46.1279], [34.792, 46.1257], [34.774, 46.1315], [34.7891, 46.1334], [34.7885, 46.1305]]], [[[34.236, 46.188], [34.2495, 46.1611], [34.2411, 46.157], [34.2373, 46.1611], [34.2347, 46.1662], [34.2294, 46.1618], [34.2381, 46.1552], [34.2343, 46.1245], [34.234, 46.111], [34.2523, 46.1048], [34.258, 46.1252], [34.258, 46.1338], [34.2616, 46.1403], [34.2743, 46.1432], [34.2694, 46.125], [34.2678, 46.108], [34.2622, 46.1003], [34.2639, 46.0936], [34.25, 46.0885], [34.2634, 46.086], [34.2724, 46.0962], [34.2742, 46.1014], [34.2648, 46.0827], [34.2479, 46.0758], [34.2411, 46.0643], [34.2315, 46.0638], [34.2318, 46.0694], [34.2428, 46.0894], [34.2201, 46.1056], [34.2057, 46.1231], [34.2026, 46.1423], [34.1991, 46.154], [34.2164, 46.1548], [34.2173, 46.1632], [34.2183, 46.1776], [34.236, 46.188]]], [[[34.7913, 46.1305], [34.7902, 46.1363], [34.7956, 46.1423], [34.7958, 46.1402], [34.7926, 46.1365], [34.7913, 46.1305]]], [[[34.7764, 46.1326], [34.7725, 46.132], [34.7718, 46.1329], [34.7781, 46.1346], [34.7764, 46.1326]]], [[[34.2566, 46.1299], [34.2554, 46.1308], [34.2559, 46.1321], [34.2576, 46.1313], [34.2566, 46.1299]]], [[[34.2576, 46.1325], [34.2569, 46.1325], [34.2554, 46.1348], [34.2565, 46.1351], [34.2576, 46.1325]]], [[[34.7738, 46.1346], [34.7724, 46.135], [34.7759, 46.1361], [34.7757, 46.1352], [34.7738, 46.1346]]], [[[34.2558, 46.1445], [34.2554, 46.1456], [34.2569, 46.1455], [34.2569, 46.145], [34.2558, 46.1445]]], [[[34.2606, 46.1451], [34.2584, 46.1455], [34.2584, 46.1461], [34.2593, 46.1466], [34.2606, 46.1451]]], [[[34.2547, 46.1462], [34.2512, 46.1471], [34.2507, 46.1488], [34.2529, 46.1495], [34.2547, 46.1462]]], [[[34.268, 46.1477], [34.2676, 46.1474], [34.2665, 46.148], [34.2678, 46.1485], [34.268, 46.1477]]], [[[34.2689, 46.1485], [34.2678, 46.1489], [34.2704, 46.1497], [34.2704, 46.1491], [34.2689, 46.1485]]], [[[34.2667, 46.1488], [34.2658, 46.1486], [34.2649, 46.1489], [34.2667, 46.1497], [34.2667, 46.1488]]], [[[34.2575, 46.1478], [34.2549, 46.1482], [34.2546, 46.1514], [34.2565, 46.1513], [34.2575, 46.1478]]], [[[34.7602, 46.1526], [34.7563, 46.1459], [34.7528, 46.1489], [34.7588, 46.1543], [34.7602, 46.1526]]], [[[34.7912, 46.1586], [34.7854, 46.1547], [34.78, 46.1445], [34.7778, 46.1463], [34.7758, 46.1469], [34.7732, 46.1478], [34.7644, 46.1485], [34.7661, 46.1503], [34.7777, 46.1532], [34.7742, 46.1568], [34.7912, 46.1586]]], [[[34.2567, 46.1362], [34.2566, 46.1379], [34.2584, 46.137], [34.2575, 46.1365], [34.2567, 46.1362]]], [[[34.257, 46.1386], [34.2564, 46.1392], [34.2587, 46.1408], [34.2586, 46.1388], [34.257, 46.1386]]], [[[34.7655, 46.1438], [34.7697, 46.1437], [34.7704, 46.1429], [34.7652, 46.1392], [34.7618, 46.1422], [34.7655, 46.1438]]], [[[34.2587, 46.1418], [34.2574, 46.142], [34.2598, 46.1426], [34.2598, 46.142], [34.2587, 46.1418]]], [[[34.7798, 46.1419], [34.7783, 46.1422], [34.7835, 46.1442], [34.7835, 46.1438], [34.7798, 46.1419]]], [[[34.2589, 46.1434], [34.2569, 46.1436], [34.2569, 46.1443], [34.2589, 46.1444], [34.2589, 46.1434]]], [[[34.7999, 46.163], [34.8141, 46.1506], [34.8044, 46.1529], [34.8021, 46.151], [34.7836, 46.1349], [34.775, 46.1411], [34.7892, 46.1442], [34.7861, 46.1479], [34.7861, 46.1511], [34.7841, 46.1497], [34.7911, 46.1525], [34.793, 46.1593], [34.7999, 46.163]]], [[[34.6419, 46.0885], [34.6191, 46.0594], [34.5553, 45.9942], [34.5404, 45.9886], [34.5181, 45.9976], [34.4941, 45.9708], [34.4829, 45.9567], [34.4772, 45.9674], [34.4809, 46.0008], [34.4482, 46.0105], [34.4277, 46.0188], [34.4253, 46.006], [34.4327, 46.0461], [34.4669, 46.0443], [34.4657, 46.0354], [34.4626, 46.0388], [34.4566, 46.029], [34.4503, 46.0294], [34.4589, 46.0256], [34.4645, 46.029], [34.4692, 46.0332], [34.4805, 46.0419], [34.4641, 46.0505], [34.4468, 46.0514], [34.4398, 46.0749], [34.4413, 46.0922], [34.4657, 46.1082], [34.4689, 46.1253], [34.49, 46.1214], [34.4889, 46.1002], [34.4923, 46.09], [34.5005, 46.1009], [34.537, 46.1297], [34.5492, 46.1177], [34.5653, 46.0976], [34.5534, 46.0905], [34.5717, 46.0853], [34.5879, 46.1118], [34.5908, 46.1513], [34.5895, 46.1666], [34.5451, 46.1969], [34.5199, 46.172], [34.5179, 46.1609], [34.5249, 46.148], [34.5099, 46.1389], [34.5029, 46.1356], [34.4439, 46.1528], [34.4372, 46.1602], [34.4021, 46.1844], [34.3609, 46.1952], [34.3495, 46.1936], [34.3323, 46.2216], [34.3315, 46.228], [34.313, 46.2196], [34.3026, 46.1918], [34.308, 46.185], [34.3185, 46.1671], [34.3271, 46.1753], [34.3414, 46.1699], [34.3188, 46.1298], [34.3155, 46.1066], [34.3137, 46.1097], [34.3117, 46.1103], [34.3052, 46.107], [34.2967, 46.1074], [34.2982, 46.1296], [34.2961, 46.1581], [34.2604, 46.1852], [34.2383, 46.2249], [34.2228, 46.2406], [34.2134, 46.2519], [34.2097, 46.2573], [34.2007, 46.2698], [34.1587, 46.2911], [34.1415, 46.262], [34.1522, 46.2553], [34.1642, 46.221], [34.1792, 46.1999], [34.197, 46.1896], [34.2011, 46.1805], [34.206, 46.1685], [34.1945, 46.1637], [34.1937, 46.1592], [34.1833, 46.1512], [34.161, 46.14], [34.1595, 46.1583], [34.1537, 46.1632], [34.1686, 46.1929], [34.1424, 46.2142], [34.1269, 46.1917], [34.0987, 46.1787], [34.1109, 46.1746], [34.1226, 46.1803], [34.1459, 46.1602], [34.1402, 46.1599], [34.1318, 46.1601], [34.1408, 46.1526], [34.1423, 46.1421], [34.1516, 46.1407], [34.1644, 46.135], [34.165, 46.1279], [34.1592, 46.1342], [34.1525, 46.1274], [34.1485, 46.1149], [34.1308, 46.1375], [34.1012, 46.1229], [34.0871, 46.1425], [34.0591, 46.1584], [34.0438, 46.1387], [34.0416, 46.1202], [33.9728, 46.2095], [33.9635, 46.3695], [34.108, 46.5262], [33.9851, 46.5555], [33.99, 46.5729], [33.9716, 46.6178], [33.9892, 46.6263], [34.062, 46.6604], [34.0294, 46.7678], [34.0266, 46.7929], [34.107, 46.8179], [34.1812, 46.888], [34.3478, 47.049], [34.5524, 47.1059], [34.5953, 47.0043], [34.6195, 46.9934], [34.6879, 46.9563], [34.8048, 46.8827], [34.7578, 46.8229], [34.7498, 46.7578], [34.6577, 46.7405], [34.634, 46.688], [34.7461, 46.6834], [34.7226, 46.5813], [34.891, 46.5656], [34.8896, 46.5059], [35.022, 46.4794], [35.0696, 46.3777], [35.0716, 46.2988], [35.0757, 46.2784], [34.9702, 46.2516], [34.8337, 46.2043], [34.8133, 46.1617], [34.7912, 46.161], [34.7737, 46.1621], [34.7703, 46.1667], [34.7736, 46.1696], [34.7595, 46.169], [34.7634, 46.1729], [34.758, 46.1733], [34.7079, 46.181], [34.6299, 46.1739], [34.6011, 46.1701], [34.6055, 46.1472], [34.6448, 46.0971], [34.6419, 46.0885]]]]}, "properties": {"name": "Генічеський район", "oblast": "Херсонська", "pct": 10.5, "eps": 1297, "own": 764}}, {"type": "Feature", "geometry": {"type": "MultiPolygon", "coordinates": [[[[34.0954, 45.2455], [34.1895, 45.1868], [34.1971, 45.1744], [34.2117, 45.155], [34.2787, 45.113], [34.2663, 45.0933], [34.2633, 45.0916], [34.2701, 45.085], [34.2707, 45.0626], [34.2757, 45.0493], [34.2762, 45.023], [34.2882, 44.9896], [34.301, 44.966], [34.2908, 44.9403], [34.3018, 44.9274], [34.3273, 44.89], [34.3372, 44.8891], [34.3445, 44.8944], [34.3495, 44.8953], [34.3534, 44.8985], [34.3637, 44.8894], [34.3724, 44.8932], [34.3837, 44.8918], [34.398, 44.8786], [34.4075, 44.8698], [34.4097, 44.8776], [34.4207, 44.8656], [34.4783, 44.8536], [34.4444, 44.8184], [34.403, 44.7937], [34.3784, 44.7878], [34.3702, 44.7744], [34.3282, 44.747], [34.3171, 44.7529], [34.3142, 44.7688], [34.3044, 44.7653], [34.2931, 44.76], [34.2822, 44.765], [34.2703, 44.7767], [34.2284, 44.7982], [34.2257, 44.7791], [34.2001, 44.779], [34.1725, 44.7774], [34.145, 44.7613], [34.1242, 44.7432], [34.067, 44.7676], [34.0545, 44.7829], [34.0039, 44.8307], [34.0292, 44.8255], [34.0443, 44.83], [34.0358, 44.8517], [34.0104, 44.8691], [33.9548, 44.8835], [33.8975, 44.9019], [33.8334, 44.921], [33.7961, 44.8977], [33.7396, 44.9107], [33.6924, 44.909], [33.676, 44.9122], [33.6471, 44.9087], [33.6079, 44.9472], [33.6039, 44.9791], [33.6598, 44.9877], [33.6757, 45.0195], [33.6727, 45.0296], [33.7059, 45.0389], [33.7856, 45.0458], [33.7967, 45.0759], [33.8455, 45.094], [33.863, 45.1048], [33.9134, 45.1319], [33.895, 45.1903], [33.9793, 45.2445], [33.9987, 45.1904], [34.0198, 45.2329], [34.0968, 45.2478], [34.0954, 45.2455]]]]}, "properties": {"name": "Сімферопольський район", "oblast": "", "pct": null, "eps": null, "own": 0}}, {"type": "Feature", "geometry": {"type": "MultiPolygon", "coordinates": [[[[35.3747, 45.2602], [35.371, 45.2655], [35.3652, 45.2714], [35.3669, 45.272], [35.3778, 45.2635], [35.3764, 45.2604], [35.3747, 45.2602]]], [[[35.0654, 45.3663], [35.0636, 45.3676], [35.068, 45.3725], [35.0745, 45.3671], [35.0654, 45.3663]]], [[[35.0107, 45.3773], [35.0107, 45.3784], [35.0078, 45.3786], [35.0139, 45.3793], [35.0107, 45.3773]]], [[[35.0513, 45.3848], [35.0452, 45.3887], [35.0423, 45.3937], [35.0481, 45.3888], [35.0513, 45.3848]]], [[[35.035, 45.3951], [35.0328, 45.3967], [35.0314, 45.4007], [35.032, 45.4005], [35.035, 45.3951]]], [[[35.0412, 45.3956], [35.0367, 45.3986], [35.035, 45.4024], [35.0417, 45.3963], [35.0412, 45.3956]]], [[[35.0287, 45.4078], [35.0261, 45.416], [35.0269, 45.4201], [35.0295, 45.4095], [35.0287, 45.4078]]], [[[35.0295, 45.4163], [35.0288, 45.4165], [35.0301, 45.4211], [35.0313, 45.4178], [35.0295, 45.4163]]], [[[35.1496, 44.8858], [35.138, 44.864], [35.1296, 44.8244], [35.1097, 44.8091], [35.083, 44.7943], [35.048, 44.802], [35.0414, 44.8235], [35.0301, 44.8308], [35.0014, 44.8362], [34.9864, 44.8374], [34.9499, 44.8398], [34.9195, 44.8305], [34.9111, 44.8218], [34.8933, 44.8175], [34.8767, 44.8233], [34.8297, 44.8204], [34.7625, 44.8175], [34.7265, 44.8182], [34.7242, 44.8543], [34.7535, 44.8866], [34.7705, 44.8967], [34.805, 44.904], [34.8281, 44.919], [34.8573, 44.9448], [34.8928, 45.0025], [34.9208, 45.0023], [34.9299, 44.9969], [34.9386, 45.0082], [34.962, 45.0246], [34.9685, 45.056], [34.9266, 45.048], [34.9187, 45.0611], [34.9235, 45.067], [34.8887, 45.0827], [34.8621, 45.0802], [34.8876, 45.1333], [34.8649, 45.1782], [34.7677, 45.1614], [34.7359, 45.2155], [34.6978, 45.2064], [34.6735, 45.2255], [34.6929, 45.2386], [34.6969, 45.2609], [34.7257, 45.2872], [34.7584, 45.3137], [34.8061, 45.3717], [34.7786, 45.3977], [34.7755, 45.4215], [34.7835, 45.422], [34.855, 45.4284], [34.8927, 45.4417], [34.9181, 45.4653], [35.0028, 45.5002], [35.0293, 45.5609], [35.0531, 45.5684], [35.0662, 45.5649], [35.0697, 45.5629], [35.0716, 45.5623], [35.073, 45.5577], [35.0784, 45.557], [35.071, 45.5507], [35.0745, 45.5475], [35.0733, 45.5401], [35.0753, 45.5339], [35.08, 45.5329], [35.0889, 45.5335], [35.0892, 45.5293], [35.0924, 45.5242], [35.0923, 45.5214], [35.0958, 45.5188], [35.0945, 45.5154], [35.0937, 45.5116], [35.0959, 45.5059], [35.0982, 45.5002], [35.1012, 45.4964], [35.0999, 45.4911], [35.1052, 45.4911], [35.1108, 45.4899], [35.0959, 45.4743], [35.0799, 45.4639], [35.0412, 45.4517], [35.022, 45.4436], [35.0158, 45.4324], [35.0059, 45.3997], [34.9984, 45.3959], [34.9777, 45.3971], [34.971, 45.3909], [34.954, 45.3811], [34.9682, 45.3683], [34.9927, 45.3608], [35.0025, 45.3649], [35.0168, 45.3621], [35.0213, 45.361], [35.0424, 45.36], [35.055, 45.3626], [35.0687, 45.3596], [35.0681, 45.3629], [35.0704, 45.3635], [35.0819, 45.3614], [35.0498, 45.3977], [35.0375, 45.4218], [35.0601, 45.3799], [35.0556, 45.3806], [35.0337, 45.4288], [35.0297, 45.4221], [35.0269, 45.4256], [35.0289, 45.4303], [35.0288, 45.4356], [35.0238, 45.4381], [35.0355, 45.4278], [35.0894, 45.3582], [35.149, 45.3335], [35.2046, 45.3406], [35.2517, 45.319], [35.2462, 45.3111], [35.25, 45.3074], [35.2663, 45.3135], [35.2961, 45.2997], [35.3548, 45.2829], [35.3534, 45.2689], [35.3457, 45.2626], [35.3351, 45.2558], [35.3336, 45.2518], [35.3476, 45.2448], [35.3578, 45.2394], [35.3593, 45.2348], [35.3659, 45.2362], [35.3731, 45.2535], [35.3885, 45.259], [35.4514, 45.2672], [35.4247, 45.2147], [35.524, 45.1534], [35.5457, 45.1313], [35.5011, 45.1179], [35.4315, 45.0884], [35.3836, 45.0374], [35.3927, 45.0277], [35.4123, 45.023], [35.395, 45.0016], [35.3548, 44.9767], [35.3716, 44.955], [35.3825, 44.9477], [35.3548, 44.9568], [35.3546, 44.962], [35.3289, 44.9659], [35.3127, 44.9702], [35.291, 44.9676], [35.2487, 44.9556], [35.2405, 44.9205], [35.1853, 44.9091], [35.1577, 44.8955], [35.1496, 44.8858]]], [[[35.1056, 45.4939], [35.1035, 45.494], [35.1025, 45.4948], [35.1049, 45.4954], [35.1056, 45.4939]]], [[[35.0983, 45.5103], [35.0966, 45.5108], [35.0964, 45.513], [35.098, 45.5123], [35.0983, 45.5103]]], [[[35.0963, 45.5213], [35.0932, 45.5237], [35.0938, 45.5271], [35.0951, 45.5265], [35.0963, 45.5213]]], [[[35.0922, 45.5266], [35.0926, 45.5297], [35.0968, 45.5282], [35.0937, 45.5287], [35.0922, 45.5266]]], [[[35.0896, 45.5346], [35.0844, 45.5388], [35.0847, 45.5396], [35.0886, 45.5371], [35.0896, 45.5346]]], [[[35.0597, 45.5669], [35.0556, 45.5707], [35.0557, 45.5718], [35.0615, 45.5724], [35.059, 45.5705], [35.0597, 45.5669]]], [[[35.062, 45.5665], [35.0618, 45.5695], [35.063, 45.5706], [35.0647, 45.567], [35.062, 45.5665]]], [[[35.0667, 45.5677], [35.0635, 45.5723], [35.0642, 45.5728], [35.0679, 45.5694], [35.0667, 45.5677]]], [[[35.0747, 45.5749], [35.0884, 45.5552], [35.0971, 45.5305], [35.1087, 45.4942], [35.1012, 45.5214], [35.0854, 45.5583], [35.0747, 45.5749]]], [[[35.0787, 45.5362], [35.0778, 45.5364], [35.0766, 45.5402], [35.0795, 45.5375], [35.0787, 45.5362]]], [[[35.0839, 45.5377], [35.0804, 45.5398], [35.0796, 45.542], [35.0814, 45.5415], [35.0839, 45.5377]]], [[[35.0836, 45.5412], [35.0825, 45.5423], [35.0833, 45.5448], [35.0843, 45.5424], [35.0836, 45.5412]]], [[[35.0806, 45.5495], [35.0805, 45.5524], [35.0814, 45.553], [35.082, 45.5509], [35.0806, 45.5495]]], [[[35.0763, 45.5496], [35.0748, 45.5515], [35.0753, 45.5529], [35.0772, 45.5499], [35.0763, 45.5496]]], [[[35.0767, 45.5605], [35.073, 45.5626], [35.0728, 45.5643], [35.0772, 45.5612], [35.0767, 45.5605]]]]}, "properties": {"name": "Феодосійський район", "oblast": "", "pct": null, "eps": null, "own": 0}}, {"type": "Feature", "geometry": {"type": "MultiPolygon", "coordinates": [[[[33.4206, 45.8255], [33.4195, 45.8274], [33.4206, 45.828], [33.4213, 45.8262], [33.4206, 45.8255]]], [[[33.4373, 45.8307], [33.4364, 45.8307], [33.4355, 45.8324], [33.4373, 45.8325], [33.4373, 45.8307]]], [[[33.4346, 45.8333], [33.4335, 45.8335], [33.4335, 45.8338], [33.4346, 45.834], [33.4346, 45.8333]]], [[[33.4364, 45.8344], [33.4362, 45.8354], [33.4371, 45.8354], [33.4369, 45.8347], [33.4364, 45.8344]]], [[[33.4403, 45.835], [33.4391, 45.8358], [33.4409, 45.8376], [33.4418, 45.8363], [33.4403, 45.835]]], [[[33.4601, 45.8428], [33.4588, 45.8428], [33.4581, 45.8436], [33.4615, 45.8433], [33.4601, 45.8428]]], [[[33.4084, 45.8225], [33.4543, 45.8452], [33.4563, 45.8447], [33.4369, 45.8365], [33.4164, 45.8271], [33.4183, 45.8202], [33.421, 45.8216], [33.4251, 45.823], [33.4267, 45.8269], [33.4276, 45.8312], [33.4344, 45.8285], [33.4471, 45.8237], [33.4722, 45.8371], [33.4718, 45.8487], [33.4944, 45.8551], [33.5017, 45.8423], [33.5095, 45.8409], [33.5366, 45.8455], [33.5351, 45.8353], [33.5535, 45.8496], [33.5665, 45.8686], [33.5748, 45.8685], [33.5945, 45.8829], [33.6222, 45.8873], [33.6368, 45.8794], [33.6387, 45.8734], [33.6567, 45.8708], [33.6795, 45.846], [33.687, 45.8503], [33.6819, 45.8697], [33.6819, 45.9086], [33.6954, 45.9068], [33.731, 45.9278], [33.7516, 45.9231], [33.7614, 45.9272], [33.7486, 45.9475], [33.7218, 45.951], [33.6845, 45.9573], [33.6863, 45.9548], [33.6541, 45.9537], [33.6276, 45.9426], [33.6318, 45.959], [33.6184, 46.0293], [33.6259, 46.0708], [33.7149, 46.063], [33.7331, 46.0849], [33.7183, 46.127], [33.7498, 46.1367], [33.7591, 46.1411], [33.7666, 46.1424], [33.7707, 46.1453], [33.7758, 46.1355], [33.779, 46.1269], [33.7713, 46.1261], [33.784, 46.1256], [33.8002, 46.1192], [33.8022, 46.119], [33.8066, 46.124], [33.8151, 46.1375], [33.8181, 46.1389], [33.8181, 46.1426], [33.83, 46.151], [33.8122, 46.1548], [33.8051, 46.1787], [33.8164, 46.1805], [33.8269, 46.1848], [33.8223, 46.179], [33.8273, 46.166], [33.8422, 46.1621], [33.8474, 46.1644], [33.8329, 46.1754], [33.8522, 46.1677], [33.8622, 46.1547], [33.8631, 46.1393], [33.852, 46.1264], [33.8468, 46.1127], [33.8328, 46.1119], [33.8284, 46.1157], [33.8137, 46.1024], [33.8017, 46.086], [33.851, 46.1025], [33.8919, 46.0748], [33.9022, 46.0432], [33.8862, 46.0446], [33.8888, 46.0331], [33.9004, 46.0331], [33.907, 46.0221], [33.9113, 46.0376], [33.9102, 46.0491], [33.9177, 46.0669], [33.9419, 46.0692], [33.9422, 46.062], [33.9368, 46.0644], [33.9389, 46.0558], [33.9298, 46.0486], [33.9326, 46.0426], [33.9515, 46.0396], [33.9463, 46.0398], [33.9373, 46.0397], [33.9541, 46.0349], [33.9591, 46.0344], [33.9595, 46.0168], [33.9605, 46.0135], [33.9725, 46.0267], [33.9815, 46.0257], [33.9933, 46.0291], [33.9845, 46.0274], [33.971, 46.0294], [33.9515, 46.0528], [33.9532, 46.0564], [33.9963, 46.0611], [33.9904, 46.067], [33.9928, 46.0762], [33.9784, 46.0669], [33.9729, 46.075], [33.9603, 46.0661], [33.9481, 46.0749], [33.9373, 46.0819], [33.9442, 46.0843], [33.9565, 46.0943], [34.0199, 46.1003], [34.0357, 46.0892], [34.057, 46.0835], [34.0787, 46.0516], [34.0789, 46.0246], [34.0818, 46.0224], [34.093, 46.021], [34.0829, 46.0115], [34.0843, 45.9991], [34.0816, 45.9999], [34.0563, 45.9856], [34.0584, 45.9784], [34.0691, 45.9692], [34.0701, 45.9644], [34.0743, 45.964], [34.067, 45.9592], [34.0759, 45.9528], [34.0893, 45.9469], [34.1069, 45.9407], [34.0918, 45.93], [34.0963, 45.9084], [34.1321, 45.8792], [34.1231, 45.8588], [34.099, 45.8535], [34.0789, 45.8202], [34.0131, 45.7846], [34.0122, 45.7668], [33.9157, 45.7848], [33.8791, 45.7976], [33.7672, 45.8064], [33.7437, 45.7486], [33.7037, 45.7203], [33.6951, 45.7046], [33.6578, 45.748], [33.6029, 45.6669], [33.5739, 45.587], [33.5284, 45.5584], [33.5386, 45.5189], [33.6507, 45.4408], [33.6099, 45.436], [33.5991, 45.4111], [33.5744, 45.4182], [33.5512, 45.4337], [33.5007, 45.433], [33.4413, 45.4559], [33.4637, 45.5087], [33.3914, 45.5068], [33.3607, 45.5154], [33.374, 45.4783], [33.3207, 45.5417], [33.228, 45.6075], [33.1544, 45.6589], [33.1115, 45.6785], [33.0999, 45.6959], [33.128, 45.7185], [33.1514, 45.733], [33.172, 45.8028], [33.1781, 45.8035], [33.1744, 45.7794], [33.2181, 45.7538], [33.2636, 45.7548], [33.3205, 45.7724], [33.4084, 45.8225]], [[33.8851, 46.0356], [33.8808, 46.0345], [33.8837, 46.0353], [33.8851, 46.0356]]], [[[33.4671, 45.8445], [33.4662, 45.845], [33.4682, 45.8459], [33.4678, 45.8448], [33.4671, 45.8445]]], [[[33.5147, 45.8618], [33.514, 45.8633], [33.5163, 45.8641], [33.5154, 45.8619], [33.5147, 45.8618]]], [[[33.5081, 45.853], [33.5036, 45.8536], [33.5029, 45.8573], [33.5054, 45.8568], [33.5047, 45.855], [33.5081, 45.853]]], [[[33.5126, 45.855], [33.5063, 45.8574], [33.5072, 45.8604], [33.5104, 45.8607], [33.5083, 45.8575], [33.5106, 45.8577], [33.5126, 45.855]]], [[[33.5183, 45.865], [33.5163, 45.866], [33.5186, 45.8691], [33.5385, 45.8792], [33.5271, 45.8705], [33.5208, 45.8693], [33.5183, 45.865]]], [[[33.6415, 45.9428], [33.6414, 45.9444], [33.6445, 45.9447], [33.6443, 45.9444], [33.6415, 45.9428]]], [[[33.9236, 46.0815], [33.9079, 46.1008], [33.928, 46.0912], [33.927, 46.0826], [33.9236, 46.0815]]]]}, "properties": {"name": "Перекопський район", "oblast": "", "pct": null, "eps": null, "own": 0}}, {"type": "Feature", "geometry": {"type": "MultiPolygon", "coordinates": [[[[35.0605, 45.5744], [35.0619, 45.576], [35.0595, 45.5787], [35.0602, 45.5801], [35.0627, 45.5752], [35.0605, 45.5744]]], [[[35.06, 45.5812], [35.0576, 45.5825], [35.0582, 45.585], [35.061, 45.5824], [35.06, 45.5812]]], [[[35.0489, 45.5815], [35.0472, 45.5838], [35.0516, 45.5843], [35.0505, 45.5821], [35.0489, 45.5815]]], [[[35.0554, 45.5838], [35.0532, 45.5849], [35.0515, 45.5856], [35.054, 45.5871], [35.0571, 45.5856], [35.0554, 45.5838]]], [[[35.0288, 45.5841], [35.0269, 45.5859], [35.0269, 45.5874], [35.0293, 45.5861], [35.0288, 45.5841]]], [[[35.0429, 45.5842], [35.0423, 45.5845], [35.0397, 45.5872], [35.0428, 45.5867], [35.0429, 45.5842]]], [[[35.0333, 45.584], [35.0295, 45.5894], [35.0304, 45.59], [35.0328, 45.5898], [35.0352, 45.587], [35.0333, 45.584]]], [[[35.0463, 45.5857], [35.0449, 45.5888], [35.0496, 45.5884], [35.0495, 45.5875], [35.0463, 45.5857]]], [[[35.0327, 45.5933], [35.0333, 45.5955], [35.0344, 45.595], [35.0339, 45.5942], [35.0327, 45.5933]]], [[[35.0364, 45.5896], [35.0346, 45.59], [35.0362, 45.5915], [35.0352, 45.5934], [35.0393, 45.5965], [35.0377, 45.5949], [35.038, 45.5902], [35.0364, 45.5896]]], [[[35.0413, 45.5887], [35.0402, 45.5899], [35.0414, 45.5917], [35.0443, 45.592], [35.0442, 45.5893], [35.0413, 45.5887]]], [[[35.0492, 45.5908], [35.0477, 45.5918], [35.0482, 45.5952], [35.0496, 45.5946], [35.0492, 45.5908]]], [[[35.0399, 45.5995], [35.0408, 45.6012], [35.0411, 45.6032], [35.0426, 45.6011], [35.0399, 45.5995]]], [[[35.0388, 45.6006], [35.0362, 45.6025], [35.038, 45.6042], [35.0398, 45.6023], [35.0388, 45.6006]]], [[[35.0429, 45.6033], [35.043, 45.6049], [35.045, 45.6049], [35.0443, 45.6039], [35.0429, 45.6033]]], [[[35.0417, 45.6071], [35.0367, 45.6096], [35.0358, 45.6108], [35.0425, 45.6088], [35.0417, 45.6071]]], [[[35.0435, 45.6069], [35.0436, 45.6094], [35.0423, 45.6117], [35.0459, 45.6108], [35.0435, 45.6069]]], [[[34.9933, 45.6488], [34.9906, 45.6495], [34.9898, 45.6501], [34.9911, 45.6503], [34.9933, 45.6488]]], [[[34.3158, 45.2785], [34.3313, 45.2086], [34.3809, 45.2085], [34.4475, 45.2261], [34.5439, 45.2095], [34.5529, 45.2373], [34.5584, 45.2543], [34.5423, 45.304], [34.6083, 45.3517], [34.58, 45.3872], [34.5306, 45.4301], [34.5303, 45.4368], [34.5389, 45.4403], [34.5499, 45.4434], [34.5495, 45.4469], [34.5587, 45.4487], [34.5498, 45.4965], [34.5741, 45.5222], [34.5855, 45.5626], [34.6124, 45.5656], [34.7023, 45.5838], [34.7584, 45.6023], [34.7174, 45.6245], [34.8069, 45.6348], [34.8111, 45.6665], [34.8482, 45.7008], [34.8849, 45.7027], [34.876, 45.6931], [34.8691, 45.68], [34.8677, 45.6714], [34.888, 45.6748], [34.893, 45.67], [34.9318, 45.6785], [34.9637, 45.6872], [34.9663, 45.6826], [34.9616, 45.6701], [34.9699, 45.6587], [34.9721, 45.6516], [34.9786, 45.6508], [35.0204, 45.6424], [35.042, 45.6154], [35.0658, 45.5907], [35.0734, 45.5746], [35.0674, 45.5861], [35.0379, 45.6194], [35.0302, 45.6106], [35.0382, 45.6072], [35.0347, 45.6044], [35.0328, 45.5957], [35.0233, 45.5928], [35.0225, 45.5877], [35.0265, 45.583], [35.042, 45.5825], [35.0463, 45.58], [35.0587, 45.5763], [35.054, 45.5702], [35.0128, 45.5618], [34.9985, 45.4984], [34.9252, 45.4399], [34.8415, 45.4474], [34.7996, 45.4289], [34.7836, 45.4278], [34.7569, 45.4223], [34.8171, 45.3828], [34.8057, 45.3586], [34.7673, 45.3136], [34.7251, 45.2695], [34.6932, 45.253], [34.6845, 45.2369], [34.6718, 45.1888], [34.7107, 45.2097], [34.7371, 45.2238], [34.7855, 45.1612], [34.8643, 45.1606], [34.8627, 45.1321], [34.8721, 45.078], [34.8886, 45.0786], [34.9119, 45.0641], [34.9221, 45.0553], [34.947, 45.0499], [34.971, 45.0455], [34.9571, 45.0106], [34.9377, 45.0001], [34.9285, 45.0016], [34.909, 44.993], [34.8827, 45.0008], [34.829, 44.9318], [34.8258, 44.9135], [34.7992, 44.9018], [34.7532, 44.892], [34.7289, 44.8874], [34.7014, 44.9009], [34.6754, 44.8775], [34.6504, 44.8798], [34.642, 44.8617], [34.6383, 44.8569], [34.6321, 44.8509], [34.6282, 44.8509], [34.6239, 44.8533], [34.6226, 44.8458], [34.6066, 44.8604], [34.5878, 44.8652], [34.6035, 44.8735], [34.5706, 44.8866], [34.5007, 44.868], [34.4737, 44.8564], [34.4207, 44.8656], [34.4097, 44.8776], [34.4075, 44.8698], [34.398, 44.8786], [34.3837, 44.8918], [34.3724, 44.8932], [34.3637, 44.8894], [34.3534, 44.8985], [34.3495, 44.8953], [34.3437, 44.8972], [34.3393, 44.8934], [34.3372, 44.8891], [34.3273, 44.89], [34.3018, 44.9274], [34.2908, 44.9403], [34.301, 44.966], [34.2882, 44.9896], [34.2762, 45.023], [34.2757, 45.0493], [34.2707, 45.0626], [34.2701, 45.085], [34.2633, 45.0916], [34.2663, 45.0933], [34.2787, 45.113], [34.2117, 45.155], [34.1971, 45.1744], [34.1895, 45.1868], [34.1872, 45.2528], [34.2157, 45.2662], [34.2167, 45.2847], [34.2921, 45.2806], [34.3158, 45.2785]]], [[[34.9908, 45.6537], [34.9886, 45.6546], [34.9888, 45.6558], [34.9904, 45.6552], [34.9908, 45.6537]]], [[[34.9877, 45.6566], [34.9866, 45.6568], [34.9842, 45.6652], [34.9878, 45.659], [34.9877, 45.6566]]], [[[34.9672, 45.6636], [34.9672, 45.6648], [34.9685, 45.6647], [34.9687, 45.6639], [34.9672, 45.6636]]], [[[34.9741, 45.6583], [34.9709, 45.6612], [34.9699, 45.6646], [34.9725, 45.6635], [34.9741, 45.6583]]], [[[34.9645, 45.6636], [34.9623, 45.6648], [34.9631, 45.6685], [34.968, 45.6697], [34.9639, 45.6673], [34.9658, 45.6647], [34.9645, 45.6636]]], [[[34.9649, 45.6702], [34.9631, 45.6707], [34.9647, 45.6716], [34.969, 45.6708], [34.9649, 45.6702]]], [[[34.8713, 45.6776], [34.8709, 45.6787], [34.8722, 45.6792], [34.8722, 45.6785], [34.8713, 45.6776]]], [[[34.9115, 45.6804], [34.9101, 45.6806], [34.9102, 45.681], [34.9122, 45.6809], [34.9115, 45.6804]]], [[[34.9824, 45.6776], [34.9808, 45.6811], [34.9746, 45.6839], [34.9738, 45.6819], [34.97, 45.686], [34.981, 45.6824], [34.9824, 45.6776]]], [[[34.9891, 45.6514], [34.9814, 45.6669], [34.983, 45.6754], [34.9891, 45.6514]]], [[[34.8686, 45.6731], [34.868, 45.6731], [34.8691, 45.6747], [34.8693, 45.6732], [34.8686, 45.6731]]], [[[34.97, 45.6676], [34.9694, 45.6712], [34.9702, 45.6736], [34.9725, 45.6695], [34.97, 45.6676]]], [[[34.9661, 45.6726], [34.9646, 45.6734], [34.9655, 45.6752], [34.9664, 45.6751], [34.9661, 45.6726]]], [[[34.8701, 45.6751], [34.869, 45.6759], [34.8695, 45.677], [34.8708, 45.676], [34.8701, 45.6751]]], [[[34.8945, 45.6887], [34.8943, 45.6893], [34.8959, 45.6896], [34.8956, 45.689], [34.8945, 45.6887]]], [[[34.9698, 45.6763], [34.9681, 45.6771], [34.9674, 45.6837], [34.9694, 45.6819], [34.9698, 45.6763]]], [[[34.8995, 45.6825], [34.8995, 45.6836], [34.9008, 45.6834], [34.9004, 45.6826], [34.8995, 45.6825]]], [[[34.9683, 45.6846], [34.9662, 45.6864], [34.9664, 45.6869], [34.9686, 45.6862], [34.9683, 45.6846]]], [[[34.9077, 45.6812], [34.9068, 45.6816], [34.9066, 45.683], [34.9082, 45.6822], [34.9077, 45.6812]]], [[[34.905, 45.6821], [34.9026, 45.6823], [34.9026, 45.6832], [34.9049, 45.6833], [34.905, 45.6821]]], [[[34.8984, 45.6845], [34.8969, 45.6858], [34.8971, 45.6874], [34.8983, 45.6869], [34.8984, 45.6845]]]]}, "properties": {"name": "Білогірський район", "oblast": "", "pct": null, "eps": null, "own": 0}}, {"type": "Feature", "geometry": {"type": "MultiPolygon", "coordinates": [[[[33.5464, 45.0999], [33.4342, 45.184], [33.3806, 45.1959], [33.371, 45.1833], [33.3441, 45.173], [33.3047, 45.1728], [33.2869, 45.1536], [33.2592, 45.1475], [33.226, 45.1739], [33.1477, 45.204], [33.1131, 45.2295], [33.0941, 45.2491], [33.0261, 45.2987], [32.9858, 45.3266], [32.984, 45.3275], [32.8559, 45.369], [32.787, 45.3662], [32.7311, 45.3565], [32.6777, 45.3295], [32.6652, 45.3178], [32.6235, 45.3183], [32.6048, 45.3256], [32.5805, 45.3291], [32.5528, 45.3352], [32.5293, 45.3422], [32.4934, 45.3491], [32.508, 45.3839], [32.4804, 45.4023], [32.4906, 45.4108], [32.5325, 45.445], [32.5418, 45.4555], [32.5644, 45.4698], [32.5972, 45.485], [32.6353, 45.4991], [32.6821, 45.5181], [32.6902, 45.512], [32.7122, 45.5183], [32.7122, 45.5246], [32.7238, 45.5322], [32.7709, 45.5566], [32.7997, 45.5603], [32.8085, 45.5546], [32.8259, 45.5551], [32.8284, 45.5487], [32.8302, 45.5552], [32.8435, 45.5709], [32.8375, 45.5844], [32.8323, 45.5955], [32.9428, 45.656], [32.9717, 45.6679], [33.0035, 45.6775], [33.0248, 45.6885], [33.045, 45.6924], [33.0977, 45.7141], [33.1243, 45.6968], [33.114, 45.6617], [33.2038, 45.6593], [33.2319, 45.5571], [33.3184, 45.5119], [33.3739, 45.4912], [33.3601, 45.5262], [33.4476, 45.5029], [33.4582, 45.4638], [33.4294, 45.4558], [33.5073, 45.4465], [33.5773, 45.4336], [33.5739, 45.403], [33.5973, 45.4265], [33.6419, 45.4343], [33.6504, 45.443], [33.7034, 45.4308], [33.7372, 45.4389], [33.8007, 45.424], [33.9146, 45.3708], [33.8902, 45.3344], [33.928, 45.2586], [33.895, 45.1903], [33.9134, 45.1319], [33.863, 45.1048], [33.8455, 45.094], [33.7967, 45.0759], [33.7856, 45.0458], [33.7059, 45.0389], [33.6727, 45.0296], [33.6757, 45.0195], [33.6598, 44.9877], [33.6003, 45.0067], [33.5554, 45.0917], [33.5464, 45.0999]]]]}, "properties": {"name": "Євпаторійський район", "oblast": "", "pct": null, "eps": null, "own": 0}}, {"type": "Feature", "geometry": {"type": "MultiPolygon", "coordinates": [[[[36.5741, 45.2489], [36.5833, 45.2447], [36.5475, 45.2672], [36.5258, 45.2878], [36.5741, 45.2489]]], [[[35.4579, 45.2701], [35.4575, 45.2725], [35.4554, 45.2738], [35.4639, 45.2791], [35.4642, 45.2757], [35.4579, 45.2701]]], [[[35.4431, 45.3001], [35.4388, 45.3014], [35.4376, 45.302], [35.4445, 45.3013], [35.4431, 45.3001]]], [[[35.4389, 45.3032], [35.4368, 45.3033], [35.4368, 45.3039], [35.4385, 45.3045], [35.4389, 45.3032]]], [[[35.4292, 45.308], [35.4287, 45.3086], [35.4305, 45.3083], [35.4292, 45.308]]], [[[35.4184, 45.3095], [35.4166, 45.3095], [35.4167, 45.3104], [35.418, 45.3104], [35.4184, 45.3095]]], [[[35.4249, 45.3103], [35.4241, 45.3106], [35.4258, 45.3105], [35.4249, 45.3103]]], [[[35.4342, 45.3036], [35.4325, 45.3046], [35.4368, 45.3045], [35.4359, 45.3039], [35.4342, 45.3036]]], [[[35.4312, 45.3052], [35.4304, 45.3062], [35.4325, 45.3058], [35.4325, 45.3055], [35.4312, 45.3052]]], [[[35.097, 45.5874], [35.095, 45.5882], [35.0931, 45.5906], [35.0995, 45.5893], [35.097, 45.5874]]], [[[35.0947, 45.5857], [35.0878, 45.5948], [35.0869, 45.6005], [35.0897, 45.5965], [35.0894, 45.5934], [35.0954, 45.5867], [35.0947, 45.5857]]], [[[35.0882, 45.6035], [35.0859, 45.6038], [35.086, 45.6043], [35.0882, 45.6041], [35.0882, 45.6035]]], [[[35.0847, 45.6018], [35.0841, 45.6029], [35.0837, 45.6106], [35.0851, 45.6067], [35.0847, 45.6018]]], [[[35.431, 45.3098], [35.4297, 45.3108], [35.4297, 45.3117], [35.4323, 45.3107], [35.431, 45.3098]]], [[[35.3649, 45.3372], [35.3577, 45.3478], [35.3596, 45.3505], [35.3646, 45.3462], [35.3613, 45.3438], [35.3649, 45.3372]]], [[[36.638, 45.3902], [36.647, 45.3817], [36.6298, 45.3702], [36.6293, 45.3663], [36.6079, 45.3515], [36.5903, 45.3483], [36.5446, 45.3447], [36.5358, 45.3499], [36.5173, 45.357], [36.503, 45.3636], [36.4918, 45.3602], [36.4832, 45.3614], [36.4805, 45.3574], [36.4774, 45.354], [36.4826, 45.3506], [36.4619, 45.3402], [36.4657, 45.3366], [36.4707, 45.3385], [36.4874, 45.3202], [36.4947, 45.3181], [36.4841, 45.3083], [36.429, 45.2944], [36.4149, 45.2749], [36.4282, 45.2669], [36.4259, 45.2562], [36.425, 45.2556], [36.4164, 45.243], [36.4336, 45.2688], [36.4278, 45.2742], [36.4359, 45.2645], [36.4131, 45.2306], [36.4026, 45.2156], [36.4038, 45.1849], [36.4197, 45.1391], [36.4331, 45.117], [36.4521, 45.0956], [36.4124, 45.0753], [36.377, 45.0605], [36.256, 45.0508], [36.224, 45.0281], [36.1584, 45.0364], [36.0279, 45.0497], [35.9816, 45.0222], [35.9423, 45.0143], [35.8917, 45.0122], [35.861, 45.002], [35.8309, 45.0045], [35.823, 45.0185], [35.8095, 45.0424], [35.7695, 45.0716], [35.6104, 45.1274], [35.5582, 45.1337], [35.5287, 45.1425], [35.4282, 45.1716], [35.4582, 45.2461], [35.4551, 45.2658], [35.4544, 45.2594], [35.4587, 45.2596], [35.4661, 45.2592], [35.4705, 45.2719], [35.4732, 45.2746], [35.4631, 45.2807], [35.4732, 45.2936], [35.4714, 45.293], [35.4617, 45.2975], [35.4533, 45.3048], [35.4477, 45.3064], [35.4315, 45.3123], [35.4272, 45.3142], [35.4157, 45.3175], [35.4095, 45.3143], [35.414, 45.3083], [35.416, 45.3046], [35.4223, 45.3002], [35.3986, 45.3249], [35.3796, 45.3432], [35.3592, 45.3559], [35.3409, 45.3671], [35.3106, 45.3894], [35.2932, 45.4119], [35.2551, 45.4465], [35.2145, 45.4908], [35.1504, 45.5442], [35.1345, 45.5669], [35.1022, 45.5892], [35.0993, 45.5968], [35.0946, 45.5955], [35.0904, 45.6033], [35.0901, 45.6069], [35.0864, 45.6109], [35.0816, 45.6139], [35.0668, 45.6249], [35.0544, 45.6399], [35.0138, 45.6819], [34.9847, 45.7151], [34.9744, 45.7627], [35.1226, 45.5841], [35.3056, 45.4093], [35.4611, 45.3049], [35.5495, 45.2932], [35.6406, 45.3217], [35.6456, 45.3176], [35.6835, 45.3299], [35.728, 45.3409], [35.7278, 45.3516], [35.7607, 45.3816], [35.7557, 45.3984], [35.8068, 45.4248], [35.826, 45.4479], [35.8193, 45.4606], [35.8496, 45.4734], [35.869, 45.4693], [35.8729, 45.461], [35.8597, 45.4533], [35.8513, 45.4367], [35.9247, 45.3846], [36.0027, 45.3697], [36.0487, 45.3845], [36.0716, 45.4161], [36.0723, 45.4414], [36.125, 45.4618], [36.2379, 45.4751], [36.296, 45.4802], [36.3396, 45.4739], [36.3421, 45.4822], [36.355, 45.4727], [36.4139, 45.4458], [36.4367, 45.4503], [36.4585, 45.4559], [36.4941, 45.4472], [36.5334, 45.4265], [36.5665, 45.4352], [36.5964, 45.4383], [36.6113, 45.4155], [36.6248, 45.3969], [36.638, 45.3902]]]]}, "properties": {"name": "Керченський район", "oblast": "", "pct": null, "eps": null, "own": 0}}, {"type": "Feature", "geometry": {"type": "MultiPolygon", "coordinates": [[[[31.733, 46.2788], [31.7396, 46.2707], [31.736, 46.2702], [31.733, 46.2788]]], [[[31.7206, 46.24], [31.7186, 46.2398], [31.7166, 46.2482], [31.7199, 46.2429], [31.7206, 46.24]]], [[[31.747, 46.2164], [31.7452, 46.2168], [31.745, 46.2174], [31.7464, 46.2179], [31.747, 46.2164]]], [[[32.0418, 46.3792], [32.0408, 46.3796], [32.0439, 46.3806], [32.0434, 46.3798], [32.0418, 46.3792]]], [[[32.0552, 46.3859], [32.0534, 46.386], [32.053, 46.3868], [32.0559, 46.3865], [32.0552, 46.3859]]], [[[32.0589, 46.3871], [32.0565, 46.3871], [32.0564, 46.3874], [32.0581, 46.3882], [32.0589, 46.3871]]], [[[32.0328, 46.3887], [32.0339, 46.3869], [32.0298, 46.3874], [32.0327, 46.3851], [32.0261, 46.3862], [32.0356, 46.3944], [32.0324, 46.3903], [32.0328, 46.3887]]], [[[32.0584, 46.3894], [32.0579, 46.3902], [32.0597, 46.3909], [32.0597, 46.39], [32.0584, 46.3894]]], [[[32.0412, 46.3963], [32.0393, 46.3969], [32.0466, 46.4007], [32.0465, 46.4002], [32.0412, 46.3963]]], [[[31.969, 46.4411], [31.9774, 46.4423], [31.9712, 46.4397], [31.9593, 46.44], [31.9527, 46.4422], [31.9516, 46.4443], [31.969, 46.4411]]], [[[32.2812, 46.4815], [32.286, 46.4805], [32.279, 46.4798], [32.2749, 46.4772], [32.2747, 46.4823], [32.2812, 46.4815]]], [[[32.2647, 46.4954], [32.2609, 46.497], [32.2605, 46.4986], [32.2638, 46.4976], [32.2647, 46.4954]]], [[[32.2617, 46.4933], [32.2645, 46.4873], [32.2563, 46.4927], [32.2617, 46.4933]]], [[[32.2784, 46.4925], [32.272, 46.4935], [32.2727, 46.4953], [32.2669, 46.4988], [32.2757, 46.4962], [32.2787, 46.4942], [32.2784, 46.4925]]], [[[32.1503, 46.5098], [32.1702, 46.4931], [32.152, 46.5027], [32.1487, 46.5081], [32.1503, 46.5098]]], [[[31.9951, 46.5039], [31.9967, 46.4997], [31.9925, 46.4967], [31.9935, 46.501], [31.9906, 46.5019], [31.9951, 46.5039]]], [[[32.0885, 46.5004], [32.0897, 46.4988], [32.0831, 46.5004], [32.0781, 46.4997], [32.0866, 46.5026], [32.0905, 46.5019], [32.0885, 46.5004]]], [[[32.1112, 46.5083], [32.1013, 46.5023], [32.0936, 46.5047], [32.1163, 46.5144], [32.1112, 46.5083]]], [[[32.2993, 46.4778], [32.291, 46.4723], [32.277, 46.4775], [32.2778, 46.4829], [32.3085, 46.4781], [32.2993, 46.4778]]], [[[32.2777, 46.4844], [32.2756, 46.4846], [32.2702, 46.4868], [32.2737, 46.4883], [32.2774, 46.4878], [32.2792, 46.4871], [32.2777, 46.4844]]], [[[31.8829, 46.5143], [31.882, 46.5127], [31.8788, 46.5123], [31.877, 46.5137], [31.8829, 46.5143]]], [[[31.9114, 46.5234], [31.9144, 46.5215], [31.9046, 46.5213], [31.9046, 46.5191], [31.9023, 46.5184], [31.8975, 46.5203], [31.8993, 46.5235], [31.9114, 46.5234]]], [[[31.9033, 46.5265], [31.9088, 46.5249], [31.9064, 46.5235], [31.904, 46.5252], [31.9003, 46.525], [31.8977, 46.5284], [31.9033, 46.5265]]], [[[31.8913, 46.527], [31.8964, 46.5231], [31.8804, 46.531], [31.8913, 46.527]]], [[[33.4361, 46.0284], [33.4345, 46.0273], [33.4332, 46.0293], [33.4341, 46.0303], [33.4361, 46.0284]]], [[[33.4313, 46.031], [33.43, 46.0305], [33.428, 46.0329], [33.4295, 46.0342], [33.4313, 46.031]]], [[[32.7893, 46.0326], [32.7885, 46.0323], [32.7871, 46.034], [32.7896, 46.0333], [32.7893, 46.0326]]], [[[32.5617, 46.0673], [32.5921, 46.0629], [32.6209, 46.0608], [32.6316, 46.0576], [32.6402, 46.0578], [32.655, 46.0532], [32.6917, 46.0441], [32.7112, 46.041], [32.7354, 46.0359], [32.7857, 46.0343], [32.7836, 46.0323], [32.7941, 46.0322], [32.7973, 46.0323], [32.8017, 46.035], [32.8115, 46.0369], [32.8198, 46.0413], [32.8283, 46.0447], [32.8415, 46.0515], [32.8465, 46.0528], [32.8535, 46.0543], [32.8569, 46.0537], [32.8576, 46.0567], [32.8704, 46.0593], [32.8994, 46.0386], [32.906, 46.0383], [32.9099, 46.0366], [32.9287, 46.0371], [32.9423, 46.0468], [32.9966, 46.0291], [33.0233, 46.0255], [33.0347, 46.0268], [33.0318, 46.0286], [33.0753, 46.0136], [33.0476, 46.0122], [33.0146, 46.0077], [32.9184, 46.0114], [32.7983, 46.0273], [32.6638, 46.0504], [32.5617, 46.0673]]], [[[32.7104, 46.0423], [32.7089, 46.0426], [32.7089, 46.0431], [32.7102, 46.043], [32.7104, 46.0423]]], [[[32.6208, 46.0615], [32.6195, 46.0614], [32.6191, 46.0617], [32.6212, 46.0621], [32.6208, 46.0615]]], [[[33.2003, 46.0667], [33.1964, 46.0665], [33.1946, 46.0682], [33.2008, 46.0709], [33.2043, 46.0708], [33.2038, 46.0676], [33.2003, 46.0667]]], [[[33.1944, 46.0834], [33.1927, 46.0832], [33.1916, 46.0863], [33.194, 46.086], [33.1944, 46.0834]]], [[[33.1903, 46.0892], [33.1889, 46.0895], [33.1889, 46.0905], [33.1905, 46.0899], [33.1903, 46.0892]]], [[[33.2183, 46.1073], [33.2163, 46.107], [33.2161, 46.1077], [33.2183, 46.1088], [33.2183, 46.1073]]], [[[33.2043, 46.0735], [33.2018, 46.0731], [33.2008, 46.0772], [33.2029, 46.0764], [33.2043, 46.0735]]], [[[33.3228, 46.0746], [33.3191, 46.0751], [33.3232, 46.0768], [33.3265, 46.076], [33.3228, 46.0746]]], [[[33.3149, 46.0756], [33.3108, 46.0754], [33.3101, 46.0766], [33.3123, 46.0778], [33.3149, 46.0756]]], [[[32.1996, 46.138], [32.1986, 46.1383], [32.1983, 46.1387], [32.2, 46.1392], [32.1996, 46.138]]], [[[32.2152, 46.1355], [32.2205, 46.1351], [32.224, 46.1329], [32.207, 46.1361], [32.2016, 46.1385], [32.2067, 46.1386], [32.2152, 46.1355]]], [[[32.2176, 46.1364], [32.2158, 46.1368], [32.2153, 46.1376], [32.218, 46.1372], [32.2176, 46.1364]]], [[[32.2021, 46.1409], [32.2001, 46.141], [32.1992, 46.1424], [32.2014, 46.142], [32.2021, 46.1409]]], [[[33.21, 46.1425], [33.2082, 46.1427], [33.2089, 46.1445], [33.2106, 46.1442], [33.21, 46.1425]]], [[[33.1966, 46.174], [33.1947, 46.1746], [33.1949, 46.1764], [33.196, 46.1764], [33.1966, 46.174]]], [[[32.0319, 46.2186], [32.0293, 46.2192], [32.0281, 46.2203], [32.0316, 46.221], [32.0349, 46.2195], [32.0319, 46.2186]]], [[[32.0807, 46.2441], [32.0794, 46.2444], [32.0779, 46.2458], [32.08, 46.2456], [32.0807, 46.2441]]], [[[32.0475, 46.2546], [32.0469, 46.2549], [32.0488, 46.2557], [32.0486, 46.2549], [32.0475, 46.2546]]], [[[32.0402, 46.2181], [32.039, 46.2182], [32.0382, 46.2191], [32.0399, 46.2193], [32.0402, 46.2181]]], [[[31.8913, 46.2797], [31.8908, 46.2808], [31.8925, 46.2806], [31.8922, 46.2799], [31.8913, 46.2797]]], [[[31.7573, 46.303], [31.7566, 46.3042], [31.7589, 46.3071], [31.7594, 46.3057], [31.7573, 46.303]]], [[[31.8268, 46.2642], [31.8261, 46.2641], [31.8257, 46.2645], [31.8272, 46.2652], [31.8268, 46.2642]]], [[[31.8334, 46.2653], [31.8299, 46.2654], [31.8273, 46.2693], [31.8289, 46.2701], [31.8334, 46.2653]]], [[[31.8496, 46.2686], [31.8522, 46.2683], [31.8457, 46.2681], [31.847, 46.269], [31.8496, 46.2686]]], [[[31.8453, 46.2692], [31.8459, 46.2715], [31.8479, 46.2703], [31.8477, 46.2698], [31.8453, 46.2692]]], [[[32.0266, 46.1791], [32.0233, 46.1775], [32.022, 46.1785], [32.026, 46.1796], [32.0266, 46.1791]]], [[[31.9707, 46.1974], [31.9687, 46.1988], [31.9698, 46.2009], [31.9668, 46.2029], [31.9719, 46.2021], [31.9707, 46.1974]]], [[[32.1855, 46.1427], [32.1059, 46.1588], [32.0307, 46.1765], [32.0398, 46.1746], [32.0774, 46.1663], [32.1179, 46.16], [32.1655, 46.1484], [32.1855, 46.1427]]], [[[32.046, 46.2169], [32.0447, 46.217], [32.0432, 46.218], [32.0467, 46.2178], [32.046, 46.2169]]], [[[31.6172, 46.2448], [31.6778, 46.2496], [31.68, 46.2439], [31.6579, 46.2404], [31.6486, 46.2376], [31.6513, 46.2362], [31.6523, 46.2321], [31.6771, 46.2288], [31.7333, 46.2167], [31.7728, 46.21], [31.8299, 46.2029], [31.8542, 46.1963], [31.9293, 46.1865], [31.9549, 46.183], [31.9724, 46.1825], [32.0054, 46.1798], [32.0188, 46.1771], [31.8547, 46.1948], [31.615, 46.2403], [31.5355, 46.2881], [31.5125, 46.3354], [31.5287, 46.3682], [31.5376, 46.337], [31.5403, 46.2943], [31.5811, 46.2577], [31.6172, 46.2448]]], [[[33.0388, 46.1114], [33.0362, 46.1126], [33.0428, 46.1134], [33.0425, 46.1125], [33.0388, 46.1114]]], [[[33.0342, 46.1126], [33.0323, 46.1125], [33.0312, 46.1135], [33.034, 46.1134], [33.0342, 46.1126]]], [[[31.8896, 46.3086], [31.8928, 46.3082], [31.8919, 46.3044], [31.8815, 46.3063], [31.8865, 46.31], [31.8896, 46.3086]]], [[[31.7608, 46.3081], [31.7595, 46.3084], [31.7646, 46.3127], [31.765, 46.3119], [31.7608, 46.3081]]], [[[31.7735, 46.316], [31.7709, 46.3154], [31.7708, 46.314], [31.7658, 46.3134], [31.7716, 46.3179], [31.7741, 46.3181], [31.7735, 46.316]]], [[[31.9138, 46.3381], [31.9064, 46.3379], [31.8881, 46.3341], [31.9037, 46.3387], [31.9138, 46.3381]]], [[[31.9218, 46.3367], [31.9162, 46.3358], [31.915, 46.3365], [31.9179, 46.3376], [31.9218, 46.3367]]], [[[31.9272, 46.338], [31.9244, 46.3379], [31.9339, 46.3394], [31.9316, 46.3384], [31.9272, 46.338]]], [[[33.4525, 46.0473], [33.4479, 46.041], [33.4158, 46.0383], [33.4201, 46.0342], [33.4249, 46.0296], [33.3905, 46.0577], [33.3725, 46.089], [33.3723, 46.0924], [33.3758, 46.0957], [33.3681, 46.0931], [33.3725, 46.0902], [33.3548, 46.0935], [33.3373, 46.1101], [33.3132, 46.1019], [33.309, 46.0757], [33.2819, 46.0808], [33.283, 46.0961], [33.3091, 46.0962], [33.3074, 46.1216], [33.2562, 46.1389], [33.2393, 46.1343], [33.2065, 46.1214], [33.211, 46.1045], [33.1997, 46.1187], [33.2043, 46.1334], [33.2176, 46.1649], [33.208, 46.1882], [33.2227, 46.2018], [33.2254, 46.2175], [33.2074, 46.2008], [33.2023, 46.1901], [33.1855, 46.1862], [33.1929, 46.1758], [33.1855, 46.16], [33.1798, 46.1544], [33.1467, 46.1363], [33.1305, 46.1261], [33.1349, 46.1244], [33.0819, 46.1358], [33.0661, 46.1539], [33.019, 46.1517], [33.0192, 46.1552], [33.0155, 46.1535], [33.0212, 46.1488], [33.0223, 46.1462], [33.0243, 46.1303], [33.0195, 46.1263], [33.0169, 46.1149], [33.0176, 46.1193], [33.031, 46.1122], [33.01, 46.1088], [32.9167, 46.1074], [32.9097, 46.1056], [32.8763, 46.1156], [32.8726, 46.1216], [32.8673, 46.1233], [32.872, 46.1156], [32.8374, 46.1139], [32.8147, 46.1158], [32.8122, 46.1168], [32.7825, 46.1187], [32.7397, 46.1107], [32.6751, 46.0992], [32.625, 46.1034], [32.546, 46.0806], [32.5461, 46.0669], [32.3724, 46.0983], [32.2347, 46.1446], [32.229, 46.1678], [32.236, 46.1732], [32.2368, 46.1668], [32.2466, 46.1723], [32.2377, 46.1844], [32.2446, 46.1817], [32.2633, 46.19], [32.2513, 46.1897], [32.2201, 46.1902], [32.2021, 46.184], [32.1915, 46.1824], [32.1934, 46.1762], [32.1684, 46.1984], [32.1788, 46.1948], [32.1889, 46.2003], [32.1779, 46.1988], [32.1666, 46.2063], [32.1638, 46.199], [32.1552, 46.2045], [32.1475, 46.2029], [32.0897, 46.2227], [32.0833, 46.2326], [32.0864, 46.2415], [32.0755, 46.2497], [32.072, 46.2437], [32.0597, 46.2533], [32.0463, 46.2583], [32.0443, 46.2526], [32.0293, 46.2511], [32.0158, 46.2496], [32.0124, 46.2497], [31.9955, 46.2531], [32.0052, 46.2617], [31.9964, 46.2567], [31.9813, 46.256], [31.9738, 46.2558], [31.946, 46.2859], [31.9127, 46.2963], [31.9112, 46.3003], [31.9091, 46.297], [31.8933, 46.3004], [31.8941, 46.3078], [31.893, 46.3104], [31.8926, 46.3147], [31.8799, 46.3091], [31.893, 46.2981], [31.8956, 46.2925], [31.8945, 46.2911], [31.8944, 46.2863], [31.8872, 46.281], [31.8741, 46.2651], [31.8557, 46.2709], [31.8424, 46.2744], [31.8404, 46.272], [31.8281, 46.2742], [31.8277, 46.2709], [31.8218, 46.2663], [31.8164, 46.2653], [31.8141, 46.2655], [31.815, 46.2768], [31.8071, 46.278], [31.8107, 46.272], [31.7992, 46.273], [31.7991, 46.2766], [31.7936, 46.2766], [31.7902, 46.2748], [31.7837, 46.2681], [31.7777, 46.2666], [31.7754, 46.282], [31.7738, 46.291], [31.7647, 46.2973], [31.7658, 46.301], [31.7631, 46.2962], [31.761, 46.2976], [31.7566, 46.2965], [31.7667, 46.3078], [31.7836, 46.3162], [31.788, 46.3193], [31.7835, 46.3222], [31.7967, 46.3233], [31.7918, 46.3236], [31.8595, 46.3321], [31.8978, 46.3321], [31.9401, 46.3389], [31.9536, 46.3435], [31.9586, 46.3412], [31.9994, 46.3581], [32.0051, 46.357], [32.0268, 46.3819], [32.0325, 46.3817], [32.038, 46.3792], [32.05, 46.3827], [32.0546, 46.3844], [32.0608, 46.3886], [32.0569, 46.3998], [32.022, 46.4472], [31.994, 46.4522], [31.978, 46.4504], [31.9717, 46.447], [31.9774, 46.4492], [31.9867, 46.4535], [31.9812, 46.4432], [31.9687, 46.4448], [31.9431, 46.4513], [31.9372, 46.4497], [31.9171, 46.4552], [31.9296, 46.452], [31.9346, 46.4503], [31.935, 46.4484], [31.9524, 46.4402], [31.9419, 46.4435], [31.806, 46.4787], [31.8457, 46.4976], [31.8712, 46.513], [31.8795, 46.5099], [31.8829, 46.5155], [31.9024, 46.5154], [31.9449, 46.5002], [31.9627, 46.495], [31.9734, 46.496], [31.9903, 46.4923], [31.9971, 46.4888], [32.0203, 46.4902], [32.0247, 46.4882], [32.0779, 46.4975], [32.1624, 46.4936], [32.1652, 46.4889], [32.2188, 46.4777], [32.2227, 46.4787], [32.2619, 46.4773], [32.368, 46.4634], [32.4116, 46.478], [32.4176, 46.4863], [32.4363, 46.4858], [32.4256, 46.4925], [32.3932, 46.4914], [32.374, 46.4905], [32.3386, 46.4838], [32.3368, 46.4732], [32.327, 46.4689], [32.3215, 46.4698], [32.3192, 46.476], [32.2888, 46.4874], [32.3082, 46.4894], [32.3101, 46.4913], [32.311, 46.4944], [32.3771, 46.5266], [32.4351, 46.5557], [32.4756, 46.5696], [32.4794, 46.5703], [32.4932, 46.5685], [32.5326, 46.5512], [32.5652, 46.5541], [32.5758, 46.5651], [32.5901, 46.576], [32.6164, 46.586], [32.6318, 46.5731], [32.6748, 46.5402], [32.7007, 46.5227], [32.7816, 46.5189], [32.8135, 46.4519], [32.8448, 46.342], [32.9021, 46.2649], [33.3522, 46.3948], [33.4481, 46.3577], [33.4747, 46.2909], [33.6049, 46.3276], [33.6317, 46.2283], [33.6152, 46.1346], [33.5935, 46.1575], [33.5711, 46.1524], [33.5662, 46.1375], [33.5414, 46.1247], [33.5482, 46.1312], [33.5552, 46.1284], [33.5162, 46.1221], [33.5106, 46.1141], [33.535, 46.0888], [33.5505, 46.0826], [33.5727, 46.0741], [33.5072, 46.0806], [33.4904, 46.0618], [33.4989, 46.048], [33.5169, 46.0324], [33.4848, 46.0339], [33.455, 46.0496], [33.4525, 46.0473]]]]}, "properties": {"name": "Скадовський район", "oblast": "Херсонська", "pct": 10.5, "eps": 1296, "own": 762}}, {"type": "Feature", "geometry": {"type": "MultiPolygon", "coordinates": [[[[33.6436, 46.2296], [33.6317, 46.2283], [33.6315, 46.2292], [33.6354, 46.2291], [33.6401, 46.2322], [33.6408, 46.2346], [33.6436, 46.2296]]], [[[33.6386, 46.2392], [33.6397, 46.2364], [33.6386, 46.2337], [33.6348, 46.2305], [33.6313, 46.2299], [33.6292, 46.2377], [33.6386, 46.2392]]], [[[33.7708, 46.2538], [33.7458, 46.237], [33.7292, 46.2433], [33.6996, 46.2191], [33.6948, 46.2249], [33.6938, 46.2266], [33.6839, 46.2262], [33.6996, 46.2141], [33.7075, 46.2162], [33.7187, 46.2244], [33.7273, 46.2243], [33.7379, 46.2092], [33.734, 46.219], [33.7402, 46.2013], [33.7203, 46.2012], [33.7096, 46.206], [33.689, 46.212], [33.6816, 46.2162], [33.6766, 46.2239], [33.6719, 46.238], [33.67, 46.2395], [33.6626, 46.2302], [33.6582, 46.2243], [33.6584, 46.2254], [33.6508, 46.2315], [33.6458, 46.2381], [33.6439, 46.2413], [33.6395, 46.2419], [33.6385, 46.2492], [33.6349, 46.2436], [33.6285, 46.2403], [33.5392, 46.2993], [33.3659, 46.3484], [33.2212, 46.3883], [33.2533, 46.4866], [33.4348, 46.5119], [33.4282, 46.5614], [33.2768, 46.6623], [33.1732, 46.6673], [33.1726, 46.6295], [33.1366, 46.6739], [33.1551, 46.6876], [33.1564, 46.7133], [33.0991, 46.7683], [33.202, 46.7702], [33.2932, 46.7511], [33.3256, 46.7762], [33.3151, 46.7792], [33.3094, 46.7923], [33.32, 46.8204], [33.3009, 46.8398], [33.3143, 46.8441], [33.3402, 46.8482], [33.3587, 46.8356], [33.3942, 46.8294], [33.4186, 46.8035], [33.5031, 46.8407], [33.5701, 46.838], [33.6033, 46.8569], [33.6163, 46.9058], [33.651, 46.9366], [33.681, 46.9835], [33.6943, 47.0193], [33.7071, 47.0403], [33.7986, 47.0894], [33.8276, 47.1447], [33.878, 47.1802], [33.9391, 47.223], [33.9605, 47.2458], [33.9995, 47.3317], [33.9969, 47.3859], [34.0072, 47.4568], [34.1711, 47.4693], [34.2444, 47.4303], [34.261, 47.3604], [34.2927, 47.2745], [34.3129, 47.2762], [34.3696, 47.2839], [34.4199, 47.3008], [34.5001, 47.3378], [34.5132, 47.3334], [34.5141, 47.3183], [34.5177, 47.2835], [34.5302, 47.251], [34.4014, 47.1011], [34.3151, 47.0207], [34.1975, 46.811], [34.0337, 46.8102], [34.0316, 46.7722], [34.0451, 46.6847], [34.0646, 46.6492], [33.9795, 46.6254], [33.9785, 46.5839], [33.9998, 46.5737], [33.989, 46.5357], [34.1274, 46.4322], [33.9716, 46.3704], [33.9677, 46.2137], [33.9332, 46.225], [33.9246, 46.2214], [33.9246, 46.2254], [33.8954, 46.2199], [33.8953, 46.2289], [33.8772, 46.2391], [33.8753, 46.24], [33.878, 46.2305], [33.8727, 46.2304], [33.8431, 46.225], [33.826, 46.2301], [33.8129, 46.2359], [33.8042, 46.2413], [33.799, 46.2441], [33.7822, 46.254], [33.7796, 46.2566], [33.7708, 46.2538]]]]}, "properties": {"name": "Каховський район", "oblast": "Херсонська", "pct": 10.5, "eps": 1296, "own": 762}}, {"type": "Feature", "geometry": {"type": "MultiPolygon", "coordinates": [[[[27.4166, 48.9543], [27.4098, 48.9528], [27.3943, 48.9413], [27.3907, 48.9314], [27.3833, 48.9373], [27.3522, 48.9324], [27.3155, 48.9348], [27.3, 48.9364], [27.2948, 48.9233], [27.2921, 48.9094], [27.251, 48.9211], [27.2098, 48.9189], [27.184, 48.9481], [27.1335, 48.9604], [27.1109, 48.9673], [27.0967, 48.9904], [27.044, 48.9826], [27.0283, 48.9959], [27.0119, 49.007], [26.9999, 49.0151], [26.9478, 49.0238], [26.8876, 49.0247], [26.8533, 49.0624], [26.8163, 49.0713], [26.8026, 49.0704], [26.741, 49.0752], [26.7313, 49.0722], [26.674, 49.0703], [26.6787, 49.0636], [26.6632, 49.0401], [26.6308, 48.9931], [26.5896, 49.0114], [26.5907, 49.0042], [26.6061, 48.9971], [26.6267, 48.9837], [26.5819, 48.9875], [26.5443, 48.9981], [26.5596, 49.0109], [26.5573, 49.0287], [26.4441, 49.0657], [26.4428, 49.125], [26.3872, 49.1435], [26.3512, 49.1596], [26.2975, 49.1739], [26.2868, 49.1441], [26.2595, 49.1491], [26.2727, 49.1393], [26.2598, 49.1303], [26.2709, 49.1204], [26.2593, 49.1159], [26.252, 49.1289], [26.242, 49.1482], [26.2258, 49.1676], [26.2175, 49.1626], [26.218, 49.1723], [26.19, 49.1718], [26.195, 49.1812], [26.1955, 49.2116], [26.1999, 49.2258], [26.2025, 49.2424], [26.2441, 49.2427], [26.258, 49.2623], [26.2448, 49.2774], [26.2502, 49.2853], [26.2493, 49.2964], [26.2489, 49.3123], [26.2264, 49.3449], [26.2412, 49.346], [26.2345, 49.3563], [26.2428, 49.3668], [26.2229, 49.3805], [26.234, 49.4003], [26.2253, 49.4111], [26.2131, 49.4165], [26.2016, 49.4404], [26.1886, 49.4798], [26.1515, 49.5067], [26.1566, 49.5205], [26.1731, 49.5472], [26.1916, 49.5561], [26.2011, 49.5453], [26.219, 49.5537], [26.2075, 49.5799], [26.2145, 49.5881], [26.2021, 49.6101], [26.2166, 49.6199], [26.2401, 49.6385], [26.2673, 49.643], [26.2713, 49.6612], [26.2409, 49.6929], [26.1918, 49.7134], [26.232, 49.7399], [26.2369, 49.7707], [26.2297, 49.7776], [26.2247, 49.7966], [26.2094, 49.8127], [26.1966, 49.8227], [26.1866, 49.8338], [26.1773, 49.8464], [26.2143, 49.8659], [26.2304, 49.8774], [26.2848, 49.8814], [26.3165, 49.8996], [26.3383, 49.9177], [26.3741, 49.9309], [26.3915, 49.9142], [26.4319, 49.8888], [26.4596, 49.8956], [26.5099, 49.8844], [26.5233, 49.9033], [26.4887, 49.9148], [26.4902, 49.9352], [26.5342, 49.939], [26.6024, 49.9387], [26.6651, 49.9381], [26.6609, 49.9293], [26.6989, 49.8997], [26.7314, 49.9092], [26.7697, 49.9177], [26.8028, 49.9168], [26.848, 49.8953], [26.8932, 49.8837], [26.9105, 49.8731], [26.9254, 49.8919], [26.9461, 49.9021], [26.9816, 49.9111], [26.9679, 49.9221], [27.015, 49.9257], [27.046, 49.9314], [27.068, 49.9373], [27.0978, 49.9492], [27.1335, 49.9445], [27.1306, 49.9266], [27.1722, 49.9265], [27.1741, 49.9373], [27.2059, 49.9175], [27.1961, 49.9008], [27.2516, 49.8849], [27.2906, 49.8938], [27.3239, 49.9189], [27.3554, 49.9089], [27.3671, 49.8927], [27.3834, 49.8674], [27.4214, 49.8907], [27.4506, 49.9075], [27.5081, 49.8815], [27.5232, 49.9092], [27.5495, 49.9022], [27.5627, 49.9059], [27.5774, 49.9034], [27.5955, 49.8897], [27.625, 49.8922], [27.6153, 49.8637], [27.6188, 49.8541], [27.6227, 49.8378], [27.6343, 49.8274], [27.6383, 49.8204], [27.6467, 49.8073], [27.6615, 49.7955], [27.699, 49.8085], [27.7208, 49.7876], [27.7225, 49.7641], [27.7503, 49.7554], [27.7626, 49.7434], [27.788, 49.7265], [27.8079, 49.7285], [27.8052, 49.7086], [27.7625, 49.6966], [27.8089, 49.6437], [27.8101, 49.6159], [27.7815, 49.5965], [27.7597, 49.5831], [27.7824, 49.5621], [27.7854, 49.5418], [27.7746, 49.5207], [27.7532, 49.5319], [27.7344, 49.5103], [27.7482, 49.4924], [27.769, 49.4913], [27.7838, 49.4859], [27.7611, 49.4744], [27.7513, 49.4387], [27.7805, 49.4422], [27.792, 49.4353], [27.8337, 49.4247], [27.8505, 49.4287], [27.8324, 49.3912], [27.8108, 49.3877], [27.8177, 49.3751], [27.8119, 49.3683], [27.8464, 49.3393], [27.8573, 49.319], [27.8578, 49.2801], [27.8561, 49.2781], [27.8552, 49.2642], [27.8595, 49.2532], [27.8686, 49.2425], [27.8687, 49.2137], [27.8928, 49.2091], [27.8972, 49.1881], [27.8831, 49.1776], [27.8628, 49.1719], [27.8371, 49.1808], [27.8192, 49.1819], [27.8042, 49.1863], [27.7911, 49.1775], [27.7751, 49.1901], [27.7707, 49.1663], [27.7588, 49.1621], [27.7576, 49.1527], [27.706, 49.1405], [27.686, 49.1414], [27.6503, 49.1626], [27.6067, 49.1606], [27.5944, 49.1486], [27.5738, 49.1197], [27.5335, 49.1393], [27.5402, 49.1263], [27.526, 49.1238], [27.5118, 49.1318], [27.503, 49.1084], [27.4801, 49.0896], [27.5017, 49.0676], [27.4411, 49.0625], [27.4163, 49.0551], [27.3832, 49.0076], [27.3964, 48.9896], [27.4144, 48.9643], [27.4166, 48.9543]]]]}, "properties": {"name": "Хмельницький район", "oblast": "Хмельницька", "pct": 3.4, "eps": 355, "own": 285}}, {"type": "Feature", "geometry": {"type": "MultiPolygon", "coordinates": [[[[26.6122, 48.5077], [26.6267, 48.4685], [26.5917, 48.4512], [26.5539, 48.4593], [26.5023, 48.5209], [26.4867, 48.5446], [26.4398, 48.5451], [26.4144, 48.5402], [26.3826, 48.5636], [26.3791, 48.5545], [26.3603, 48.5429], [26.3641, 48.5494], [26.3533, 48.56], [26.3374, 48.5692], [26.3607, 48.5832], [26.3477, 48.5847], [26.3434, 48.5947], [26.3279, 48.6089], [26.3058, 48.6183], [26.2947, 48.6262], [26.3138, 48.6246], [26.3232, 48.6335], [26.2944, 48.6355], [26.2999, 48.643], [26.3085, 48.656], [26.2892, 48.6487], [26.2743, 48.6554], [26.2694, 48.6731], [26.2437, 48.6751], [26.2462, 48.6831], [26.2226, 48.6908], [26.2414, 48.6971], [26.2315, 48.7082], [26.2371, 48.728], [26.2275, 48.747], [26.2347, 48.75], [26.2464, 48.7539], [26.2388, 48.7687], [26.2331, 48.7792], [26.2086, 48.7964], [26.2191, 48.7938], [26.2375, 48.7924], [26.2293, 48.8134], [26.249, 48.8074], [26.2586, 48.8178], [26.2367, 48.8184], [26.2228, 48.8335], [26.2187, 48.8506], [26.2023, 48.8612], [26.2068, 48.8741], [26.2061, 48.896], [26.224, 48.9092], [26.2024, 48.9045], [26.1844, 48.9155], [26.195, 48.9172], [26.1947, 48.9352], [26.2068, 48.9558], [26.1795, 48.9675], [26.1807, 48.9767], [26.2053, 48.9764], [26.2093, 48.9874], [26.1866, 49.0027], [26.1946, 49.0003], [26.2161, 49.0057], [26.1992, 49.0237], [26.2079, 49.0355], [26.185, 49.0569], [26.2155, 49.0704], [26.1965, 49.0726], [26.1969, 49.0803], [26.2034, 49.1115], [26.2037, 49.131], [26.198, 49.1432], [26.191, 49.1601], [26.2116, 49.1604], [26.2204, 49.1698], [26.2243, 49.1686], [26.242, 49.1482], [26.252, 49.1289], [26.2593, 49.1159], [26.264, 49.1249], [26.2648, 49.1379], [26.2672, 49.1407], [26.2649, 49.1541], [26.2883, 49.148], [26.318, 49.1652], [26.3478, 49.1555], [26.4144, 49.1491], [26.419, 49.1114], [26.4991, 49.0452], [26.557, 49.0241], [26.5445, 49.0072], [26.5439, 48.9924], [26.5815, 48.9851], [26.6171, 48.9912], [26.5911, 49.0002], [26.5906, 49.0059], [26.6087, 49.0142], [26.677, 49.027], [26.655, 49.0494], [26.6684, 49.0696], [26.7205, 49.0739], [26.7411, 49.0694], [26.7732, 49.0704], [26.8053, 49.0776], [26.8464, 49.0741], [26.8978, 49.0382], [26.9341, 49.0328], [26.9942, 49.0099], [27.0138, 49.0099], [27.0164, 49.0], [27.038, 48.9879], [27.0653, 48.9892], [27.1098, 48.9779], [27.1253, 48.9599], [27.1404, 48.9535], [27.1881, 48.931], [27.2365, 48.9259], [27.2731, 48.9137], [27.2897, 48.9264], [27.2973, 48.9344], [27.3117, 48.9371], [27.3389, 48.936], [27.3728, 48.9329], [27.3868, 48.9315], [27.3958, 48.9251], [27.4035, 48.891], [27.4151, 48.8519], [27.414, 48.8362], [27.4209, 48.8001], [27.4182, 48.7899], [27.4044, 48.7738], [27.3927, 48.7654], [27.3896, 48.7568], [27.4, 48.7513], [27.401, 48.7269], [27.4156, 48.6958], [27.4072, 48.6874], [27.3916, 48.6816], [27.3796, 48.6498], [27.3529, 48.6291], [27.334, 48.604], [27.3024, 48.6036], [27.2746, 48.6248], [27.2384, 48.6119], [27.2592, 48.5886], [27.254, 48.5677], [27.1921, 48.5791], [27.1404, 48.5762], [27.1078, 48.5573], [26.9983, 48.5712], [26.9891, 48.5868], [26.9682, 48.576], [26.9259, 48.5735], [26.901, 48.5471], [26.8633, 48.5446], [26.8204, 48.5829], [26.8251, 48.6051], [26.7916, 48.6063], [26.7784, 48.588], [26.7802, 48.5465], [26.7548, 48.5552], [26.7324, 48.5867], [26.721, 48.579], [26.7427, 48.557], [26.7281, 48.5323], [26.695, 48.5381], [26.6386, 48.5609], [26.6177, 48.5483], [26.6376, 48.537], [26.6748, 48.5403], [26.7054, 48.5101], [26.7105, 48.4894], [26.6514, 48.4883], [26.6278, 48.5088], [26.6122, 48.5077]]]]}, "properties": {"name": "Кам'янець-Подільський район", "oblast": "Хмельницька", "pct": 3.2, "eps": 323, "own": 245}}, {"type": "Feature", "geometry": {"type": "MultiPolygon", "coordinates": [[[[34.0629, 45.6497], [34.1023, 45.6137], [34.1596, 45.5807], [34.1902, 45.6275], [34.2521, 45.5678], [34.2811, 45.5515], [34.3213, 45.5632], [34.4027, 45.5497], [34.418, 45.5677], [34.5059, 45.5473], [34.5204, 45.5221], [34.5498, 45.4965], [34.5587, 45.4487], [34.5495, 45.4469], [34.5499, 45.4434], [34.5389, 45.4403], [34.5303, 45.4368], [34.5306, 45.4301], [34.58, 45.3872], [34.6083, 45.3517], [34.5423, 45.304], [34.5584, 45.2543], [34.5529, 45.2373], [34.5439, 45.2095], [34.4475, 45.2261], [34.3809, 45.2085], [34.3313, 45.2086], [34.3157, 45.2803], [34.2916, 45.2862], [34.216, 45.2821], [34.2062, 45.2555], [34.0846, 45.2274], [34.0669, 45.2321], [34.0004, 45.2174], [33.9731, 45.2356], [33.9213, 45.274], [33.8902, 45.3344], [33.9146, 45.3708], [33.8007, 45.424], [33.7372, 45.4389], [33.7034, 45.4308], [33.6504, 45.443], [33.5386, 45.5189], [33.5284, 45.5584], [33.5739, 45.587], [33.6029, 45.6669], [33.6578, 45.748], [33.6951, 45.7046], [33.7037, 45.7203], [33.7437, 45.7486], [33.7672, 45.8064], [33.8791, 45.7976], [33.9157, 45.7848], [33.998, 45.7669], [34.0228, 45.7845], [34.0792, 45.8025], [34.1006, 45.7851], [34.1001, 45.7626], [34.11, 45.6838], [34.1008, 45.6668], [34.0629, 45.6497]]]]}, "properties": {"name": "Курманський район", "oblast": "", "pct": null, "eps": null, "own": 0}}, {"type": "Feature", "geometry": {"type": "MultiPolygon", "coordinates": [[[[26.2287, 49.8733], [26.2004, 49.8663], [26.1638, 49.8809], [26.1461, 49.8951], [26.1352, 49.9062], [26.1634, 49.9206], [26.1492, 49.9669], [26.1552, 49.9819], [26.168, 49.9928], [26.2013, 49.9925], [26.2049, 50.0191], [26.1778, 50.0238], [26.1989, 50.0363], [26.2267, 50.0461], [26.2223, 50.0601], [26.2011, 50.0812], [26.2458, 50.1025], [26.2349, 50.1317], [26.2355, 50.1448], [26.2088, 50.1539], [26.2153, 50.1625], [26.2198, 50.1809], [26.2578, 50.1799], [26.2882, 50.1814], [26.303, 50.2047], [26.3167, 50.2192], [26.3428, 50.2375], [26.3625, 50.251], [26.3831, 50.2546], [26.4211, 50.2607], [26.4549, 50.2638], [26.4786, 50.2645], [26.5057, 50.2623], [26.4973, 50.2714], [26.4984, 50.2831], [26.5139, 50.2816], [26.5077, 50.2886], [26.5156, 50.2951], [26.5245, 50.3024], [26.5328, 50.3061], [26.5605, 50.3163], [26.5527, 50.3291], [26.5874, 50.3398], [26.6491, 50.3651], [26.6934, 50.4196], [26.7174, 50.4461], [26.7386, 50.4517], [26.7356, 50.4775], [26.7478, 50.4686], [26.7576, 50.4623], [26.7707, 50.4684], [26.7764, 50.4676], [26.7873, 50.4719], [26.7745, 50.4743], [26.7614, 50.4774], [26.7693, 50.4857], [26.776, 50.49], [26.7775, 50.5002], [26.7968, 50.5018], [26.8257, 50.5214], [26.8434, 50.5132], [26.8737, 50.5224], [26.9077, 50.5412], [26.9822, 50.5238], [27.018, 50.5592], [27.077, 50.5557], [27.0782, 50.577], [27.0873, 50.5805], [27.1109, 50.5917], [27.122, 50.5904], [27.1282, 50.5634], [27.153, 50.5636], [27.2036, 50.5432], [27.2256, 50.5255], [27.2613, 50.4986], [27.2793, 50.4905], [27.2987, 50.485], [27.2924, 50.4581], [27.3194, 50.3687], [27.3245, 50.3585], [27.3471, 50.333], [27.4154, 50.3062], [27.4196, 50.2999], [27.4111, 50.2907], [27.3911, 50.29], [27.4132, 50.2744], [27.4232, 50.2764], [27.4461, 50.2604], [27.4807, 50.2569], [27.5105, 50.2312], [27.5424, 50.2463], [27.5678, 50.2475], [27.5782, 50.259], [27.6002, 50.2386], [27.5935, 50.2151], [27.6208, 50.198], [27.6349, 50.1885], [27.6655, 50.1701], [27.6714, 50.1528], [27.648, 50.1449], [27.6321, 50.134], [27.6414, 50.1152], [27.6308, 50.1043], [27.6679, 50.0763], [27.6748, 50.0567], [27.6786, 50.0349], [27.6707, 50.0264], [27.6414, 50.038], [27.5675, 50.0204], [27.5473, 50.0119], [27.5616, 49.9831], [27.5744, 49.9473], [27.5563, 49.9348], [27.5478, 49.9082], [27.5201, 49.8858], [27.46, 49.8916], [27.4333, 49.8961], [27.4148, 49.8791], [27.381, 49.8678], [27.3671, 49.8927], [27.3554, 49.9089], [27.3287, 49.919], [27.3032, 49.9041], [27.2836, 49.8894], [27.223, 49.8928], [27.1964, 49.9141], [27.2111, 49.9333], [27.169, 49.9319], [27.1329, 49.9247], [27.1396, 49.9408], [27.1034, 49.9443], [27.0663, 49.9435], [27.0501, 49.931], [27.0194, 49.9308], [26.9806, 49.928], [26.9782, 49.9151], [26.9528, 49.9045], [26.9299, 49.8952], [26.9148, 49.874], [26.8988, 49.8783], [26.8486, 49.8926], [26.8064, 49.9143], [26.7816, 49.9164], [26.7395, 49.9025], [26.7111, 49.9009], [26.6379, 49.8925], [26.648, 49.933], [26.6137, 49.9567], [26.5408, 49.9404], [26.4982, 49.9383], [26.4923, 49.9251], [26.5143, 49.9089], [26.5167, 49.9012], [26.4667, 49.8901], [26.4458, 49.885], [26.4243, 49.9037], [26.388, 49.9265], [26.3467, 49.9159], [26.3232, 49.9059], [26.3143, 49.8841], [26.2717, 49.8757], [26.2287, 49.8733]]]]}, "properties": {"name": "Шепетівський район", "oblast": "Хмельницька", "pct": 3.4, "eps": 353, "own": 283}}, {"type": "Feature", "geometry": {"type": "MultiPolygon", "coordinates": [[[[30.6209, 48.1614], [30.5845, 48.1564], [30.553, 48.1614], [30.5043, 48.1592], [30.4998, 48.1698], [30.4366, 48.1716], [30.3926, 48.1656], [30.371, 48.1747], [30.3483, 48.1664], [30.3275, 48.1557], [30.3178, 48.1411], [30.271, 48.1461], [30.242, 48.141], [30.2129, 48.1476], [30.1655, 48.1455], [30.1287, 48.1472], [30.0811, 48.1466], [30.0629, 48.1514], [30.0458, 48.1538], [30.0333, 48.1722], [30.0186, 48.1861], [30.0008, 48.1957], [30.0031, 48.2153], [29.9815, 48.2252], [29.9044, 48.2041], [29.8755, 48.189], [29.8597, 48.2059], [29.794, 48.2012], [29.7809, 48.2092], [29.7821, 48.2424], [29.7712, 48.2675], [29.7553, 48.2846], [29.7506, 48.2987], [29.7652, 48.3004], [29.7732, 48.3096], [29.7843, 48.3293], [29.8046, 48.3315], [29.8115, 48.3499], [29.8047, 48.3612], [29.8709, 48.4172], [29.8831, 48.4306], [29.907, 48.4398], [29.9351, 48.4431], [29.9488, 48.4529], [29.9542, 48.4633], [30.0029, 48.4721], [30.0546, 48.4801], [30.0849, 48.4586], [30.1163, 48.4527], [30.1233, 48.4629], [30.1417, 48.473], [30.1567, 48.4847], [30.1513, 48.4964], [30.258, 48.4896], [30.3285, 48.5231], [30.4037, 48.5742], [30.4848, 48.5647], [30.501, 48.5636], [30.5237, 48.5663], [30.54, 48.5671], [30.5698, 48.5783], [30.5586, 48.5964], [30.5467, 48.6209], [30.5314, 48.6272], [30.5551, 48.6545], [30.6059, 48.687], [30.6016, 48.6992], [30.5881, 48.7228], [30.61, 48.7197], [30.6385, 48.7519], [30.7508, 48.7597], [30.8113, 48.7687], [30.8302, 48.7507], [30.8421, 48.7488], [30.8767, 48.7505], [30.8971, 48.747], [30.9016, 48.7622], [30.9469, 48.7598], [30.9425, 48.7718], [30.9584, 48.7662], [30.978, 48.7616], [31.0028, 48.7583], [31.0437, 48.7545], [31.0611, 48.7528], [31.0673, 48.7385], [31.0895, 48.7333], [31.0962, 48.7402], [31.1152, 48.7283], [31.1234, 48.7411], [31.1322, 48.7375], [31.1424, 48.7462], [31.1671, 48.7567], [31.1957, 48.7605], [31.2138, 48.7607], [31.2337, 48.7662], [31.2539, 48.7585], [31.2528, 48.7427], [31.2657, 48.6961], [31.2396, 48.6976], [31.2164, 48.7091], [31.1829, 48.6922], [31.1464, 48.6727], [31.1636, 48.5925], [31.11, 48.5921], [30.9835, 48.6034], [30.9232, 48.5451], [30.8837, 48.5212], [30.8324, 48.4627], [30.8229, 48.4424], [30.8423, 48.4342], [30.8254, 48.4161], [30.8462, 48.3934], [30.9024, 48.3834], [30.9389, 48.3832], [31.0003, 48.3799], [31.0205, 48.3486], [31.0165, 48.3135], [31.0688, 48.2959], [31.1228, 48.2825], [31.0941, 48.2563], [31.0872, 48.237], [31.0533, 48.2317], [30.9895, 48.1859], [30.9441, 48.1851], [30.931, 48.1714], [30.9189, 48.167], [30.8918, 48.1664], [30.8564, 48.1621], [30.8274, 48.1824], [30.8207, 48.1841], [30.8159, 48.1698], [30.7223, 48.1878], [30.69, 48.1893], [30.6557, 48.173], [30.6209, 48.1614]]]]}, "properties": {"name": "Голованівський район", "oblast": "Кіровоградська", "pct": 11.8, "eps": 1439, "own": 1035}}, {"type": "Feature", "geometry": {"type": "MultiPolygon", "coordinates": [[[[33.316, 48.1591], [33.3084, 48.1291], [33.3155, 48.119], [33.2993, 48.1113], [33.2761, 48.1061], [33.2725, 48.1546], [33.2135, 48.1708], [33.1854, 48.1449], [33.1463, 48.1524], [33.1566, 48.1885], [33.1479, 48.2523], [33.121, 48.2757], [33.106, 48.3237], [33.0679, 48.3702], [33.0747, 48.4025], [33.0782, 48.4331], [33.0944, 48.4466], [33.0444, 48.4952], [33.0465, 48.5077], [32.9578, 48.4761], [32.9153, 48.4741], [32.8829, 48.447], [32.7821, 48.4545], [32.7936, 48.4604], [32.783, 48.4803], [32.784, 48.5001], [32.7723, 48.5115], [32.7763, 48.5435], [32.7641, 48.5601], [32.7808, 48.5961], [32.788, 48.6036], [32.8029, 48.6101], [32.8258, 48.614], [32.8533, 48.6309], [32.8503, 48.6266], [32.8175, 48.6263], [32.8042, 48.6223], [32.7851, 48.6452], [32.7532, 48.6597], [32.7641, 48.6879], [32.7828, 48.7051], [32.7974, 48.7259], [32.7881, 48.7809], [32.8534, 48.8136], [32.858, 48.8822], [32.8068, 48.8953], [32.7782, 48.8911], [32.7534, 48.9324], [32.7395, 48.9318], [32.75, 48.9391], [32.7952, 48.9707], [32.8446, 48.9812], [32.8711, 49.0006], [32.8454, 49.012], [32.8294, 49.0104], [32.8332, 49.0145], [32.8376, 49.0193], [32.8362, 49.0332], [32.8643, 49.0923], [32.8894, 49.1203], [32.7588, 49.1567], [32.7691, 49.1714], [32.8162, 49.215], [32.8861, 49.2354], [32.9646, 49.2435], [32.9847, 49.2379], [32.9833, 49.2155], [33.0209, 49.1975], [33.0429, 49.1867], [33.0897, 49.1831], [33.1199, 49.1654], [33.146, 49.1406], [33.1572, 49.1281], [33.1532, 49.1018], [33.1972, 49.0885], [33.2232, 49.0774], [33.2424, 49.0789], [33.2443, 49.1458], [33.2617, 49.149], [33.2754, 49.1346], [33.2888, 49.0969], [33.2648, 49.0919], [33.2892, 49.0835], [33.3138, 49.054], [33.3256, 49.0339], [33.3136, 49.0186], [33.2991, 49.0018], [33.3144, 48.957], [33.3332, 48.9482], [33.3531, 48.9491], [33.4039, 48.9561], [33.4125, 48.9572], [33.4227, 48.9511], [33.4215, 48.9483], [33.4771, 48.9521], [33.4749, 48.915], [33.4973, 48.9238], [33.5408, 48.9197], [33.5509, 48.9121], [33.5742, 48.912], [33.5667, 48.9188], [33.5894, 48.917], [33.6083, 48.9502], [33.6336, 48.9616], [33.664, 48.9791], [33.6895, 48.9535], [33.7171, 48.94], [33.7775, 48.9406], [33.862, 48.9136], [33.8752, 48.8433], [33.8625, 48.8366], [33.8524, 48.7789], [33.8293, 48.7707], [33.8096, 48.8029], [33.7727, 48.7919], [33.7601, 48.7958], [33.7236, 48.7872], [33.7154, 48.8137], [33.6855, 48.8135], [33.6625, 48.8017], [33.6186, 48.7889], [33.6025, 48.7991], [33.5782, 48.7811], [33.5856, 48.758], [33.5928, 48.748], [33.6356, 48.7246], [33.6831, 48.7228], [33.7504, 48.6814], [33.7552, 48.6563], [33.7637, 48.6431], [33.7454, 48.6189], [33.7341, 48.6138], [33.6586, 48.5863], [33.6492, 48.5992], [33.6097, 48.5988], [33.5838, 48.5754], [33.5075, 48.5571], [33.4834, 48.5486], [33.4692, 48.5336], [33.4898, 48.4264], [33.4977, 48.3938], [33.4744, 48.3886], [33.4682, 48.3705], [33.4593, 48.3578], [33.4707, 48.3257], [33.4973, 48.329], [33.5093, 48.2932], [33.5148, 48.2822], [33.5344, 48.2559], [33.5464, 48.2375], [33.5242, 48.2233], [33.5124, 48.2317], [33.4894, 48.2143], [33.4964, 48.2028], [33.4299, 48.1883], [33.4102, 48.1675], [33.3605, 48.1639], [33.316, 48.1591]]]]}, "properties": {"name": "Олександрійський район", "oblast": "Кіровоградська", "pct": 14.9, "eps": 1743, "own": 1409}}, {"type": "Feature", "geometry": {"type": "MultiPolygon", "coordinates": [[[[31.5824, 48.1279], [31.5681, 48.103], [31.5588, 48.1101], [31.5525, 48.0707], [31.5138, 48.0609], [31.4923, 48.0516], [31.4736, 48.0806], [31.4853, 48.1296], [31.4194, 48.1133], [31.3839, 48.1324], [31.3669, 48.1202], [31.3232, 48.1139], [31.308, 48.1353], [31.2343, 48.1199], [31.2198, 48.1719], [31.1764, 48.1829], [31.1404, 48.2221], [31.0872, 48.237], [31.0941, 48.2563], [31.1228, 48.2825], [31.0688, 48.2959], [31.0165, 48.3135], [31.0205, 48.3486], [31.0003, 48.3799], [30.9389, 48.3832], [30.9024, 48.3834], [30.8462, 48.3934], [30.8254, 48.4161], [30.8423, 48.4342], [30.8229, 48.4424], [30.8324, 48.4627], [30.8837, 48.5212], [30.9232, 48.5451], [30.9835, 48.6034], [31.11, 48.5921], [31.1636, 48.5925], [31.1464, 48.6727], [31.1829, 48.6922], [31.2164, 48.7091], [31.2396, 48.6976], [31.2657, 48.6961], [31.2528, 48.7427], [31.2796, 48.7542], [31.3064, 48.7594], [31.3133, 48.7484], [31.3249, 48.7303], [31.343, 48.7288], [31.3525, 48.7393], [31.3646, 48.7414], [31.371, 48.7306], [31.3847, 48.7291], [31.3989, 48.747], [31.4059, 48.7407], [31.4122, 48.756], [31.4236, 48.7496], [31.438, 48.7542], [31.5288, 48.8043], [31.5643, 48.8359], [31.5593, 48.8628], [31.5826, 48.8764], [31.5693, 48.8905], [31.5694, 48.9013], [31.5786, 48.8923], [31.6013, 48.8955], [31.6079, 48.8984], [31.639, 48.9076], [31.6442, 48.9005], [31.6884, 48.8963], [31.6984, 48.9222], [31.7263, 48.9346], [31.7683, 48.9342], [31.8103, 48.9486], [31.8322, 48.9343], [31.8573, 48.928], [31.9187, 48.8968], [31.9268, 48.8476], [31.9056, 48.8191], [32.0163, 48.7994], [32.0468, 48.7453], [32.0481, 48.7385], [32.0616, 48.7238], [32.0177, 48.6924], [31.9524, 48.6977], [31.9411, 48.6544], [31.9814, 48.6085], [31.9783, 48.5914], [31.9526, 48.592], [31.9417, 48.5622], [31.9545, 48.5313], [31.9194, 48.5366], [31.8713, 48.4959], [31.8611, 48.4752], [31.8681, 48.4742], [31.8861, 48.439], [31.9335, 48.3685], [31.9349, 48.3347], [31.9394, 48.314], [31.9126, 48.2737], [31.9447, 48.2178], [31.9516, 48.1633], [31.9922, 48.1562], [32.0125, 48.134], [32.0124, 48.1315], [31.9772, 48.139], [31.9154, 48.1293], [31.8276, 48.1069], [31.8222, 48.1141], [31.6955, 48.0933], [31.6828, 48.1173], [31.6393, 48.1242], [31.6317, 48.1353], [31.5824, 48.1279]]]]}, "properties": {"name": "Новоукраїнський район", "oblast": "Кіровоградська", "pct": 12.4, "eps": 1495, "own": 1105}}, {"type": "Feature", "geometry": {"type": "MultiPolygon", "coordinates": [[[[31.9806, 47.8122], [31.8749, 47.7884], [31.8375, 47.7848], [31.8697, 47.8283], [31.857, 47.8375], [31.8574, 47.8647], [31.8849, 47.8793], [31.879, 47.894], [31.8772, 47.9173], [31.8535, 47.9146], [31.8258, 47.9612], [31.7826, 47.954], [31.7764, 47.9558], [31.7655, 47.9452], [31.7339, 48.0079], [31.7651, 48.107], [31.8263, 48.1093], [31.8828, 48.1255], [31.97, 48.1404], [31.9985, 48.1264], [32.0256, 48.1373], [31.9947, 48.1483], [31.969, 48.1645], [31.9565, 48.1902], [31.9241, 48.2419], [31.93, 48.3139], [31.9363, 48.3192], [31.938, 48.3486], [31.9185, 48.4415], [31.8706, 48.4726], [31.862, 48.4772], [31.8571, 48.4962], [31.9014, 48.5422], [31.9421, 48.5398], [31.9448, 48.5429], [31.9505, 48.5947], [31.9696, 48.5899], [31.9856, 48.5991], [31.9548, 48.646], [31.9443, 48.6949], [31.9745, 48.6875], [32.0751, 48.7127], [32.053, 48.7286], [32.0533, 48.7471], [32.0388, 48.7577], [31.9025, 48.8131], [31.9167, 48.8348], [31.9121, 48.8876], [31.9417, 48.899], [31.9532, 48.91], [32.0076, 48.9148], [32.0467, 48.9231], [32.084, 48.9172], [32.0871, 48.9072], [32.0925, 48.9073], [32.099, 48.9037], [32.1125, 48.9125], [32.1528, 48.9446], [32.1308, 48.9514], [32.1595, 48.9694], [32.1826, 48.9886], [32.1845, 48.9975], [32.2069, 48.9913], [32.2353, 49.0596], [32.2572, 49.0604], [32.258, 49.067], [32.2833, 49.0787], [32.2979, 49.0791], [32.3175, 49.0798], [32.3537, 49.0695], [32.3773, 49.052], [32.3703, 49.0456], [32.3829, 49.0323], [32.4283, 49.0421], [32.4435, 49.0513], [32.4528, 49.0387], [32.4717, 49.0354], [32.4702, 49.0236], [32.4748, 49.0063], [32.5016, 49.0129], [32.4977, 49.002], [32.5026, 48.9887], [32.5151, 48.9798], [32.5155, 48.9663], [32.5225, 48.9509], [32.5211, 48.9416], [32.5508, 48.9417], [32.5413, 48.953], [32.5385, 48.9664], [32.5772, 48.9579], [32.582, 48.9506], [32.5932, 48.9595], [32.608, 48.9554], [32.6426, 48.9538], [32.6753, 48.9608], [32.6673, 48.9768], [32.6743, 48.9859], [32.6954, 48.9826], [32.7377, 48.9445], [32.7391, 48.936], [32.7512, 48.9294], [32.7721, 48.9231], [32.7891, 48.896], [32.8292, 48.898], [32.8858, 48.8164], [32.7848, 48.8018], [32.8012, 48.727], [32.7787, 48.7206], [32.8094, 48.6898], [32.7586, 48.6619], [32.7852, 48.6427], [32.7993, 48.6221], [32.8156, 48.6273], [32.8371, 48.6219], [32.8585, 48.6381], [32.8264, 48.6122], [32.8102, 48.6112], [32.8017, 48.603], [32.7747, 48.5984], [32.764, 48.5768], [32.7587, 48.5444], [32.7756, 48.5151], [32.7791, 48.5034], [32.7779, 48.4806], [32.7888, 48.4747], [32.7845, 48.4566], [32.848, 48.4408], [32.9153, 48.4717], [32.9572, 48.4781], [33.0133, 48.5042], [33.0519, 48.4965], [33.0911, 48.4637], [33.1052, 48.4358], [33.0788, 48.4034], [33.0707, 48.3805], [33.0537, 48.3184], [33.1184, 48.2928], [33.1425, 48.2514], [33.1465, 48.2307], [33.1383, 48.183], [33.1651, 48.1425], [33.2158, 48.1614], [33.2309, 48.1285], [33.2179, 48.1221], [33.2227, 48.1076], [33.2264, 48.1131], [33.2255, 48.0973], [33.2016, 48.0892], [33.1417, 48.0784], [33.1534, 48.0436], [33.1159, 48.0628], [33.1047, 48.0658], [33.1095, 48.0442], [33.0332, 48.03], [33.0256, 48.0037], [33.0222, 47.9892], [33.0051, 47.9893], [32.9905, 48.0489], [32.9143, 48.0377], [32.8799, 48.0338], [32.8861, 48.0206], [32.8648, 47.9824], [32.8121, 47.9753], [32.796, 47.9821], [32.788, 47.992], [32.7419, 47.9515], [32.7453, 47.9325], [32.676, 47.907], [32.6685, 47.8545], [32.6716, 47.8424], [32.6577, 47.8194], [32.5474, 47.8042], [32.4321, 47.7894], [32.4242, 47.8001], [32.4018, 47.7944], [32.404, 47.7997], [32.375, 47.7935], [32.3537, 47.7912], [32.3251, 47.8123], [32.3091, 47.8179], [32.2394, 47.7943], [32.161, 47.7512], [32.1557, 47.7555], [32.1355, 47.7584], [32.0893, 47.7824], [32.0762, 47.8065], [32.019, 47.8127], [31.9806, 47.8122]]]]}, "properties": {"name": "Кропивницький район", "oblast": "Кіровоградська", "pct": 14.5, "eps": 1731, "own": 1379}}, {"type": "Feature", "geometry": {"type": "MultiPolygon", "coordinates": [[[[31.2882, 47.1602], [31.2488, 47.1696], [31.1981, 47.1543], [31.1285, 47.1569], [31.1164, 47.1661], [31.1232, 47.1766], [31.1777, 47.2229], [31.169, 47.2654], [31.0187, 47.2387], [30.9882, 47.2672], [30.893, 47.3199], [30.8904, 47.3376], [30.9013, 47.3593], [30.8822, 47.3663], [30.8928, 47.4037], [30.8479, 47.4443], [30.8593, 47.4808], [30.8742, 47.5329], [30.8324, 47.536], [30.7997, 47.5529], [30.7705, 47.5537], [30.7581, 47.5548], [30.7453, 47.5791], [30.779, 47.5965], [30.7814, 47.6243], [30.7927, 47.6357], [30.7525, 47.6898], [30.7401, 47.7004], [30.7685, 47.7213], [30.7839, 47.7669], [30.7801, 47.7929], [30.8486, 47.8405], [30.8827, 47.8565], [30.937, 47.8606], [30.9952, 47.8747], [31.0477, 47.8847], [31.1132, 47.8812], [31.0952, 47.9019], [31.2417, 47.9184], [31.2134, 47.8821], [31.2194, 47.865], [31.2277, 47.8554], [31.2428, 47.8628], [31.225, 47.8479], [31.2303, 47.8375], [31.2327, 47.8319], [31.2365, 47.8242], [31.2326, 47.8167], [31.2579, 47.8214], [31.2593, 47.8303], [31.2636, 47.8354], [31.2943, 47.854], [31.2987, 47.8506], [31.3097, 47.8328], [31.3034, 47.837], [31.2932, 47.8513], [31.2663, 47.8337], [31.2613, 47.7836], [31.3841, 47.7632], [31.4175, 47.7711], [31.455, 47.8094], [31.4428, 47.972], [31.4226, 47.9987], [31.401, 48.0377], [31.4082, 48.0981], [31.4178, 48.1209], [31.4979, 48.0874], [31.4681, 48.064], [31.5028, 48.055], [31.5108, 48.0681], [31.5446, 48.0913], [31.5672, 48.0979], [31.5827, 48.1057], [31.6317, 48.1353], [31.6393, 48.1242], [31.6828, 48.1173], [31.6955, 48.0933], [31.7279, 48.0359], [31.7616, 47.9454], [31.7699, 47.9512], [31.7812, 47.9605], [31.8031, 47.9601], [31.8441, 47.9615], [31.8764, 47.9189], [31.879, 47.894], [31.8849, 47.8793], [31.8574, 47.8647], [31.857, 47.8375], [31.8697, 47.8283], [31.8341, 47.7932], [31.8753, 47.7864], [31.9607, 47.81], [32.019, 47.8127], [32.0762, 47.8065], [32.0893, 47.7824], [32.1355, 47.7584], [32.1557, 47.7555], [32.161, 47.7512], [32.1763, 47.7068], [32.1875, 47.6463], [32.2233, 47.5941], [32.1499, 47.612], [32.1167, 47.5762], [32.1097, 47.5638], [32.1, 47.5521], [31.9531, 47.5407], [31.884, 47.5679], [31.8038, 47.5752], [31.7822, 47.5795], [31.7871, 47.5561], [31.7989, 47.5427], [31.7852, 47.5279], [31.7551, 47.5104], [31.7446, 47.4831], [31.7279, 47.4723], [31.7228, 47.4599], [31.7205, 47.4521], [31.7207, 47.4438], [31.6028, 47.4398], [31.6024, 47.4155], [31.5926, 47.3904], [31.6091, 47.3714], [31.6631, 47.3381], [31.5842, 47.2934], [31.4456, 47.3032], [31.415, 47.2525], [31.3694, 47.2453], [31.3548, 47.2327], [31.3074, 47.1429], [31.2882, 47.1602]]]]}, "properties": {"name": "Вознесенський район", "oblast": "Миколаївська", "pct": 11.0, "eps": 1437, "own": 895}}, {"type": "Feature", "geometry": {"type": "MultiPolygon", "coordinates": [[[[32.7742, 46.8304], [32.7676, 46.821], [32.7448, 46.8272], [32.7017, 46.8209], [32.6198, 46.8541], [32.5859, 46.8546], [32.5768, 46.863], [32.5461, 46.8697], [32.5668, 46.8899], [32.5671, 46.9237], [32.5171, 46.9569], [32.5388, 47.0197], [32.6086, 47.01], [32.6007, 47.0899], [32.5634, 47.1106], [32.3769, 47.1417], [32.2385, 47.1444], [32.2275, 47.1542], [32.2324, 47.1681], [32.1799, 47.1764], [32.1139, 47.1684], [32.1037, 47.2113], [32.1061, 47.3423], [32.1084, 47.4161], [32.0833, 47.4273], [32.073, 47.4293], [32.049, 47.4886], [32.0944, 47.4884], [32.1066, 47.4919], [32.1101, 47.5016], [32.1213, 47.4971], [32.1202, 47.5139], [32.156, 47.5323], [32.1234, 47.561], [32.1168, 47.5856], [32.1706, 47.6144], [32.2169, 47.6179], [32.1896, 47.648], [32.2202, 47.7114], [32.2208, 47.7919], [32.2995, 47.824], [32.321, 47.813], [32.3337, 47.8022], [32.3595, 47.7895], [32.375, 47.7935], [32.4042, 47.7987], [32.4093, 47.7953], [32.4271, 47.7903], [32.5304, 47.8008], [32.6248, 47.8155], [32.6633, 47.8377], [32.674, 47.8584], [32.6844, 47.8744], [32.6519, 47.9211], [32.7366, 47.9486], [32.6903, 47.9816], [32.796, 47.9848], [32.802, 47.9741], [32.8631, 47.9858], [32.8873, 48.0083], [32.8707, 48.0323], [32.9168, 48.0319], [32.9507, 48.0355], [33.0018, 47.9998], [32.9937, 47.9767], [33.0062, 47.937], [33.005, 47.9144], [33.0865, 47.8859], [33.0566, 47.832], [33.0498, 47.7819], [33.0714, 47.7393], [32.9731, 47.723], [32.9928, 47.623], [33.0138, 47.6245], [33.0083, 47.6184], [32.9878, 47.6126], [32.9779, 47.6054], [32.9604, 47.5973], [33.0892, 47.5535], [33.149, 47.5147], [33.1268, 47.48], [33.1374, 47.4203], [33.0658, 47.4743], [33.0332, 47.4416], [33.0375, 47.3981], [33.1221, 47.3908], [33.1337, 47.332], [33.111, 47.3028], [33.1054, 47.2792], [33.1407, 47.2724], [33.1638, 47.2323], [33.1551, 47.2351], [33.1279, 47.2281], [33.1441, 47.2096], [33.1136, 47.2053], [33.0995, 47.2225], [33.0739, 47.2223], [33.0662, 47.2177], [33.0542, 47.1908], [33.0362, 47.1838], [33.0281, 47.1774], [33.0062, 47.1962], [33.0032, 47.1899], [32.9891, 47.1931], [32.9609, 47.1895], [32.946, 47.1624], [32.9166, 47.1295], [32.9132, 47.1095], [32.915, 47.0864], [33.0704, 47.0209], [32.9333, 46.9858], [32.9492, 46.9462], [32.922, 46.9269], [32.8382, 46.896], [32.8349, 46.8838], [32.9212, 46.8672], [32.8144, 46.8406], [32.7742, 46.8304]]]]}, "properties": {"name": "Баштанський район", "oblast": "Миколаївська", "pct": 14.0, "eps": 1808, "own": 1291}}, {"type": "Feature", "geometry": {"type": "MultiPolygon", "coordinates": [[[[30.7676, 47.6642], [30.7188, 47.6082], [30.6596, 47.6174], [30.6166, 47.6244], [30.5597, 47.6261], [30.4627, 47.6409], [30.4101, 47.6708], [30.3894, 47.753], [30.4244, 47.7612], [30.4376, 47.8018], [30.3333, 47.8089], [30.2988, 47.9241], [30.2456, 47.968], [30.2498, 47.9819], [30.2548, 48.0268], [30.2265, 48.0559], [30.2145, 48.0713], [30.2363, 48.0746], [30.2496, 48.0892], [30.289, 48.0959], [30.325, 48.0962], [30.3257, 48.1034], [30.3567, 48.1026], [30.3073, 48.1419], [30.3291, 48.1483], [30.3381, 48.1615], [30.3669, 48.1743], [30.3926, 48.1656], [30.4366, 48.1716], [30.4998, 48.1698], [30.5043, 48.1592], [30.553, 48.1614], [30.5845, 48.1564], [30.6213, 48.1664], [30.6461, 48.1816], [30.7173, 48.1956], [30.7865, 48.1921], [30.8146, 48.1745], [30.8202, 48.1899], [30.848, 48.1843], [30.8756, 48.1619], [30.9016, 48.1608], [30.9223, 48.17], [30.9306, 48.1812], [30.9574, 48.183], [30.9884, 48.1949], [31.0533, 48.2317], [31.1404, 48.2221], [31.1764, 48.1829], [31.2198, 48.1719], [31.2343, 48.1199], [31.308, 48.1353], [31.3232, 48.1139], [31.3669, 48.1202], [31.3883, 48.1313], [31.4082, 48.0981], [31.401, 48.0377], [31.4226, 47.9987], [31.4428, 47.972], [31.455, 47.8094], [31.4175, 47.7711], [31.3841, 47.7632], [31.2613, 47.7836], [31.2663, 47.8337], [31.2932, 47.8513], [31.3034, 47.837], [31.3097, 47.8328], [31.2987, 47.8506], [31.2943, 47.854], [31.2636, 47.8354], [31.2593, 47.8303], [31.2579, 47.8214], [31.2326, 47.8167], [31.2365, 47.8242], [31.2327, 47.8319], [31.2303, 47.8375], [31.225, 47.8479], [31.2428, 47.8628], [31.2277, 47.8554], [31.2194, 47.865], [31.2134, 47.8821], [31.2417, 47.9184], [31.0952, 47.9019], [31.1132, 47.8812], [31.0477, 47.8847], [30.9952, 47.8747], [30.937, 47.8606], [30.8827, 47.8565], [30.8486, 47.8405], [30.7801, 47.7929], [30.7839, 47.7669], [30.7685, 47.7213], [30.7401, 47.7004], [30.7525, 47.6898], [30.7676, 47.6642]]]]}, "properties": {"name": "Первомайський район", "oblast": "Миколаївська", "pct": 10.3, "eps": 1343, "own": 796}}, {"type": "Feature", "geometry": {"type": "MultiPolygon", "coordinates": [[[[31.7691, 46.3772], [31.7683, 46.3772], [31.7679, 46.378], [31.7691, 46.3782], [31.7691, 46.3772]]], [[[31.7479, 46.4059], [31.7512, 46.4006], [31.7429, 46.4041], [31.7614, 46.3933], [31.7705, 46.3839], [31.7668, 46.3859], [31.7631, 46.386], [31.7666, 46.3793], [31.7708, 46.3768], [31.771, 46.3798], [31.7635, 46.3765], [31.7758, 46.3694], [31.7506, 46.3872], [31.7336, 46.4215], [31.7479, 46.4059]]], [[[31.726, 46.4233], [31.7234, 46.4231], [31.7203, 46.4273], [31.7243, 46.4255], [31.726, 46.4233]]], [[[31.5678, 46.6124], [31.5666, 46.6109], [31.5632, 46.612], [31.5655, 46.6116], [31.5678, 46.6124]]], [[[31.4129, 46.5945], [31.4114, 46.5947], [31.4078, 46.6012], [31.4106, 46.6017], [31.4132, 46.5991], [31.4129, 46.5945]]], [[[31.5804, 46.6333], [31.5673, 46.6167], [31.5614, 46.614], [31.5535, 46.6032], [31.5504, 46.5999], [31.4817, 46.6251], [31.4067, 46.6193], [31.3621, 46.6208], [31.2912, 46.6112], [31.2386, 46.6101], [31.2072, 46.6218], [31.1905, 46.6403], [31.1785, 46.6484], [31.1953, 46.6597], [31.1785, 46.6809], [31.1588, 46.7207], [31.1511, 46.746], [31.1561, 46.7853], [31.1572, 46.8345], [31.1111, 46.8445], [31.0797, 46.8912], [31.0391, 46.8985], [31.0377, 46.9281], [31.0135, 46.9535], [31.0407, 46.9682], [31.1357, 46.9894], [31.2382, 46.9997], [31.2678, 47.0212], [31.2962, 47.0316], [31.293, 47.0815], [31.2727, 47.158], [31.3074, 47.1429], [31.3548, 47.2327], [31.3694, 47.2453], [31.415, 47.2525], [31.4456, 47.3032], [31.5842, 47.2934], [31.6631, 47.3381], [31.6091, 47.3714], [31.5926, 47.3904], [31.6024, 47.4155], [31.6028, 47.4398], [31.7207, 47.4438], [31.7205, 47.4521], [31.7228, 47.4599], [31.7279, 47.4723], [31.7446, 47.4831], [31.7551, 47.5104], [31.7852, 47.5279], [31.7989, 47.5427], [31.7871, 47.5561], [31.7822, 47.5795], [31.8038, 47.5752], [31.884, 47.5679], [31.9531, 47.5407], [32.1, 47.5521], [32.1097, 47.5638], [32.1583, 47.5639], [32.1486, 47.5234], [32.1271, 47.5111], [32.1232, 47.4981], [32.1101, 47.5016], [32.1066, 47.4919], [32.0944, 47.4884], [32.049, 47.4886], [32.073, 47.4293], [32.0833, 47.4273], [32.1084, 47.4161], [32.1061, 47.3423], [32.1037, 47.2113], [32.1139, 47.1684], [32.1799, 47.1764], [32.2324, 47.1681], [32.2275, 47.1542], [32.2385, 47.1444], [32.3769, 47.1417], [32.5634, 47.1106], [32.6007, 47.0899], [32.6086, 47.01], [32.5281, 47.0183], [32.5265, 46.9287], [32.5754, 46.9144], [32.5513, 46.8879], [32.5406, 46.8506], [32.471, 46.8167], [32.3737, 46.7976], [32.2945, 46.8147], [32.2506, 46.8193], [32.2198, 46.7705], [32.1137, 46.7461], [32.1072, 46.7524], [32.0626, 46.7289], [32.0721, 46.6832], [32.0298, 46.6668], [31.9822, 46.6565], [31.9699, 46.6807], [31.9648, 46.7278], [31.9516, 46.7408], [31.9406, 46.7551], [31.9446, 46.7653], [31.9317, 46.7741], [31.9384, 46.7669], [31.93, 46.7739], [31.9341, 46.7834], [31.9271, 46.7911], [31.9512, 46.8069], [31.9516, 46.82], [31.9471, 46.8319], [31.9506, 46.8358], [31.9854, 46.85], [31.9829, 46.8578], [31.9122, 46.8403], [31.8758, 46.8014], [31.8746, 46.7606], [31.9038, 46.73], [31.9189, 46.7265], [31.8998, 46.678], [31.9044, 46.6571], [31.8697, 46.631], [31.7958, 46.6087], [31.7282, 46.6284], [31.6263, 46.6484], [31.5804, 46.6333]]], [[[31.5626, 46.5701], [31.559, 46.5715], [31.5595, 46.5741], [31.5608, 46.5736], [31.5626, 46.5701]]], [[[31.7067, 46.4397], [31.7022, 46.4408], [31.7022, 46.4416], [31.7047, 46.442], [31.7067, 46.4397]]], [[[31.5768, 46.5371], [31.6307, 46.5392], [31.6751, 46.5351], [31.6826, 46.5407], [31.7097, 46.5452], [31.7718, 46.5417], [31.8037, 46.5262], [31.8275, 46.5203], [31.8457, 46.4976], [31.806, 46.4787], [31.7449, 46.4897], [31.739, 46.4876], [31.7254, 46.4863], [31.712, 46.4811], [31.7114, 46.4811], [31.7025, 46.4719], [31.6951, 46.4488], [31.6935, 46.4449], [31.7006, 46.4397], [31.7077, 46.4392], [31.7021, 46.4379], [31.6152, 46.5012], [31.5176, 46.571], [31.5242, 46.5625], [31.5768, 46.5371]]]]}, "properties": {"name": "Миколаївський район", "oblast": "Миколаївська", "pct": 15.8, "eps": 2252, "own": 1819}}, {"type": "Feature", "geometry": {"type": "MultiPolygon", "coordinates": [[[[29.5002, 47.3593], [29.4873, 47.3559], [29.487, 47.339], [29.4832, 47.3324], [29.484, 47.3213], [29.446, 47.2945], [29.3983, 47.3003], [29.3908, 47.3798], [29.3372, 47.3702], [29.3047, 47.443], [29.2773, 47.4362], [29.2537, 47.4188], [29.2422, 47.4619], [29.1852, 47.4308], [29.1819, 47.449], [29.1907, 47.4664], [29.1574, 47.4592], [29.184, 47.4799], [29.1908, 47.4895], [29.1857, 47.5048], [29.185, 47.5188], [29.1665, 47.5713], [29.1856, 47.5742], [29.186, 47.5861], [29.1987, 47.5935], [29.2175, 47.6121], [29.2191, 47.627], [29.2091, 47.6422], [29.2194, 47.6825], [29.2202, 47.6965], [29.2152, 47.7386], [29.2744, 47.8026], [29.2326, 47.7973], [29.1989, 47.8202], [29.2153, 47.8406], [29.2239, 47.8548], [29.2398, 47.8656], [29.2739, 47.8797], [29.2729, 47.8903], [29.2225, 47.8892], [29.2131, 47.8857], [29.1851, 47.9644], [29.175, 47.9937], [29.1285, 47.9872], [29.1023, 47.9817], [29.0921, 47.9802], [29.0852, 47.9752], [29.096, 47.9734], [29.091, 47.9683], [29.0777, 47.9703], [29.0742, 47.944], [29.0327, 47.9426], [29.0013, 47.9584], [28.9746, 47.9733], [28.9259, 47.9599], [28.8873, 48.006], [28.8949, 48.0094], [28.8895, 48.014], [28.8568, 48.0194], [28.8395, 48.0346], [28.8434, 48.0656], [28.8367, 48.0711], [28.8409, 48.0789], [28.8666, 48.07], [28.8734, 48.0825], [28.9276, 48.1], [28.9762, 48.1518], [29.0024, 48.1484], [29.0093, 48.1481], [29.0322, 48.1263], [29.042, 48.1393], [29.0449, 48.156], [29.0532, 48.1807], [29.0596, 48.1848], [29.0593, 48.1923], [29.0766, 48.1937], [29.1308, 48.1539], [29.1475, 48.1529], [29.1416, 48.1408], [29.1704, 48.142], [29.1937, 48.1342], [29.2338, 48.1402], [29.2519, 48.1487], [29.2611, 48.1341], [29.2496, 48.1295], [29.2408, 48.128], [29.2276, 48.1222], [29.2052, 48.1177], [29.221, 48.1036], [29.2358, 48.1065], [29.2457, 48.1112], [29.2594, 48.1102], [29.2642, 48.0942], [29.2908, 48.0904], [29.3343, 48.0953], [29.3492, 48.0926], [29.3672, 48.0946], [29.3871, 48.0956], [29.4487, 48.1229], [29.4782, 48.1081], [29.5258, 48.0993], [29.5427, 48.101], [29.5699, 48.0985], [29.588, 48.1019], [29.5826, 48.1115], [29.5981, 48.1192], [29.6367, 48.1119], [29.6684, 48.1165], [29.6655, 48.1233], [29.6716, 48.1392], [29.666, 48.1774], [29.683, 48.1872], [29.7642, 48.2006], [29.7862, 48.2079], [29.8065, 48.2071], [29.8656, 48.1988], [29.8925, 48.1835], [29.9304, 48.2338], [29.9899, 48.2304], [30.0092, 48.2086], [30.0028, 48.1849], [30.0329, 48.179], [30.0431, 48.1571], [30.06, 48.1523], [30.0811, 48.1466], [30.1287, 48.1472], [30.1655, 48.1455], [30.2129, 48.1476], [30.242, 48.141], [30.2665, 48.1475], [30.3073, 48.1419], [30.3567, 48.1026], [30.3257, 48.1034], [30.325, 48.0962], [30.289, 48.0959], [30.2496, 48.0892], [30.2363, 48.0746], [30.2145, 48.0713], [30.2265, 48.0559], [30.2548, 48.0268], [30.2498, 47.9819], [30.2456, 47.968], [30.2988, 47.9241], [30.3333, 47.8089], [30.4376, 47.8018], [30.4244, 47.7612], [30.3894, 47.753], [30.4146, 47.6714], [30.4199, 47.6347], [30.2971, 47.5577], [30.2761, 47.5662], [30.2186, 47.545], [30.226, 47.5429], [30.1668, 47.5343], [30.1132, 47.4956], [30.1381, 47.4667], [30.1251, 47.4621], [30.0556, 47.4356], [30.0424, 47.4424], [29.9767, 47.4382], [29.9492, 47.4382], [29.8924, 47.4603], [29.8259, 47.5317], [29.7126, 47.5232], [29.5836, 47.4929], [29.576, 47.4589], [29.6036, 47.4537], [29.6156, 47.4528], [29.6028, 47.4367], [29.5826, 47.3903], [29.517, 47.3646], [29.5002, 47.3593]]]]}, "properties": {"name": "Подільський район", "oblast": "Одеська", "pct": 8.1, "eps": 1293, "own": 895}}, {"type": "Feature", "geometry": {"type": "MultiPolygon", "coordinates": [[[[28.7657, 45.5066], [28.7047, 45.4753], [28.6421, 45.4713], [28.647, 45.4908], [28.6589, 45.517], [28.6338, 45.5272], [28.5159, 45.665], [28.4832, 45.6837], [28.5203, 45.7373], [28.5554, 45.7365], [28.5938, 45.7337], [28.581, 45.7688], [28.6248, 45.7664], [28.7858, 45.8323], [28.7634, 45.9344], [28.7765, 45.9704], [29.0054, 46.0494], [28.9518, 46.2595], [28.9984, 46.3156], [28.9979, 46.3226], [28.9902, 46.3454], [28.9867, 46.3426], [28.937, 46.4519], [29.0255, 46.4623], [28.9893, 46.4775], [28.9815, 46.4888], [29.0386, 46.4935], [29.0629, 46.5123], [29.2355, 46.5583], [29.2551, 46.4852], [29.23, 46.4366], [29.2325, 46.4262], [29.2068, 46.3863], [29.2679, 46.3937], [29.264, 46.4058], [29.3029, 46.4084], [29.3183, 46.4476], [29.3326, 46.479], [29.3512, 46.5042], [29.3961, 46.4253], [29.4293, 46.4013], [29.4428, 46.3935], [29.4829, 46.3605], [29.4161, 46.3144], [29.5928, 46.2935], [29.6231, 46.2343], [29.6095, 46.198], [29.5171, 46.1989], [29.4738, 46.1594], [29.532, 46.1433], [29.5514, 46.0443], [29.5906, 45.9499], [29.465, 45.915], [29.4822, 45.7922], [29.4104, 45.752], [29.2079, 45.7047], [29.2125, 45.7156], [29.211, 45.7201], [29.2002, 45.7325], [29.1839, 45.7861], [29.1658, 45.8161], [29.0822, 45.7861], [29.0573, 45.7535], [29.0129, 45.7303], [28.9779, 45.6992], [28.9419, 45.6487], [28.878, 45.617], [28.8256, 45.6001], [28.7657, 45.5066]]]]}, "properties": {"name": "Болградський район", "oblast": "Одеська", "pct": 10.8, "eps": 1650, "own": 1286}}, {"type": "Feature", "geometry": {"type": "MultiPolygon", "coordinates": [[[[30.8153, 46.9498], [30.7563, 46.9115], [30.7289, 46.8945], [30.7147, 46.896], [30.6927, 46.8769], [30.687, 46.8775], [30.6811, 46.8864], [30.6479, 46.9142], [30.6379, 46.8881], [30.6661, 46.8537], [30.6611, 46.8362], [30.6611, 46.7992], [30.6035, 46.7759], [30.5968, 46.7904], [30.573, 46.7727], [30.5471, 46.8104], [30.4984, 46.8106], [30.4815, 46.8397], [30.3965, 46.8451], [30.3563, 46.8991], [30.3165, 46.9207], [30.315, 46.9483], [30.3165, 46.9574], [30.287, 46.979], [30.2457, 46.9562], [30.1247, 47.0347], [30.1575, 47.1008], [30.1583, 47.1646], [30.1518, 47.1922], [30.1425, 47.217], [30.1362, 47.2329], [30.1102, 47.253], [30.1187, 47.2992], [30.1019, 47.2864], [30.0858, 47.2851], [30.0797, 47.2779], [30.0664, 47.3094], [30.0474, 47.3254], [29.9483, 47.3032], [29.9041, 47.3162], [29.898, 47.3405], [29.9069, 47.3563], [29.8886, 47.3673], [29.9528, 47.4268], [30.0424, 47.4424], [30.0556, 47.4356], [30.1251, 47.4621], [30.1381, 47.4667], [30.1132, 47.4956], [30.1668, 47.5343], [30.226, 47.5429], [30.2186, 47.545], [30.2761, 47.5662], [30.2971, 47.5577], [30.557, 47.6309], [30.612, 47.6354], [30.6653, 47.6184], [30.7018, 47.6025], [30.7084, 47.6384], [30.7815, 47.6346], [30.7754, 47.6233], [30.7748, 47.5959], [30.7529, 47.5598], [30.7611, 47.5554], [30.7731, 47.5461], [30.804, 47.547], [30.8755, 47.5447], [30.8813, 47.5077], [30.8544, 47.4799], [30.8512, 47.4205], [30.8735, 47.4007], [30.8854, 47.3655], [30.908, 47.3455], [30.8693, 47.3342], [30.9079, 47.2764], [30.9985, 47.2677], [31.08, 47.2476], [31.1748, 47.2562], [31.1462, 47.2183], [31.1182, 47.1891], [31.1072, 47.1651], [31.13, 47.1529], [31.2006, 47.1715], [31.2685, 47.1717], [31.293, 47.0815], [31.2962, 47.0316], [31.2678, 47.0212], [31.2382, 46.9997], [31.1357, 46.9894], [31.0407, 46.9682], [31.0135, 46.9535], [31.0377, 46.9281], [31.0038, 46.9095], [30.9774, 46.8962], [30.9418, 46.8769], [30.8988, 46.8827], [30.8952, 46.9256], [30.862, 46.9453], [30.8153, 46.9498]]]]}, "properties": {"name": "Березівський район", "oblast": "Одеська", "pct": 8.1, "eps": 1297, "own": 902}}, {"type": "Feature", "geometry": {"type": "MultiPolygon", "coordinates": [[[[30.2088, 45.2578], [30.2073, 45.2574], [30.2064, 45.254], [30.2033, 45.2544], [30.2016, 45.258], [30.2081, 45.259], [30.2088, 45.2578]]], [[[29.7766, 45.4376], [29.7771, 45.4434], [29.7838, 45.4527], [29.7766, 45.4376]]], [[[29.6368, 45.4778], [29.6399, 45.4776], [29.6472, 45.4735], [29.6354, 45.4748], [29.6319, 45.4771], [29.6322, 45.4785], [29.6368, 45.4778]]], [[[29.7282, 45.4728], [29.7213, 45.4701], [29.7138, 45.4708], [29.7498, 45.4934], [29.7282, 45.4728]]], [[[29.6876, 45.2138], [29.6895, 45.2088], [29.6859, 45.213], [29.6857, 45.2089], [29.6841, 45.209], [29.683, 45.2124], [29.6867, 45.2156], [29.6876, 45.2138]]], [[[29.7654, 45.2179], [29.7642, 45.2178], [29.762, 45.2182], [29.7647, 45.2188], [29.7654, 45.2179]]], [[[29.7531, 45.2283], [29.7528, 45.2267], [29.7597, 45.2262], [29.7584, 45.2247], [29.7509, 45.2239], [29.7447, 45.2251], [29.7531, 45.2283]]], [[[29.7471, 45.2284], [29.7464, 45.2295], [29.7476, 45.2298], [29.7481, 45.2292], [29.7471, 45.2284]]], [[[29.7491, 45.2304], [29.7472, 45.2305], [29.747, 45.2311], [29.7489, 45.2321], [29.7491, 45.2304]]], [[[29.7458, 45.2375], [29.7432, 45.2382], [29.7433, 45.2397], [29.7445, 45.2394], [29.7458, 45.2375]]], [[[28.8928, 45.3021], [28.8544, 45.3157], [28.8203, 45.3352], [28.782, 45.3276], [28.8048, 45.3114], [28.791, 45.2914], [28.7517, 45.2847], [28.7683, 45.2616], [28.7926, 45.2461], [28.7833, 45.2376], [28.7146, 45.2237], [28.6307, 45.2438], [28.487, 45.2781], [28.3443, 45.323], [28.2999, 45.3814], [28.2831, 45.4049], [28.2639, 45.4548], [28.2149, 45.4707], [28.4207, 45.5126], [28.4345, 45.486], [28.5441, 45.58], [28.6338, 45.5272], [28.6589, 45.517], [28.647, 45.4908], [28.6556, 45.4661], [28.7691, 45.4963], [28.8256, 45.6001], [28.878, 45.617], [28.9419, 45.6487], [28.9779, 45.6992], [29.0129, 45.7303], [29.0573, 45.7535], [29.0822, 45.7861], [29.1658, 45.8161], [29.1839, 45.7861], [29.2002, 45.7325], [29.211, 45.7201], [29.2125, 45.7156], [29.2079, 45.7047], [29.4182, 45.6995], [29.4688, 45.6388], [29.4859, 45.621], [29.4833, 45.6147], [29.5003, 45.6207], [29.5077, 45.6169], [29.5302, 45.6212], [29.6054, 45.6484], [29.5982, 45.5759], [29.6025, 45.553], [29.6536, 45.5386], [29.662, 45.5452], [29.6605, 45.5368], [29.6351, 45.5153], [29.623, 45.4943], [29.6208, 45.4888], [29.6123, 45.482], [29.6128, 45.4888], [29.6157, 45.4935], [29.6141, 45.5002], [29.6107, 45.5106], [29.6246, 45.5135], [29.6209, 45.5119], [29.6147, 45.5042], [29.6128, 45.4983], [29.6097, 45.4955], [29.6072, 45.487], [29.6191, 45.4682], [29.6454, 45.4516], [29.6603, 45.4598], [29.6531, 45.4662], [29.6634, 45.4786], [29.6788, 45.4707], [29.6695, 45.4633], [29.6812, 45.4564], [29.6785, 45.4559], [29.6861, 45.4576], [29.6905, 45.4681], [29.6984, 45.466], [29.7103, 45.468], [29.7175, 45.4574], [29.719, 45.4523], [29.75, 45.4881], [29.7424, 45.4701], [29.7525, 45.4601], [29.7606, 45.4674], [29.7659, 45.4625], [29.7555, 45.4475], [29.7599, 45.4339], [29.7631, 45.4252], [29.748, 45.4019], [29.7513, 45.3907], [29.7591, 45.3926], [29.7547, 45.3702], [29.7625, 45.3419], [29.7634, 45.3261], [29.7347, 45.2663], [29.7384, 45.2834], [29.7238, 45.2863], [29.7171, 45.2828], [29.7235, 45.2743], [29.7287, 45.2665], [29.7376, 45.2569], [29.7388, 45.2511], [29.7369, 45.2418], [29.7438, 45.2307], [29.7253, 45.226], [29.7202, 45.211], [29.715, 45.2115], [29.7154, 45.2166], [29.7081, 45.2193], [29.7049, 45.2224], [29.7037, 45.2221], [29.7018, 45.2183], [29.7033, 45.2141], [29.6978, 45.2105], [29.6982, 45.2195], [29.6981, 45.2269], [29.6915, 45.2246], [29.6914, 45.2185], [29.6956, 45.2138], [29.6929, 45.2132], [29.691, 45.2087], [29.6875, 45.2166], [29.6852, 45.2297], [29.6854, 45.2324], [29.6816, 45.2295], [29.6748, 45.2276], [29.6724, 45.2227], [29.675, 45.2177], [29.6803, 45.212], [29.6627, 45.2374], [29.6782, 45.2685], [29.6687, 45.3096], [29.6515, 45.339], [29.5521, 45.4081], [29.4639, 45.4281], [29.4002, 45.4394], [29.3806, 45.4391], [29.3354, 45.4475], [29.3013, 45.4322], [29.255, 45.4347], [29.2337, 45.4304], [29.1851, 45.4112], [29.1396, 45.3856], [29.0835, 45.3738], [29.0425, 45.3606], [28.9966, 45.3367], [28.9606, 45.327], [28.9548, 45.2944], [28.9453, 45.2807], [28.9105, 45.2895], [28.8928, 45.3021]]]]}, "properties": {"name": "Ізмаїльський район", "oblast": "Одеська", "pct": 10.8, "eps": 1654, "own": 1292}}, {"type": "Feature", "geometry": {"type": "MultiPolygon", "coordinates": [[[[30.0962, 46.3757], [30.0083, 46.36], [29.9992, 46.3776], [30.058, 46.3986], [30.0962, 46.3757]]], [[[30.5481, 46.1858], [30.4547, 46.1202], [30.3591, 46.2311], [30.2731, 46.3031], [30.2918, 46.3272], [30.2955, 46.3445], [30.2906, 46.3652], [30.2712, 46.3743], [30.2561, 46.4037], [30.2515, 46.4211], [30.219, 46.4438], [30.1887, 46.4352], [30.168, 46.4347], [30.1665, 46.4132], [30.1597, 46.4284], [30.1457, 46.4152], [30.1294, 46.4149], [30.1116, 46.4323], [30.1016, 46.435], [30.0888, 46.439], [30.0943, 46.4259], [30.0809, 46.4354], [30.0594, 46.4263], [30.0634, 46.4408], [30.022, 46.4439], [30.0175, 46.4551], [29.9942, 46.4639], [30.0229, 46.4687], [29.9948, 46.4735], [29.9895, 46.4856], [29.9906, 46.4936], [29.9864, 46.5101], [29.9826, 46.4989], [29.9602, 46.4904], [29.9646, 46.508], [29.9566, 46.5024], [29.936, 46.494], [29.9434, 46.5019], [29.923, 46.5047], [29.9122, 46.5126], [29.9116, 46.5193], [29.8954, 46.5305], [29.8879, 46.547], [29.8777, 46.5427], [29.9483, 46.5614], [29.9428, 46.5653], [29.9389, 46.5683], [29.9359, 46.5889], [29.945, 46.5853], [29.9645, 46.5914], [29.954, 46.62], [30.1284, 46.6751], [30.2502, 46.6831], [30.321, 46.6747], [30.2822, 46.6326], [30.3761, 46.6178], [30.3652, 46.6304], [30.3918, 46.7021], [30.3744, 46.7027], [30.347, 46.7042], [30.3317, 46.707], [30.3607, 46.7371], [30.4079, 46.7397], [30.4946, 46.7624], [30.49, 46.7795], [30.4791, 46.8028], [30.4698, 46.8127], [30.4815, 46.8397], [30.4984, 46.8106], [30.5471, 46.8104], [30.573, 46.7727], [30.5968, 46.7904], [30.6035, 46.7759], [30.6611, 46.7992], [30.6611, 46.8362], [30.6661, 46.8537], [30.6379, 46.8881], [30.6479, 46.9142], [30.6811, 46.8864], [30.687, 46.8775], [30.6927, 46.8769], [30.7147, 46.896], [30.7289, 46.8945], [30.7563, 46.9115], [30.8403, 46.9548], [30.8643, 46.9222], [30.8924, 46.9016], [30.913, 46.8735], [30.9783, 46.8886], [31.0031, 46.9004], [31.0391, 46.8985], [31.0628, 46.8981], [31.1015, 46.8719], [31.125, 46.8454], [31.1507, 46.8051], [31.1773, 46.7681], [31.1493, 46.742], [31.1636, 46.7154], [31.1841, 46.6664], [31.196, 46.6576], [31.1785, 46.6484], [31.1904, 46.6395], [31.1462, 46.6235], [31.0194, 46.5999], [30.9253, 46.5784], [30.8762, 46.5649], [30.8207, 46.5513], [30.7915, 46.558], [30.7522, 46.5454], [30.7334, 46.5155], [30.7307, 46.5129], [30.7296, 46.507], [30.7344, 46.5027], [30.7326, 46.4975], [30.7407, 46.4969], [30.7385, 46.4931], [30.7418, 46.4921], [30.7464, 46.4899], [30.7522, 46.4882], [30.7548, 46.4905], [30.7572, 46.4895], [30.7625, 46.4635], [30.7553, 46.4014], [30.7511, 46.3763], [30.6826, 46.3262], [30.662, 46.2903], [30.6124, 46.2257], [30.5481, 46.1858]]]]}, "properties": {"name": "Одеський район", "oblast": "Одеська", "pct": 11.5, "eps": 1959, "own": 1647}}, {"type": "Feature", "geometry": {"type": "MultiPolygon", "coordinates": [[[[29.6054, 45.6484], [29.5302, 45.6212], [29.5077, 45.6169], [29.5003, 45.6207], [29.4833, 45.6147], [29.4859, 45.621], [29.4688, 45.6388], [29.4182, 45.6995], [29.3774, 45.7377], [29.4816, 45.7794], [29.4375, 45.8655], [29.5961, 45.9223], [29.5571, 46.0001], [29.5337, 46.0947], [29.4746, 46.1468], [29.4845, 46.1952], [29.5517, 46.1905], [29.6265, 46.2122], [29.5983, 46.2731], [29.4576, 46.308], [29.414, 46.339], [29.4501, 46.383], [29.4403, 46.3979], [29.3991, 46.4261], [29.5023, 46.4614], [29.4946, 46.4279], [29.5659, 46.4164], [29.6031, 46.3537], [29.6786, 46.4419], [29.6856, 46.426], [29.7421, 46.4435], [29.749, 46.4703], [29.7896, 46.4219], [29.7974, 46.4162], [29.8911, 46.3524], [29.9446, 46.3978], [29.9992, 46.3776], [30.0083, 46.36], [30.0967, 46.3753], [30.1709, 46.4158], [30.168, 46.434], [30.1887, 46.4352], [30.219, 46.4438], [30.2515, 46.4211], [30.2561, 46.4037], [30.2712, 46.3743], [30.2906, 46.3652], [30.2955, 46.3445], [30.2918, 46.3272], [30.2731, 46.3031], [30.3591, 46.2311], [30.4547, 46.1202], [30.5481, 46.1858], [30.5494, 46.1503], [30.4834, 46.0865], [30.4733, 46.0734], [30.417, 46.0339], [30.3544, 45.984], [30.2339, 45.8712], [30.1188, 45.8091], [29.8992, 45.68], [29.7713, 45.6085], [29.679, 45.5508], [29.6631, 45.5445], [29.6459, 45.5384], [29.5977, 45.5604], [29.6085, 45.6102], [29.6054, 45.6484]]]]}, "properties": {"name": "Білгород-Дністровський район", "oblast": "Одеська", "pct": 10.9, "eps": 1652, "own": 1290}}, {"type": "Feature", "geometry": {"type": "MultiPolygon", "coordinates": [[[[33.8244, 50.4878], [33.7877, 50.4771], [33.7863, 50.4607], [33.6182, 50.4813], [33.5859, 50.4924], [33.5627, 50.4932], [33.538, 50.4851], [33.525, 50.4798], [33.5028, 50.4945], [33.5006, 50.4973], [33.4877, 50.481], [33.4758, 50.4899], [33.4397, 50.4777], [33.4199, 50.4912], [33.375, 50.497], [33.3164, 50.5324], [33.2841, 50.5455], [33.2655, 50.5488], [33.2466, 50.5383], [33.2398, 50.519], [33.2382, 50.5099], [33.2112, 50.5075], [33.1663, 50.5207], [33.1302, 50.512], [33.1035, 50.5175], [33.0548, 50.5366], [33.0795, 50.5663], [33.1043, 50.5928], [33.1234, 50.5981], [33.1228, 50.6395], [33.127, 50.6498], [33.1476, 50.6689], [33.1374, 50.7114], [33.1762, 50.7164], [33.215, 50.7265], [33.2328, 50.7356], [33.2066, 50.7472], [33.1869, 50.7504], [33.1653, 50.7903], [33.1658, 50.8156], [33.1606, 50.8197], [33.1702, 50.8389], [33.1689, 50.8505], [33.1787, 50.8666], [33.1808, 50.8948], [33.1874, 50.8936], [33.1972, 50.8907], [33.2012, 50.8939], [33.2102, 50.9016], [33.2004, 50.9347], [33.2218, 50.9721], [33.3429, 50.9761], [33.4183, 50.9633], [33.4168, 50.969], [33.4601, 50.9872], [33.4676, 50.9883], [33.5082, 50.9854], [33.5055, 51.0043], [33.5176, 51.0293], [33.6187, 51.0237], [33.6333, 51.0094], [33.6692, 50.9847], [33.6591, 50.9689], [33.7025, 50.9643], [33.7591, 50.9855], [33.7812, 50.9839], [33.8004, 50.9816], [33.8221, 50.9846], [33.8532, 50.9935], [33.8942, 50.9903], [33.9081, 51.0082], [33.9202, 51.0099], [33.9455, 51.0217], [33.9683, 51.0371], [33.9692, 51.05], [33.9642, 51.0693], [33.9894, 51.0705], [34.0138, 51.054], [34.0252, 51.0415], [34.0286, 51.0401], [34.0614, 51.0141], [34.0927, 50.994], [34.0736, 50.9908], [34.0478, 50.9477], [34.071, 50.9349], [34.0984, 50.9225], [34.1656, 50.8815], [34.1851, 50.8509], [34.1766, 50.8345], [34.161, 50.8091], [34.1566, 50.8006], [34.1777, 50.7653], [34.1494, 50.7446], [34.1411, 50.7194], [34.1029, 50.7224], [34.1362, 50.6724], [34.1496, 50.6599], [34.1961, 50.628], [34.2321, 50.5701], [34.2387, 50.5534], [34.2316, 50.5278], [34.2092, 50.5258], [34.1587, 50.5222], [34.136, 50.512], [34.1112, 50.4821], [34.0851, 50.489], [34.1052, 50.5043], [34.0732, 50.5147], [34.0589, 50.5103], [34.0566, 50.5062], [34.0346, 50.504], [34.0312, 50.5079], [34.0065, 50.5194], [33.9535, 50.5484], [33.8964, 50.5242], [33.8783, 50.5308], [33.8418, 50.5191], [33.8105, 50.5148], [33.852, 50.5008], [33.8244, 50.4878]]]]}, "properties": {"name": "Роменський район", "oblast": "Сумська", "pct": 40.7, "eps": 2507, "own": 1959}}, {"type": "Feature", "geometry": {"type": "MultiPolygon", "coordinates": [[[[34.4724, 50.3945], [34.4254, 50.3818], [34.4069, 50.3744], [34.3762, 50.3706], [34.3656, 50.3761], [34.2913, 50.411], [34.2724, 50.4315], [34.2555, 50.4904], [34.2492, 50.5172], [34.2424, 50.5331], [34.225, 50.5693], [34.2283, 50.6024], [34.1818, 50.6476], [34.14, 50.6714], [34.0814, 50.7078], [34.1341, 50.7239], [34.1501, 50.7417], [34.1703, 50.7559], [34.1619, 50.7942], [34.1426, 50.8097], [34.1739, 50.83], [34.1811, 50.8466], [34.1871, 50.86], [34.1072, 50.904], [34.0978, 50.9365], [34.057, 50.9453], [34.0668, 50.9661], [34.0849, 50.9948], [34.0903, 50.9994], [34.0456, 51.017], [34.0293, 51.0427], [34.0255, 51.0471], [34.0186, 51.0685], [34.0189, 51.08], [34.0689, 51.0904], [34.108, 51.144], [34.125, 51.153], [34.1196, 51.1816], [34.1412, 51.2156], [34.1471, 51.2335], [34.151, 51.2378], [34.1577, 51.242], [34.1732, 51.2447], [34.1828, 51.2505], [34.1977, 51.2485], [34.211, 51.2549], [34.219, 51.2595], [34.2316, 51.2651], [34.2831, 51.2498], [34.3832, 51.2734], [34.4123, 51.2627], [34.46, 51.2526], [34.5133, 51.2423], [34.58, 51.2336], [34.6017, 51.2535], [34.6208, 51.25], [34.6617, 51.2474], [34.688, 51.1814], [34.7371, 51.179], [34.7722, 51.1748], [34.7993, 51.1754], [34.8173, 51.169], [34.8336, 51.1832], [34.8457, 51.191], [34.8763, 51.1912], [34.8981, 51.1934], [34.9057, 51.2039], [34.9325, 51.2069], [34.9513, 51.219], [34.9831, 51.231], [35.0105, 51.2315], [35.0398, 51.2046], [35.0632, 51.2183], [35.0695, 51.2306], [35.1054, 51.2327], [35.1501, 51.2237], [35.1376, 51.2151], [35.1435, 51.2032], [35.1294, 51.191], [35.1236, 51.1645], [35.1405, 51.1514], [35.1427, 51.1403], [35.1676, 51.1264], [35.1633, 51.1096], [35.17, 51.1032], [35.1563, 51.0905], [35.1543, 51.0803], [35.1657, 51.0773], [35.1832, 51.062], [35.1968, 51.0503], [35.2427, 51.0614], [35.254, 51.0616], [35.2659, 51.0631], [35.2735, 51.0581], [35.2764, 51.0625], [35.2771, 51.0639], [35.2984, 51.0706], [35.3016, 51.0737], [35.3118, 51.0785], [35.3258, 51.074], [35.3612, 51.0668], [35.3871, 51.0535], [35.4049, 51.0437], [35.4035, 51.039], [35.3999, 51.0318], [35.4074, 51.029], [35.4036, 51.023], [35.3837, 51.02], [35.3743, 51.0092], [35.3294, 51.0111], [35.3289, 51.0087], [35.33, 50.9962], [35.3523, 50.9731], [35.3361, 50.9632], [35.3358, 50.9565], [35.3262, 50.9466], [35.3452, 50.9328], [35.3726, 50.9325], [35.393, 50.9247], [35.4017, 50.9102], [35.3799, 50.8957], [35.3878, 50.875], [35.4043, 50.8639], [35.4134, 50.8158], [35.4154, 50.799], [35.4689, 50.7831], [35.4738, 50.755], [35.4702, 50.7439], [35.464, 50.7348], [35.4679, 50.7109], [35.461, 50.6978], [35.4645, 50.6844], [35.4964, 50.6788], [35.4854, 50.6553], [35.4007, 50.6562], [35.4021, 50.6318], [35.4206, 50.6158], [35.3997, 50.5902], [35.439, 50.5426], [35.3984, 50.5483], [35.3915, 50.5377], [35.3348, 50.546], [35.3175, 50.5248], [35.3037, 50.5439], [35.2992, 50.5395], [35.2944, 50.5275], [35.2643, 50.5177], [35.2726, 50.5284], [35.2595, 50.5358], [35.2649, 50.5438], [35.271, 50.5526], [35.2729, 50.5622], [35.2746, 50.5668], [35.2709, 50.5713], [35.2723, 50.5814], [35.2316, 50.5719], [35.1878, 50.5709], [35.1506, 50.5914], [35.1693, 50.5978], [35.1726, 50.6195], [35.1779, 50.6313], [35.1852, 50.6375], [35.2027, 50.6484], [35.1924, 50.6693], [35.1699, 50.6733], [35.1497, 50.6791], [35.1214, 50.6722], [35.0922, 50.6747], [35.0598, 50.684], [35.0545, 50.6839], [35.0432, 50.6877], [35.0311, 50.6767], [35.0206, 50.6814], [35.0237, 50.6911], [35.0272, 50.699], [35.0365, 50.695], [35.0324, 50.7], [35.0481, 50.7029], [35.0648, 50.6937], [35.0756, 50.6997], [35.0768, 50.7114], [35.0623, 50.7284], [35.0505, 50.7315], [35.0086, 50.7427], [34.9722, 50.7492], [34.9624, 50.7371], [34.9436, 50.7425], [34.9262, 50.7504], [34.9203, 50.7451], [34.9229, 50.7307], [34.9366, 50.7277], [34.938, 50.7222], [34.9436, 50.721], [34.9382, 50.7156], [34.9244, 50.6913], [34.8876, 50.6734], [34.8844, 50.6663], [34.8706, 50.6407], [34.8288, 50.6068], [34.7976, 50.5942], [34.7735, 50.5654], [34.7516, 50.5706], [34.7293, 50.5413], [34.7203, 50.5253], [34.7141, 50.5189], [34.6646, 50.5063], [34.6286, 50.4933], [34.6149, 50.4813], [34.5878, 50.4721], [34.5775, 50.4505], [34.5526, 50.4509], [34.5086, 50.4329], [34.4791, 50.3998], [34.4724, 50.3945]], [[34.0978, 50.9365], [34.0978, 50.9365], [34.0978, 50.9365], [34.0978, 50.9365]]]]}, "properties": {"name": "Сумський район", "oblast": "Сумська", "pct": 65.9, "eps": 3221, "own": 3053}}, {"type": "Feature", "geometry": {"type": "MultiPolygon", "coordinates": [[[[29.2744, 49.6066], [29.2508, 49.5955], [29.2126, 49.5882], [29.1866, 49.5876], [29.129, 49.589], [29.0606, 49.5929], [28.9922, 49.5965], [28.9916, 49.6099], [28.9911, 49.6455], [28.9865, 49.6501], [28.95, 49.6742], [28.9483, 49.6836], [28.9754, 49.6993], [28.9912, 49.7191], [29.0058, 49.7275], [28.9637, 49.7553], [28.9714, 49.8038], [28.9449, 49.8205], [28.9016, 49.8618], [28.8943, 49.8734], [28.8799, 49.8893], [28.8132, 49.8581], [28.7848, 49.8431], [28.7588, 49.8237], [28.7505, 49.8181], [28.7341, 49.7991], [28.7097, 49.8056], [28.6891, 49.8005], [28.6298, 49.8119], [28.6134, 49.8112], [28.57, 49.7742], [28.5535, 49.7909], [28.5278, 49.8205], [28.469, 49.8236], [28.4218, 49.8244], [28.4124, 49.8109], [28.3531, 49.7914], [28.2637, 49.7999], [28.2441, 49.8138], [28.2246, 49.7889], [28.2177, 49.7905], [28.1522, 49.7893], [28.1204, 49.7788], [28.0207, 49.7713], [27.9564, 49.7788], [27.9184, 49.7678], [27.8872, 49.795], [27.8876, 49.8144], [27.8832, 49.8423], [27.9284, 49.881], [27.9447, 49.8935], [27.9665, 49.9122], [27.9762, 49.9205], [28.0013, 49.9152], [28.0174, 49.9053], [28.0869, 49.8881], [28.0904, 49.866], [28.1008, 49.8532], [28.1262, 49.8473], [28.1426, 49.8565], [28.145, 49.8624], [28.1747, 49.8815], [28.2218, 49.8871], [28.2427, 49.9013], [28.2766, 49.9139], [28.2923, 49.9096], [28.3139, 49.913], [28.3318, 49.9084], [28.3795, 49.9368], [28.3884, 49.9816], [28.409, 50.011], [28.4251, 50.0224], [28.4604, 50.031], [28.4637, 50.0493], [28.5216, 50.0487], [28.5981, 50.0437], [28.6139, 50.0433], [28.6396, 50.0437], [28.6588, 50.0454], [28.7146, 50.0617], [28.7403, 50.0438], [28.7777, 50.0701], [28.8278, 50.0839], [28.8624, 50.0903], [28.8715, 50.0979], [28.8764, 50.1131], [28.8965, 50.1368], [28.9602, 50.1485], [28.987, 50.1577], [29.0054, 50.165], [29.0236, 50.1727], [29.0617, 50.1556], [29.0728, 50.175], [29.0897, 50.1794], [29.0951, 50.1663], [29.0986, 50.1597], [29.1135, 50.1573], [29.1366, 50.1415], [29.1918, 50.1405], [29.2233, 50.1255], [29.2561, 50.1032], [29.2749, 50.0806], [29.2565, 50.0638], [29.2996, 50.0247], [29.2688, 50.0077], [29.2794, 49.9954], [29.2838, 49.9863], [29.2153, 49.9665], [29.2105, 49.9473], [29.2304, 49.933], [29.2339, 49.8866], [29.2516, 49.862], [29.3231, 49.8343], [29.3206, 49.85], [29.3307, 49.86], [29.3789, 49.8491], [29.4097, 49.8099], [29.432, 49.8147], [29.4505, 49.788], [29.4351, 49.7291], [29.4918, 49.7084], [29.5135, 49.6634], [29.4822, 49.6493], [29.4083, 49.6595], [29.3671, 49.6212], [29.3557, 49.6282], [29.3282, 49.6268], [29.2744, 49.6066]]]]}, "properties": {"name": "Бердичівський район", "oblast": "Житомирська", "pct": 7.1, "eps": 579, "own": 350}}, {"type": "Feature", "geometry": {"type": "MultiPolygon", "coordinates": [[[[29.3807, 49.8472], [29.3655, 49.8597], [29.3297, 49.8528], [29.3293, 49.8463], [29.2966, 49.8598], [29.2353, 49.8822], [29.237, 49.9221], [29.215, 49.9402], [29.2125, 49.9515], [29.2161, 49.9688], [29.279, 49.9869], [29.2789, 49.9999], [29.2705, 50.0092], [29.2778, 50.0499], [29.2674, 50.0672], [29.2694, 50.0879], [29.2221, 50.1098], [29.2166, 50.1381], [29.1974, 50.1404], [29.1361, 50.147], [29.1127, 50.1598], [29.0858, 50.1632], [29.0951, 50.1744], [29.0809, 50.1798], [29.0719, 50.1616], [29.0287, 50.1621], [29.0129, 50.1738], [28.9982, 50.162], [28.9646, 50.1594], [28.9396, 50.153], [28.8909, 50.1322], [28.871, 50.1011], [28.8693, 50.0942], [28.86, 50.0856], [28.8177, 50.0894], [28.7682, 50.0383], [28.7358, 50.049], [28.7088, 50.057], [28.6515, 50.044], [28.6336, 50.0426], [28.6065, 50.0419], [28.596, 50.0388], [28.4988, 50.0496], [28.4606, 50.0439], [28.4296, 50.0301], [28.4173, 50.0165], [28.41, 50.0044], [28.39, 49.9641], [28.3467, 49.9124], [28.3187, 49.9075], [28.3066, 49.9158], [28.2826, 49.9139], [28.2775, 49.9161], [28.2386, 49.9054], [28.2051, 49.8869], [28.1697, 49.8825], [28.1362, 49.8608], [28.1408, 49.8494], [28.1266, 49.8532], [28.089, 49.8482], [28.0916, 49.8713], [28.0713, 49.8936], [28.0104, 49.9085], [27.9948, 49.9123], [27.9637, 49.9238], [27.9669, 49.9029], [27.9333, 49.895], [27.9089, 49.8762], [27.8747, 49.8342], [27.8797, 49.8009], [27.8856, 49.7847], [27.9184, 49.7678], [27.8934, 49.7652], [27.835, 49.7565], [27.8159, 49.7343], [27.7901, 49.7267], [27.7626, 49.7434], [27.7503, 49.7554], [27.7225, 49.7641], [27.7208, 49.7876], [27.699, 49.8085], [27.6615, 49.7955], [27.6467, 49.8073], [27.6383, 49.8204], [27.6343, 49.8274], [27.6224, 49.8387], [27.6188, 49.8541], [27.6153, 49.8637], [27.625, 49.8922], [27.5955, 49.8897], [27.5774, 49.9034], [27.5627, 49.9059], [27.5476, 49.9034], [27.5563, 49.9348], [27.5744, 49.9473], [27.5616, 49.9831], [27.5466, 50.0056], [27.5626, 50.0209], [27.6091, 50.0059], [27.6569, 50.0264], [27.6736, 50.0281], [27.6814, 50.0492], [27.6765, 50.0655], [27.615, 50.0874], [27.6238, 50.114], [27.627, 50.1333], [27.6418, 50.1444], [27.6529, 50.1526], [27.6801, 50.1588], [27.6646, 50.1941], [27.659, 50.2007], [27.6545, 50.2131], [27.6715, 50.2159], [27.6691, 50.2258], [27.7005, 50.2319], [27.7494, 50.2316], [27.771, 50.2422], [27.7485, 50.2461], [27.8042, 50.2506], [27.8436, 50.2418], [27.8574, 50.23], [27.8785, 50.2693], [27.9021, 50.2809], [27.9052, 50.2898], [27.9713, 50.2836], [27.9674, 50.2955], [28.0152, 50.3217], [28.0497, 50.3324], [28.037, 50.3575], [27.9984, 50.3911], [27.9223, 50.4026], [27.9547, 50.4036], [27.9533, 50.4175], [27.9312, 50.4281], [27.9418, 50.4493], [27.9274, 50.4775], [27.9931, 50.5202], [27.9942, 50.5377], [28.0189, 50.5421], [28.03, 50.5499], [28.0557, 50.5609], [28.0624, 50.5942], [28.1312, 50.6029], [28.1779, 50.6097], [28.2421, 50.6315], [28.2411, 50.6383], [28.2727, 50.6667], [28.273, 50.6872], [28.2463, 50.7045], [28.2615, 50.7118], [28.2783, 50.7181], [28.2915, 50.7307], [28.2969, 50.7546], [28.3331, 50.7547], [28.3906, 50.7534], [28.423, 50.749], [28.4498, 50.7446], [28.4852, 50.7446], [28.5141, 50.76], [28.5421, 50.7506], [28.5461, 50.7416], [28.596, 50.7444], [28.6511, 50.7508], [28.6798, 50.7577], [28.6853, 50.7393], [28.6749, 50.7238], [28.7372, 50.7187], [28.7009, 50.6833], [28.7244, 50.659], [28.7438, 50.6669], [28.7491, 50.6884], [28.7828, 50.6816], [28.8359, 50.6699], [28.8537, 50.6729], [28.8463, 50.6913], [28.8586, 50.7102], [28.921, 50.7216], [28.9519, 50.7163], [28.9763, 50.7144], [29.0135, 50.7075], [29.032, 50.6928], [29.044, 50.6771], [29.0777, 50.669], [29.0435, 50.6634], [29.0967, 50.659], [29.1414, 50.6676], [29.162, 50.6835], [29.1995, 50.6722], [29.2362, 50.6549], [29.2534, 50.6455], [29.278, 50.6559], [29.2879, 50.6853], [29.3164, 50.6893], [29.3763, 50.6925], [29.4084, 50.7082], [29.4121, 50.7257], [29.4504, 50.736], [29.4622, 50.7202], [29.4647, 50.7474], [29.4888, 50.7383], [29.4947, 50.7361], [29.4868, 50.7178], [29.5143, 50.7124], [29.5312, 50.6997], [29.5602, 50.697], [29.5836, 50.7196], [29.5774, 50.7332], [29.5915, 50.7285], [29.5963, 50.7315], [29.5861, 50.709], [29.5696, 50.6955], [29.5557, 50.6927], [29.5485, 50.6918], [29.5408, 50.686], [29.5389, 50.6823], [29.5288, 50.678], [29.5314, 50.6675], [29.5024, 50.6584], [29.4822, 50.6591], [29.4777, 50.6542], [29.4673, 50.6334], [29.4609, 50.6116], [29.4977, 50.5887], [29.5003, 50.5683], [29.5016, 50.5494], [29.4787, 50.5398], [29.4602, 50.5377], [29.4657, 50.5272], [29.4592, 50.5192], [29.5004, 50.5038], [29.508, 50.4884], [29.5068, 50.4667], [29.4892, 50.4642], [29.4557, 50.4717], [29.4737, 50.4532], [29.5007, 50.4435], [29.4815, 50.4203], [29.4486, 50.4208], [29.4564, 50.4001], [29.5599, 50.4232], [29.5913, 50.3815], [29.6114, 50.3716], [29.6227, 50.3659], [29.636, 50.3712], [29.6364, 50.3565], [29.626, 50.3286], [29.6743, 50.3215], [29.6808, 50.3116], [29.6893, 50.2845], [29.6719, 50.2782], [29.6723, 50.2677], [29.6764, 50.2551], [29.6891, 50.2402], [29.6901, 50.229], [29.6837, 50.2195], [29.6495, 50.1868], [29.6504, 50.1731], [29.6843, 50.1566], [29.6574, 50.1244], [29.6692, 50.1141], [29.6958, 50.0678], [29.6767, 50.0301], [29.6933, 50.0062], [29.6988, 50.0055], [29.6959, 49.9898], [29.7132, 49.9678], [29.7315, 49.9635], [29.7243, 49.9412], [29.665, 49.9109], [29.633, 49.8863], [29.6521, 49.8775], [29.6389, 49.869], [29.6198, 49.8525], [29.5956, 49.843], [29.5741, 49.8372], [29.5424, 49.8211], [29.4901, 49.8258], [29.4946, 49.815], [29.4906, 49.806], [29.4486, 49.8024], [29.4314, 49.8186], [29.3856, 49.8241], [29.3807, 49.8472]]]]}, "properties": {"name": "Житомирський район", "oblast": "Житомирська", "pct": 8.0, "eps": 676, "own": 488}}, {"type": "Feature", "geometry": {"type": "MultiPolygon", "coordinates": [[[[28.6889, 50.7531], [28.6471, 50.7517], [28.6136, 50.7353], [28.5633, 50.7422], [28.5426, 50.7451], [28.5268, 50.7607], [28.4988, 50.7687], [28.4663, 50.7457], [28.431, 50.7538], [28.4098, 50.7581], [28.3375, 50.7586], [28.2981, 50.757], [28.2866, 50.7339], [28.2849, 50.7193], [28.2623, 50.724], [28.2419, 50.7379], [28.1898, 50.7759], [28.1741, 50.7972], [28.1388, 50.8446], [28.1233, 50.8613], [28.1297, 50.8779], [28.1636, 50.9129], [28.1664, 50.932], [28.1406, 50.9651], [28.1302, 51.013], [28.0975, 51.0244], [28.0439, 51.0335], [28.0093, 51.0594], [27.9499, 51.0698], [27.9178, 51.0487], [27.8926, 51.0489], [27.8578, 51.0492], [27.8027, 51.0538], [27.7587, 51.047], [27.7566, 51.0306], [27.7578, 51.0198], [27.7547, 50.9997], [27.7058, 50.9971], [27.6823, 51.0139], [27.6651, 51.0278], [27.6557, 51.052], [27.6346, 51.0692], [27.6076, 51.0766], [27.587, 51.0815], [27.5832, 51.0704], [27.5702, 51.0588], [27.5667, 51.0701], [27.5631, 51.0754], [27.4766, 51.0467], [27.4491, 51.011], [27.4028, 50.9947], [27.3623, 51.0003], [27.3702, 51.0101], [27.3896, 51.0082], [27.446, 51.0449], [27.4325, 51.0688], [27.3607, 51.0758], [27.344, 51.0867], [27.368, 51.0983], [27.3634, 51.1432], [27.3735, 51.1548], [27.407, 51.1882], [27.4175, 51.2014], [27.4643, 51.2369], [27.4635, 51.2482], [27.4503, 51.254], [27.4503, 51.2614], [27.4414, 51.311], [27.5221, 51.3421], [27.5239, 51.3621], [27.4926, 51.407], [27.533, 51.4534], [27.526, 51.4433], [27.5339, 51.4284], [27.5853, 51.4021], [27.6023, 51.4146], [27.5806, 51.4295], [27.641, 51.4933], [27.6631, 51.5167], [27.7196, 51.4893], [27.7645, 51.4808], [27.8005, 51.5335], [27.8482, 51.5474], [27.8399, 51.5548], [27.837, 51.561], [27.8249, 51.5774], [27.8403, 51.609], [27.8501, 51.63], [27.8861, 51.6234], [27.9191, 51.6084], [27.9204, 51.5783], [27.9559, 51.5935], [27.9762, 51.5947], [27.9566, 51.5728], [28.0489, 51.5664], [28.0817, 51.5741], [28.1196, 51.5987], [28.1694, 51.6263], [28.2442, 51.6765], [28.2696, 51.6712], [28.2543, 51.6266], [28.3117, 51.6005], [28.3546, 51.5559], [28.3536, 51.5393], [28.5163, 51.5906], [28.5539, 51.5723], [28.6529, 51.5697], [28.6405, 51.5658], [28.6506, 51.5622], [28.6395, 51.554], [28.6512, 51.5243], [28.718, 51.4512], [28.7336, 51.4532], [28.7407, 51.429], [28.7491, 51.4166], [28.7714, 51.4495], [28.7806, 51.4539], [28.7614, 51.4828], [28.7889, 51.5248], [28.8073, 51.5486], [28.8364, 51.5583], [28.865, 51.569], [28.877, 51.5759], [28.8823, 51.583], [28.9238, 51.5853], [28.9745, 51.5731], [29.0294, 51.5903], [29.0657, 51.625], [29.0974, 51.6384], [29.1, 51.6448], [29.1455, 51.6527], [29.155, 51.6521], [29.1599, 51.653], [29.161, 51.6539], [29.1755, 51.6512], [29.1663, 51.641], [29.1575, 51.6289], [29.1777, 51.614], [29.2074, 51.593], [29.2072, 51.5769], [29.2137, 51.5677], [29.2527, 51.5606], [29.2602, 51.5321], [29.2493, 51.5125], [29.2532, 51.4821], [29.2693, 51.4597], [29.3043, 51.4545], [29.3107, 51.4216], [29.3166, 51.3909], [29.3205, 51.3775], [29.3546, 51.385], [29.3935, 51.3799], [29.3858, 51.311], [29.3371, 51.2702], [29.3325, 51.278], [29.3069, 51.2712], [29.2666, 51.2641], [29.2902, 51.2034], [29.3169, 51.1313], [29.3303, 51.1571], [29.4364, 51.1131], [29.4829, 51.0769], [29.4724, 51.0305], [29.4641, 51.0172], [29.4666, 50.9867], [29.4131, 50.9853], [29.4675, 50.9256], [29.4899, 50.8889], [29.5215, 50.869], [29.5346, 50.8303], [29.5371, 50.8133], [29.49, 50.8115], [29.498, 50.8004], [29.5234, 50.7911], [29.5115, 50.7767], [29.4756, 50.7738], [29.491, 50.7687], [29.5176, 50.7717], [29.5361, 50.7757], [29.5452, 50.7731], [29.5699, 50.7718], [29.5687, 50.7628], [29.5766, 50.7561], [29.5818, 50.7491], [29.5861, 50.7435], [29.5799, 50.7417], [29.5774, 50.7332], [29.5836, 50.7196], [29.5602, 50.697], [29.5438, 50.6947], [29.5196, 50.7048], [29.5065, 50.7153], [29.5023, 50.7385], [29.492, 50.7315], [29.4782, 50.7457], [29.4857, 50.7199], [29.4604, 50.7367], [29.4358, 50.7234], [29.4123, 50.7129], [29.3776, 50.704], [29.3349, 50.6781], [29.2952, 50.6915], [29.2863, 50.6606], [29.2582, 50.6562], [29.2387, 50.6476], [29.2092, 50.6707], [29.179, 50.6817], [29.1471, 50.6699], [29.1143, 50.6613], [29.0602, 50.6563], [29.0572, 50.669], [29.0644, 50.6724], [29.0383, 50.6891], [29.022, 50.7016], [28.9797, 50.7107], [28.9565, 50.7145], [28.9283, 50.7175], [28.9079, 50.7268], [28.8578, 50.7006], [28.8478, 50.6816], [28.8437, 50.6682], [28.8359, 50.6726], [28.7591, 50.6935], [28.742, 50.6805], [28.7272, 50.6501], [28.7088, 50.6681], [28.7259, 50.7138], [28.6818, 50.7256], [28.6783, 50.7289], [28.6889, 50.7531]]]]}, "properties": {"name": "Коростенський район", "oblast": "Житомирська", "pct": 9.2, "eps": 737, "own": 556}}, {"type": "Feature", "geometry": {"type": "MultiPolygon", "coordinates": [[[[27.5681, 50.2529], [27.563, 50.2461], [27.5207, 50.2245], [27.4838, 50.2483], [27.4592, 50.26], [27.4427, 50.2756], [27.4197, 50.271], [27.3883, 50.2905], [27.405, 50.2886], [27.4169, 50.2953], [27.4173, 50.305], [27.3574, 50.3311], [27.3139, 50.3402], [27.3206, 50.364], [27.257, 50.419], [27.2907, 50.4759], [27.2894, 50.4939], [27.2688, 50.4911], [27.2585, 50.5144], [27.2067, 50.5321], [27.1952, 50.5623], [27.2158, 50.5889], [27.203, 50.6145], [27.2035, 50.6276], [27.2106, 50.6384], [27.2131, 50.6559], [27.2112, 50.6695], [27.2353, 50.6727], [27.2544, 50.691], [27.2599, 50.7044], [27.2709, 50.7307], [27.2637, 50.7457], [27.2695, 50.7624], [27.2436, 50.7702], [27.2443, 50.7926], [27.2356, 50.8119], [27.2422, 50.8276], [27.2395, 50.848], [27.2533, 50.8828], [27.2473, 50.9016], [27.2333, 50.9105], [27.2218, 50.9128], [27.2141, 50.9261], [27.2373, 50.9359], [27.2382, 50.9477], [27.2257, 50.9628], [27.201, 51.001], [27.2263, 51.0089], [27.2207, 51.0312], [27.3256, 51.0428], [27.3252, 51.0712], [27.3322, 51.0831], [27.4026, 51.059], [27.4357, 51.0549], [27.423, 51.0207], [27.3708, 51.0011], [27.3539, 51.0075], [27.3943, 50.9971], [27.445, 51.0059], [27.4803, 51.0454], [27.549, 51.0774], [27.564, 51.0723], [27.5774, 51.0623], [27.5859, 51.056], [27.5845, 51.0809], [27.5997, 51.0739], [27.6247, 51.0774], [27.6501, 51.0574], [27.6653, 51.0382], [27.6609, 51.0133], [27.7033, 50.9998], [27.7491, 50.9995], [27.7661, 51.0185], [27.7499, 51.0293], [27.7548, 51.0482], [27.7728, 51.0471], [27.8256, 51.0517], [27.8753, 51.0479], [27.9126, 51.0516], [27.944, 51.062], [27.9511, 51.0599], [28.042, 51.0416], [28.0558, 51.0287], [28.1249, 51.0208], [28.1556, 50.9668], [28.1677, 50.9372], [28.1707, 50.9229], [28.1351, 50.8853], [28.1162, 50.8643], [28.1302, 50.8569], [28.1502, 50.8028], [28.1908, 50.7775], [28.2295, 50.7436], [28.2619, 50.7218], [28.2422, 50.7095], [28.26, 50.6929], [28.2784, 50.6693], [28.2494, 50.6427], [28.243, 50.6348], [28.1894, 50.6163], [28.1538, 50.6045], [28.0673, 50.591], [28.048, 50.5808], [28.0457, 50.5492], [28.0196, 50.5433], [28.0159, 50.5335], [27.9954, 50.5212], [27.9452, 50.5101], [27.936, 50.4578], [27.931, 50.4327], [27.949, 50.4186], [27.9551, 50.4074], [27.9225, 50.4082], [27.9807, 50.3972], [28.0432, 50.3799], [28.0627, 50.3364], [28.0245, 50.3324], [27.974, 50.2952], [27.9728, 50.2902], [27.9106, 50.2924], [27.9019, 50.2843], [27.8873, 50.2783], [27.866, 50.2267], [27.8467, 50.2448], [27.8026, 50.2501], [27.748, 50.2496], [27.7523, 50.2418], [27.7553, 50.2253], [27.6962, 50.2292], [27.6706, 50.2334], [27.6809, 50.2145], [27.6585, 50.2164], [27.6591, 50.2065], [27.6573, 50.1927], [27.6227, 50.1706], [27.6083, 50.2152], [27.6002, 50.2301], [27.5959, 50.2591], [27.5681, 50.2529]]]]}, "properties": {"name": "Новоград-Волинський район", "oblast": "Житомирська", "pct": 7.0, "eps": 568, "own": 333}}, {"type": "Feature", "geometry": {"type": "MultiPolygon", "coordinates": [[[[25.9986, 49.7145], [25.9762, 49.7155], [25.9653, 49.7105], [25.9461, 49.7007], [25.8725, 49.7275], [25.8626, 49.7438], [25.8588, 49.7639], [25.9248, 49.7907], [25.9071, 49.794], [25.8907, 49.797], [25.8685, 49.7982], [25.8588, 49.8079], [25.8324, 49.8066], [25.7744, 49.8084], [25.7561, 49.7992], [25.7159, 49.8055], [25.6738, 49.8206], [25.661, 49.8429], [25.6433, 49.8265], [25.6299, 49.8189], [25.5909, 49.7993], [25.5719, 49.7994], [25.5491, 49.782], [25.5263, 49.7907], [25.5087, 49.8133], [25.4775, 49.8346], [25.449, 49.8977], [25.4236, 49.9312], [25.4282, 49.938], [25.4128, 49.9453], [25.4116, 49.9695], [25.3612, 49.9959], [25.3593, 50.0171], [25.3891, 50.0484], [25.4357, 50.0609], [25.4527, 50.0804], [25.4664, 50.095], [25.4837, 50.1134], [25.4498, 50.1374], [25.477, 50.1665], [25.4995, 50.1585], [25.5753, 50.1766], [25.6252, 50.153], [25.7038, 50.1716], [25.7627, 50.1796], [25.8206, 50.1809], [25.856, 50.1903], [25.8812, 50.2215], [25.92, 50.2532], [25.974, 50.2466], [26.0082, 50.2333], [26.0209, 50.2307], [26.1367, 50.2351], [26.1726, 50.2472], [26.2157, 50.2657], [26.2158, 50.2561], [26.2051, 50.2303], [26.1845, 50.2284], [26.1795, 50.1974], [26.1943, 50.1897], [26.2109, 50.1751], [26.2188, 50.1571], [26.2233, 50.1461], [26.2411, 50.1442], [26.2742, 50.1132], [26.2011, 50.0982], [26.2066, 50.0755], [26.2225, 50.0552], [26.2179, 50.0463], [26.1772, 50.0259], [26.1895, 50.021], [26.205, 50.0172], [26.182, 49.9923], [26.1684, 49.9865], [26.1543, 49.9775], [26.1439, 49.9604], [26.1543, 49.9184], [26.1346, 49.8982], [26.1596, 49.8899], [26.1713, 49.8772], [26.1773, 49.8464], [26.1866, 49.8338], [26.1966, 49.8227], [26.2094, 49.8127], [26.2247, 49.7966], [26.2297, 49.7776], [26.237, 49.772], [26.243, 49.7451], [26.2087, 49.7275], [26.1655, 49.7275], [26.0594, 49.7223], [25.9986, 49.7145]]]]}, "properties": {"name": "Кременецький район", "oblast": "Тернопільська", "pct": 1.9, "eps": 241, "own": 148}}, {"type": "Feature", "geometry": {"type": "MultiPolygon", "coordinates": [[[[26.3414, 48.5639], [26.3671, 48.5534], [26.3587, 48.5448], [26.3768, 48.5457], [26.3786, 48.5632], [26.4061, 48.5444], [26.4293, 48.546], [26.4447, 48.5381], [26.3909, 48.5344], [26.3665, 48.5117], [26.3257, 48.5162], [26.2939, 48.5153], [26.2603, 48.5387], [26.1942, 48.5247], [26.1479, 48.5469], [26.145, 48.5983], [26.1106, 48.6182], [26.0967, 48.5995], [26.1071, 48.5797], [26.1242, 48.5476], [26.0941, 48.5374], [26.0772, 48.56], [26.0457, 48.5883], [26.0665, 48.6079], [26.0615, 48.64], [26.0399, 48.6476], [26.0301, 48.62], [26.0098, 48.6099], [25.9753, 48.6206], [25.9203, 48.5869], [25.8612, 48.5965], [25.8499, 48.6061], [25.842, 48.6288], [25.8037, 48.668], [25.7674, 48.6714], [25.7462, 48.6366], [25.727, 48.6387], [25.6541, 48.6673], [25.6202, 48.6808], [25.6509, 48.6993], [25.647, 48.7108], [25.609, 48.7254], [25.6389, 48.7431], [25.6321, 48.7531], [25.5562, 48.7981], [25.5032, 48.8074], [25.4518, 48.8359], [25.4702, 48.856], [25.436, 48.8724], [25.4399, 48.8498], [25.4066, 48.8468], [25.3479, 48.8592], [25.3458, 48.8384], [25.3195, 48.8468], [25.29, 48.8475], [25.2653, 48.8665], [25.2284, 48.8487], [25.2092, 48.8487], [25.2309, 48.8905], [25.2373, 48.9283], [25.2105, 48.922], [25.1965, 48.918], [25.1725, 48.9001], [25.1718, 48.8723], [25.1447, 48.8725], [25.1355, 48.8906], [25.1201, 48.9174], [25.1412, 48.9356], [25.142, 48.949], [25.111, 48.9642], [25.1085, 48.9849], [25.1073, 48.9966], [25.0917, 48.9796], [25.076, 48.9849], [25.0679, 48.9873], [25.0204, 49.0116], [24.9645, 48.9928], [24.969, 49.0096], [24.9431, 49.0281], [24.9021, 49.0496], [24.9151, 49.0723], [24.9268, 49.0824], [24.9662, 49.0723], [24.9904, 49.0793], [24.9856, 49.0818], [24.9795, 49.0898], [24.9749, 49.0981], [24.9532, 49.1255], [24.8598, 49.1604], [24.8693, 49.1868], [24.9244, 49.1786], [24.9503, 49.174], [24.9739, 49.1783], [25.0413, 49.1736], [25.1002, 49.175], [25.2453, 49.1905], [25.2991, 49.2143], [25.3867, 49.1924], [25.4038, 49.2039], [25.4249, 49.2123], [25.4652, 49.2124], [25.5066, 49.1617], [25.5145, 49.1533], [25.5479, 49.1309], [25.5908, 49.1311], [25.6533, 49.1448], [25.668, 49.1496], [25.6595, 49.1546], [25.6534, 49.1625], [25.6428, 49.176], [25.66, 49.1723], [25.6797, 49.1635], [25.6789, 49.1724], [25.7226, 49.1808], [25.7298, 49.1736], [25.751, 49.155], [25.7626, 49.142], [25.772, 49.1341], [25.7786, 49.1342], [25.787, 49.138], [25.7791, 49.1496], [25.8011, 49.1426], [25.849, 49.2078], [25.8311, 49.2193], [25.8377, 49.2307], [25.8395, 49.2418], [25.8415, 49.2517], [25.8496, 49.261], [25.8488, 49.2698], [25.866, 49.2761], [25.8881, 49.2842], [25.9158, 49.2862], [25.9292, 49.2926], [25.9391, 49.2986], [25.898, 49.319], [25.8953, 49.3692], [25.9464, 49.3659], [25.9982, 49.3616], [26.0921, 49.3681], [26.1281, 49.3694], [26.163, 49.385], [26.2435, 49.3674], [26.2429, 49.3539], [26.2331, 49.3492], [26.2252, 49.3339], [26.2512, 49.3092], [26.2609, 49.2887], [26.2561, 49.2783], [26.2427, 49.276], [26.2431, 49.2526], [26.2221, 49.2457], [26.2016, 49.2387], [26.2022, 49.2209], [26.1896, 49.2066], [26.195, 49.1789], [26.2055, 49.1685], [26.2119, 49.1611], [26.1899, 49.1585], [26.198, 49.1432], [26.2037, 49.131], [26.2034, 49.1115], [26.1969, 49.0803], [26.212, 49.0733], [26.2069, 49.0661], [26.1852, 49.0536], [26.2094, 49.0315], [26.2053, 49.0176], [26.214, 49.0016], [26.1957, 49.0031], [26.1778, 48.9951], [26.213, 48.9839], [26.1859, 48.9782], [26.1795, 48.9675], [26.2068, 48.9558], [26.1947, 48.9352], [26.195, 48.9172], [26.1887, 48.9079], [26.2043, 48.9056], [26.224, 48.9092], [26.2196, 48.9009], [26.2151, 48.8803], [26.2131, 48.8647], [26.2102, 48.8524], [26.2217, 48.8356], [26.2347, 48.8203], [26.2518, 48.8213], [26.2526, 48.8079], [26.2293, 48.8134], [26.2375, 48.7924], [26.2191, 48.7938], [26.2086, 48.7964], [26.2331, 48.7792], [26.2388, 48.7687], [26.2464, 48.7539], [26.2347, 48.75], [26.2248, 48.7491], [26.2444, 48.7342], [26.2332, 48.7129], [26.2339, 48.7018], [26.2264, 48.6922], [26.2271, 48.6812], [26.247, 48.6809], [26.2485, 48.6687], [26.2788, 48.6698], [26.2689, 48.6503], [26.2956, 48.6511], [26.3105, 48.6535], [26.2922, 48.6415], [26.2988, 48.6347], [26.323, 48.628], [26.2961, 48.6269], [26.3058, 48.6183], [26.3279, 48.6089], [26.3434, 48.5947], [26.3477, 48.5847], [26.3607, 48.5832], [26.3381, 48.5704], [26.3414, 48.5639]]]]}, "properties": {"name": "Чортківський район", "oblast": "Тернопільська", "pct": 1.9, "eps": 242, "own": 150}}, {"type": "Feature", "geometry": {"type": "MultiPolygon", "coordinates": [[[[25.2686, 49.1945], [25.1779, 49.1779], [25.0543, 49.1706], [24.9985, 49.1809], [24.9675, 49.1778], [24.9442, 49.1714], [24.9271, 49.181], [24.8907, 49.2038], [24.9333, 49.2331], [24.9, 49.2433], [24.8439, 49.2633], [24.831, 49.2845], [24.8288, 49.3085], [24.8332, 49.3193], [24.8439, 49.3369], [24.8608, 49.3475], [24.8339, 49.3632], [24.8159, 49.3864], [24.7781, 49.382], [24.7748, 49.3977], [24.7716, 49.4299], [24.7446, 49.4604], [24.737, 49.4729], [24.7303, 49.4909], [24.7195, 49.5307], [24.7291, 49.5468], [24.7183, 49.5697], [24.7275, 49.5721], [24.7633, 49.575], [24.7953, 49.5737], [24.8137, 49.5866], [24.8414, 49.5819], [24.8333, 49.5989], [24.8609, 49.5997], [24.8701, 49.6039], [24.8827, 49.6074], [24.9051, 49.6014], [24.8989, 49.6107], [24.9283, 49.6089], [24.931, 49.6166], [24.9524, 49.6148], [24.9834, 49.6362], [24.9872, 49.6527], [24.9943, 49.6658], [25.0101, 49.7171], [25.046, 49.7299], [25.0673, 49.7116], [25.0881, 49.7282], [25.1008, 49.733], [25.0752, 49.77], [25.0899, 49.7874], [25.0838, 49.7991], [25.0892, 49.8273], [25.1225, 49.8187], [25.1435, 49.8279], [25.1567, 49.8357], [25.2114, 49.8297], [25.2473, 49.8264], [25.257, 49.8368], [25.2677, 49.8333], [25.2945, 49.8333], [25.2932, 49.845], [25.2956, 49.8515], [25.316, 49.8558], [25.3392, 49.8637], [25.3706, 49.8753], [25.3892, 49.8972], [25.3869, 49.9273], [25.3966, 49.9344], [25.4279, 49.9403], [25.4236, 49.9312], [25.449, 49.8977], [25.4775, 49.8346], [25.5087, 49.8133], [25.5263, 49.7907], [25.5491, 49.782], [25.5719, 49.7994], [25.5909, 49.7993], [25.6299, 49.8189], [25.6433, 49.8265], [25.661, 49.8429], [25.6738, 49.8206], [25.7159, 49.8055], [25.7561, 49.7992], [25.7744, 49.8084], [25.8324, 49.8066], [25.8588, 49.8079], [25.8685, 49.7982], [25.8907, 49.797], [25.9071, 49.794], [25.9248, 49.7907], [25.8588, 49.7639], [25.8626, 49.7438], [25.8725, 49.7275], [25.9461, 49.7007], [25.9653, 49.7105], [25.9762, 49.7155], [25.9986, 49.7145], [26.0594, 49.7223], [26.1655, 49.7275], [26.2105, 49.7071], [26.264, 49.6716], [26.2747, 49.656], [26.2627, 49.6362], [26.232, 49.6368], [26.2146, 49.6152], [26.2, 49.6085], [26.2132, 49.5832], [26.2142, 49.5699], [26.2038, 49.5454], [26.1929, 49.5561], [26.1711, 49.5414], [26.1453, 49.5144], [26.1515, 49.5067], [26.1886, 49.4798], [26.2016, 49.4404], [26.2131, 49.4165], [26.2253, 49.4111], [26.234, 49.4003], [26.2216, 49.3788], [26.163, 49.385], [26.1281, 49.3694], [26.0921, 49.3681], [25.9982, 49.3616], [25.9464, 49.3659], [25.8953, 49.3692], [25.898, 49.319], [25.9391, 49.2986], [25.9292, 49.2926], [25.9158, 49.2862], [25.8881, 49.2842], [25.866, 49.2761], [25.8488, 49.2698], [25.8496, 49.261], [25.8395, 49.2418], [25.8377, 49.2307], [25.8311, 49.2193], [25.849, 49.2078], [25.8011, 49.1426], [25.7791, 49.1496], [25.787, 49.138], [25.7766, 49.1311], [25.7669, 49.1356], [25.7621, 49.1451], [25.7471, 49.174], [25.723, 49.1704], [25.7029, 49.178], [25.6781, 49.1709], [25.6736, 49.1648], [25.6577, 49.1709], [25.6402, 49.178], [25.6536, 49.1583], [25.663, 49.154], [25.668, 49.1474], [25.6273, 49.1465], [25.5609, 49.1331], [25.5283, 49.1385], [25.5193, 49.1556], [25.5229, 49.1845], [25.4337, 49.2105], [25.4162, 49.2018], [25.4054, 49.1945], [25.3733, 49.1951], [25.2686, 49.1945]]]]}, "properties": {"name": "Тернопільський район", "oblast": "Тернопільська", "pct": 1.9, "eps": 240, "own": 146}}, {"type": "Feature", "geometry": {"type": "MultiPolygon", "coordinates": [[[[28.5621, 48.1741], [28.543, 48.1652], [28.5313, 48.1569], [28.5206, 48.138], [28.4919, 48.1188], [28.4952, 48.1056], [28.4918, 48.0746], [28.4923, 48.0655], [28.4529, 48.0797], [28.4348, 48.1081], [28.4246, 48.1326], [28.4348, 48.154], [28.4098, 48.1773], [28.3598, 48.1424], [28.3237, 48.1324], [28.3047, 48.1428], [28.3081, 48.1616], [28.3614, 48.1923], [28.3599, 48.2411], [28.3398, 48.2448], [28.3213, 48.2329], [28.301, 48.2409], [28.2282, 48.2089], [28.1853, 48.2156], [28.1829, 48.243], [28.1774, 48.2571], [28.1397, 48.2507], [28.1087, 48.2317], [28.0841, 48.2364], [28.0826, 48.2603], [28.0868, 48.306], [28.0453, 48.3254], [27.9621, 48.3255], [27.9055, 48.3539], [27.8784, 48.3824], [27.848, 48.414], [27.8178, 48.421], [27.7979, 48.438], [27.7617, 48.4564], [27.7128, 48.4514], [27.644, 48.4412], [27.5937, 48.47], [27.6, 48.4902], [27.563, 48.4837], [27.5201, 48.4702], [27.4793, 48.5056], [27.4781, 48.5506], [27.4441, 48.6035], [27.3728, 48.6294], [27.3892, 48.6753], [27.4072, 48.6874], [27.4156, 48.6958], [27.401, 48.7269], [27.4, 48.7513], [27.3896, 48.7568], [27.3927, 48.7654], [27.4044, 48.7738], [27.4182, 48.7899], [27.4209, 48.8001], [27.414, 48.8362], [27.4151, 48.8519], [27.4064, 48.8892], [27.4547, 48.8994], [27.4886, 48.9227], [27.5256, 48.9044], [27.5367, 48.9065], [27.5538, 48.8921], [27.594, 48.8723], [27.6121, 48.8426], [27.682, 48.81], [27.7013, 48.8072], [27.723, 48.8036], [27.7457, 48.8014], [27.7625, 48.8052], [27.7972, 48.8367], [27.8104, 48.8284], [27.8103, 48.8198], [27.8428, 48.8102], [27.8619, 48.7934], [27.8887, 48.7854], [27.8993, 48.7809], [27.8909, 48.7707], [27.8763, 48.7615], [27.8862, 48.7311], [27.9144, 48.7135], [27.9034, 48.6873], [27.9503, 48.68], [27.9704, 48.6529], [28.0075, 48.6424], [28.0365, 48.6408], [28.0591, 48.651], [28.0826, 48.6438], [28.0992, 48.6249], [28.1201, 48.6162], [28.173, 48.6191], [28.1864, 48.6135], [28.208, 48.6093], [28.2281, 48.599], [28.2993, 48.5727], [28.3163, 48.5478], [28.3516, 48.5204], [28.3165, 48.4883], [28.3374, 48.4726], [28.3755, 48.4537], [28.3859, 48.4248], [28.404, 48.4151], [28.4643, 48.4224], [28.4583, 48.4004], [28.4571, 48.3839], [28.468, 48.3526], [28.4658, 48.3449], [28.5048, 48.3297], [28.5097, 48.3105], [28.5095, 48.278], [28.5283, 48.2645], [28.5586, 48.2443], [28.5995, 48.2083], [28.5786, 48.2012], [28.562, 48.1896], [28.5672, 48.1763], [28.5621, 48.1741]]]]}, "properties": {"name": "Могилів-Подільський район", "oblast": "Вінницька", "pct": 5.0, "eps": 534, "own": 301}}, {"type": "Feature", "geometry": {"type": "MultiPolygon", "coordinates": [[[[29.5718, 48.1012], [29.5558, 48.0985], [29.5309, 48.0972], [29.4996, 48.1027], [29.4751, 48.1179], [29.3913, 48.114], [29.3741, 48.0902], [29.3561, 48.0895], [29.3506, 48.0962], [29.3124, 48.0864], [29.2849, 48.0938], [29.2654, 48.107], [29.2579, 48.1125], [29.2419, 48.1072], [29.2309, 48.1035], [29.2174, 48.1044], [29.2052, 48.1177], [29.219, 48.125], [29.2381, 48.1256], [29.2497, 48.1313], [29.2608, 48.1316], [29.253, 48.1379], [29.2408, 48.1413], [29.2085, 48.1339], [29.1799, 48.1417], [29.1416, 48.1408], [29.1475, 48.1529], [29.1308, 48.1539], [29.0766, 48.1937], [29.0628, 48.1976], [29.0688, 48.2206], [29.0903, 48.2439], [29.1015, 48.2699], [29.1091, 48.2823], [29.1052, 48.2936], [29.0769, 48.3137], [29.1011, 48.3197], [29.0779, 48.3282], [29.0316, 48.3558], [29.0363, 48.3988], [29.0872, 48.4226], [29.0779, 48.449], [28.987, 48.4561], [28.9932, 48.4834], [28.958, 48.5059], [28.9451, 48.516], [28.927, 48.5082], [28.88, 48.5216], [28.8946, 48.5487], [28.9221, 48.5582], [28.9581, 48.5621], [29.0063, 48.5586], [29.0122, 48.5593], [29.0608, 48.5672], [29.0741, 48.5664], [29.0706, 48.5737], [29.0588, 48.5764], [29.0693, 48.5808], [29.0748, 48.5889], [29.1262, 48.5784], [29.1484, 48.5763], [29.1546, 48.5779], [29.1458, 48.5942], [29.1651, 48.6137], [29.1584, 48.6308], [29.1751, 48.6607], [29.1486, 48.6726], [29.131, 48.6845], [29.123, 48.6943], [29.0918, 48.6881], [29.0723, 48.7149], [29.0643, 48.7208], [29.0992, 48.7196], [29.1225, 48.7087], [29.1008, 48.7337], [29.0878, 48.7662], [29.1128, 48.7756], [29.1188, 48.7924], [29.1214, 48.818], [29.1431, 48.8185], [29.0985, 48.838], [29.0685, 48.8368], [29.0577, 48.8347], [29.0004, 48.8376], [29.0025, 48.851], [28.9949, 48.8545], [28.9918, 48.844], [28.9644, 48.8738], [28.9702, 48.8955], [28.9687, 48.9036], [29.0029, 48.9231], [29.0086, 48.9295], [29.0476, 48.9587], [29.0623, 48.9611], [29.0662, 49.0017], [29.1112, 48.9996], [29.1687, 48.9699], [29.2045, 48.9763], [29.2519, 48.9785], [29.2997, 49.0063], [29.3155, 49.0151], [29.3368, 49.013], [29.3574, 49.0243], [29.3592, 49.0434], [29.3794, 49.0527], [29.4081, 49.045], [29.4058, 49.0717], [29.4219, 49.0933], [29.4632, 49.114], [29.4641, 49.128], [29.4958, 49.1066], [29.5205, 49.1148], [29.5386, 49.0854], [29.5429, 49.0489], [29.5913, 49.0464], [29.606, 49.0566], [29.6215, 49.0371], [29.6528, 49.0172], [29.6695, 49.0241], [29.6825, 49.0138], [29.6834, 49.0068], [29.6607, 48.9483], [29.6683, 48.9289], [29.6761, 48.9191], [29.7135, 48.9111], [29.7275, 48.8872], [29.7439, 48.853], [29.7657, 48.7862], [29.7914, 48.7812], [29.8029, 48.7737], [29.8594, 48.7589], [29.8779, 48.7437], [29.8666, 48.7327], [29.862, 48.7107], [29.8726, 48.7023], [29.9461, 48.6703], [29.9567, 48.6587], [29.9692, 48.6428], [29.9902, 48.6361], [29.9918, 48.6288], [29.986, 48.6203], [29.9863, 48.6119], [29.9512, 48.6008], [29.9586, 48.5823], [30.0049, 48.5721], [30.0036, 48.5597], [30.0079, 48.5479], [30.0094, 48.5419], [30.0218, 48.536], [30.0173, 48.5178], [29.9982, 48.5213], [29.9914, 48.5134], [30.0068, 48.5134], [29.9789, 48.4907], [29.9675, 48.4725], [29.953, 48.4604], [29.9509, 48.4502], [29.907, 48.4398], [29.8831, 48.4306], [29.8709, 48.4172], [29.8047, 48.3612], [29.8115, 48.3499], [29.8046, 48.3315], [29.7843, 48.3293], [29.7732, 48.3096], [29.7652, 48.3004], [29.7506, 48.2987], [29.7553, 48.2846], [29.7712, 48.2675], [29.7821, 48.2424], [29.7809, 48.2092], [29.7218, 48.203], [29.6654, 48.1956], [29.6751, 48.1668], [29.6715, 48.1255], [29.6564, 48.1206], [29.6642, 48.1079], [29.6391, 48.1241], [29.5954, 48.117], [29.5858, 48.1104], [29.5809, 48.1016], [29.5718, 48.1012]]]]}, "properties": {"name": "Гайсинський район", "oblast": "Вінницька", "pct": 5.4, "eps": 574, "own": 359}}, {"type": "Feature", "geometry": {"type": "MultiPolygon", "coordinates": [[[[28.3808, 48.869], [28.379, 48.8457], [28.356, 48.8292], [28.3386, 48.8295], [28.2926, 48.8615], [28.2945, 48.8747], [28.2917, 48.8883], [28.2901, 48.9037], [28.2557, 48.9264], [28.2746, 48.9348], [28.2835, 48.9593], [28.284, 48.9843], [28.2961, 48.9862], [28.2917, 48.9981], [28.2793, 49.001], [28.2773, 49.0004], [28.2648, 48.9962], [28.2375, 48.9977], [28.2336, 48.9853], [28.2302, 48.9919], [28.2238, 49.0044], [28.2316, 49.0104], [28.211, 49.0328], [28.213, 49.041], [28.1897, 49.0639], [28.1978, 49.0641], [28.191, 49.0803], [28.234, 49.0797], [28.2298, 49.1078], [28.2074, 49.1167], [28.2044, 49.1284], [28.1933, 49.138], [28.1662, 49.1488], [28.1774, 49.1758], [28.1685, 49.1804], [28.144, 49.1751], [28.1205, 49.1845], [28.0929, 49.1928], [28.103, 49.2193], [28.1214, 49.2317], [28.1001, 49.2384], [28.0847, 49.2387], [28.0663, 49.2544], [28.0282, 49.2532], [28.0005, 49.259], [27.9855, 49.2602], [27.9739, 49.2556], [27.9467, 49.2498], [27.9373, 49.2352], [27.8835, 49.2158], [27.8603, 49.2315], [27.871, 49.2485], [27.8571, 49.2624], [27.8561, 49.2781], [27.8578, 49.2801], [27.8573, 49.319], [27.8464, 49.3393], [27.8119, 49.3683], [27.8177, 49.3751], [27.8108, 49.3877], [27.8324, 49.3912], [27.8575, 49.4184], [27.9206, 49.4295], [27.9689, 49.412], [27.9871, 49.4109], [27.9935, 49.4242], [27.967, 49.4661], [27.9847, 49.4665], [27.9874, 49.4551], [28.0266, 49.4532], [28.0311, 49.4507], [28.0496, 49.4525], [28.0792, 49.4651], [28.1018, 49.4587], [28.1443, 49.4528], [28.169, 49.4463], [28.218, 49.4374], [28.2322, 49.4368], [28.2627, 49.4379], [28.2949, 49.4046], [28.3316, 49.397], [28.3476, 49.3861], [28.3695, 49.3709], [28.3832, 49.3605], [28.4063, 49.3489], [28.4158, 49.3636], [28.4357, 49.366], [28.4479, 49.3812], [28.4935, 49.3932], [28.4892, 49.3817], [28.5207, 49.3747], [28.5453, 49.3634], [28.579, 49.3489], [28.5934, 49.3525], [28.6143, 49.3494], [28.6584, 49.3385], [28.6781, 49.3349], [28.6436, 49.3846], [28.6302, 49.4204], [28.685, 49.4193], [28.7797, 49.4224], [28.8021, 49.4286], [28.8525, 49.4586], [28.8908, 49.4461], [28.9633, 49.4649], [29.0025, 49.4736], [28.9833, 49.4942], [29.0048, 49.5284], [28.9767, 49.5527], [28.9922, 49.5965], [29.0606, 49.5929], [29.129, 49.589], [29.1866, 49.5876], [29.2126, 49.5882], [29.2508, 49.5955], [29.275, 49.6273], [29.3396, 49.6153], [29.3597, 49.6252], [29.3799, 49.6193], [29.425, 49.6521], [29.4851, 49.6538], [29.5369, 49.6359], [29.5195, 49.6251], [29.4989, 49.601], [29.5311, 49.5639], [29.5438, 49.5374], [29.5417, 49.5218], [29.5746, 49.5071], [29.5827, 49.5006], [29.5529, 49.494], [29.5456, 49.4849], [29.5883, 49.4547], [29.575, 49.4284], [29.5399, 49.4008], [29.5087, 49.3862], [29.5132, 49.3671], [29.5218, 49.3375], [29.5638, 49.323], [29.5769, 49.3236], [29.6178, 49.3062], [29.6183, 49.2821], [29.6122, 49.2659], [29.6621, 49.2504], [29.693, 49.255], [29.7195, 49.2466], [29.7192, 49.2341], [29.7258, 49.2208], [29.7261, 49.2025], [29.7191, 49.1842], [29.718, 49.17], [29.71, 49.1547], [29.7317, 49.1321], [29.7248, 49.12], [29.6792, 49.1097], [29.6708, 49.0923], [29.6354, 49.0611], [29.64, 49.0534], [29.6297, 49.0464], [29.5999, 49.0525], [29.5889, 49.0497], [29.5495, 49.0703], [29.525, 49.107], [29.506, 49.1171], [29.4865, 49.1238], [29.4696, 49.1232], [29.4556, 49.1101], [29.4065, 49.0853], [29.4113, 49.0506], [29.3925, 49.0533], [29.3677, 49.0484], [29.36, 49.0253], [29.342, 49.0173], [29.3212, 49.0126], [29.3021, 49.0056], [29.252, 48.9765], [29.2208, 48.9842], [29.1743, 48.9564], [29.1111, 48.9964], [29.0929, 48.9985], [29.0622, 48.9711], [29.0505, 48.9602], [29.0097, 48.9475], [29.0053, 48.9265], [28.9858, 48.9043], [28.9473, 48.9114], [28.9042, 48.9054], [28.9104, 48.8749], [28.9056, 48.8559], [28.9044, 48.8526], [28.9001, 48.8331], [28.8793, 48.8443], [28.8442, 48.8531], [28.8245, 48.8504], [28.8148, 48.8714], [28.7976, 48.9035], [28.7726, 48.8938], [28.7629, 48.861], [28.7448, 48.8624], [28.7142, 48.8657], [28.6859, 48.8729], [28.6669, 48.8708], [28.6333, 48.895], [28.6388, 48.9074], [28.6407, 48.9189], [28.6003, 48.893], [28.5558, 48.8907], [28.539, 48.8924], [28.5208, 48.8754], [28.5295, 48.8672], [28.5275, 48.851], [28.4887, 48.8455], [28.4659, 48.8544], [28.4402, 48.8704], [28.4407, 48.8607], [28.4256, 48.8625], [28.3961, 48.8707], [28.3983, 48.8643], [28.3808, 48.869]]]]}, "properties": {"name": "Вінницький район", "oblast": "Вінницька", "pct": 5.5, "eps": 581, "own": 366}}, {"type": "Feature", "geometry": {"type": "MultiPolygon", "coordinates": [[[[28.3359, 48.5979], [28.2993, 48.5727], [28.2281, 48.599], [28.208, 48.6093], [28.1864, 48.6135], [28.173, 48.6191], [28.1201, 48.6162], [28.0992, 48.6249], [28.0826, 48.6438], [28.0591, 48.651], [28.0365, 48.6408], [28.0075, 48.6424], [27.9704, 48.6529], [27.9503, 48.68], [27.9034, 48.6873], [27.9144, 48.7135], [27.8862, 48.7311], [27.8763, 48.7615], [27.8909, 48.7707], [27.8993, 48.7809], [27.8887, 48.7854], [27.8619, 48.7934], [27.8428, 48.8102], [27.8103, 48.8198], [27.8104, 48.8284], [27.7972, 48.8367], [27.7625, 48.8052], [27.7457, 48.8014], [27.723, 48.8036], [27.7013, 48.8072], [27.682, 48.81], [27.6121, 48.8426], [27.594, 48.8723], [27.5538, 48.8921], [27.5367, 48.9065], [27.5256, 48.9044], [27.4886, 48.9227], [27.4547, 48.8994], [27.4064, 48.8892], [27.394, 48.904], [27.3959, 48.9354], [27.404, 48.9516], [27.4144, 48.9538], [27.4144, 48.9643], [27.3971, 48.9877], [27.3832, 49.0076], [27.4163, 49.0551], [27.4411, 49.0625], [27.5017, 49.0676], [27.4801, 49.0896], [27.503, 49.1084], [27.5171, 49.1273], [27.5336, 49.1218], [27.5362, 49.1305], [27.5343, 49.1411], [27.5738, 49.1197], [27.5944, 49.1486], [27.6067, 49.1606], [27.6503, 49.1626], [27.686, 49.1414], [27.706, 49.1405], [27.7576, 49.1527], [27.7588, 49.1621], [27.7707, 49.1663], [27.7751, 49.1901], [27.7911, 49.1775], [27.8042, 49.1863], [27.8192, 49.1819], [27.8371, 49.1808], [27.8628, 49.1719], [27.8875, 49.1841], [27.8956, 49.1922], [27.8883, 49.2141], [27.9438, 49.2405], [27.9554, 49.2529], [27.9737, 49.2602], [27.9918, 49.2614], [28.0111, 49.2555], [28.0297, 49.2598], [28.0847, 49.2387], [28.1001, 49.2384], [28.1214, 49.2317], [28.103, 49.2193], [28.0929, 49.1928], [28.1205, 49.1845], [28.144, 49.1751], [28.1685, 49.1804], [28.1774, 49.1758], [28.1662, 49.1488], [28.1933, 49.138], [28.2044, 49.1284], [28.2074, 49.1167], [28.2298, 49.1078], [28.234, 49.0797], [28.191, 49.0803], [28.1978, 49.0641], [28.1897, 49.0639], [28.213, 49.041], [28.211, 49.0328], [28.2316, 49.0104], [28.2238, 49.0044], [28.2302, 48.9919], [28.2336, 48.9853], [28.2375, 48.9977], [28.2648, 48.9962], [28.2773, 49.0004], [28.2793, 49.001], [28.2917, 48.9981], [28.2961, 48.9862], [28.284, 48.9843], [28.2835, 48.9593], [28.2746, 48.9348], [28.2557, 48.9264], [28.2901, 48.9037], [28.2917, 48.8883], [28.2945, 48.8747], [28.2926, 48.8615], [28.3386, 48.8295], [28.3492, 48.8066], [28.3911, 48.781], [28.3987, 48.75], [28.4365, 48.7346], [28.466, 48.7069], [28.4705, 48.6786], [28.3972, 48.6414], [28.4052, 48.6299], [28.3694, 48.611], [28.3359, 48.5979]]]]}, "properties": {"name": "Жмеринський район", "oblast": "Вінницька", "pct": 5.0, "eps": 546, "own": 315}}, {"type": "Feature", "geometry": {"type": "MultiPolygon", "coordinates": [[[[25.0382, 48.1902], [24.9992, 48.203], [24.9677, 48.2101], [24.9646, 48.2188], [24.9546, 48.2252], [24.9429, 48.2166], [24.932, 48.213], [24.9114, 48.2072], [24.9094, 48.1974], [24.8864, 48.2094], [24.846, 48.2296], [24.8126, 48.2289], [24.7776, 48.249], [24.749, 48.2619], [24.7392, 48.2804], [24.7401, 48.3113], [24.7564, 48.3253], [24.7478, 48.3516], [24.7427, 48.3666], [24.7318, 48.3787], [24.7154, 48.3978], [24.71, 48.4173], [24.7436, 48.438], [24.7629, 48.4394], [24.774, 48.4503], [24.7936, 48.4461], [24.8401, 48.4332], [24.8482, 48.4319], [24.873, 48.4397], [24.8937, 48.437], [24.9089, 48.4327], [24.9244, 48.4286], [24.9833, 48.436], [24.9971, 48.4278], [25.0325, 48.4143], [25.0782, 48.42], [25.0967, 48.4116], [25.1066, 48.3977], [25.1291, 48.3956], [25.1346, 48.4032], [25.1725, 48.4134], [25.1871, 48.4048], [25.2183, 48.4017], [25.2484, 48.3959], [25.2503, 48.383], [25.2783, 48.3722], [25.2949, 48.365], [25.2911, 48.3471], [25.273, 48.3337], [25.2712, 48.3278], [25.2562, 48.325], [25.2553, 48.3172], [25.236, 48.3043], [25.2273, 48.2893], [25.2129, 48.2761], [25.2051, 48.2675], [25.1944, 48.2578], [25.1599, 48.248], [25.1248, 48.232], [25.1183, 48.2199], [25.115, 48.2091], [25.1375, 48.1839], [25.1256, 48.179], [25.0944, 48.1851], [25.0829, 48.1721], [25.0886, 48.1608], [25.0382, 48.1902]]]]}, "properties": {"name": "Косівський район", "oblast": "Івано-Франківська", "pct": 1.4, "eps": 205, "own": 128}}, {"type": "Feature", "geometry": {"type": "MultiPolygon", "coordinates": [[[[25.1785, 48.4163], [25.1453, 48.4028], [25.135, 48.3993], [25.1156, 48.3961], [25.0996, 48.4044], [25.0877, 48.4117], [25.0314, 48.411], [25.0116, 48.421], [24.9876, 48.435], [24.9569, 48.4412], [24.9138, 48.4284], [24.9001, 48.4327], [24.877, 48.438], [24.8585, 48.4342], [24.8418, 48.4308], [24.8183, 48.4398], [24.7807, 48.4633], [24.7597, 48.4796], [24.7696, 48.487], [24.7607, 48.5075], [24.7863, 48.5332], [24.796, 48.5452], [24.7741, 48.5614], [24.7672, 48.6027], [24.8245, 48.6349], [24.8163, 48.6786], [24.7792, 48.685], [24.7411, 48.7166], [24.7234, 48.7382], [24.7542, 48.7664], [24.792, 48.7809], [24.8046, 48.7847], [24.8135, 48.7909], [24.8521, 48.7688], [24.8709, 48.7641], [24.9103, 48.7705], [24.9734, 48.7409], [24.9785, 48.7284], [24.9952, 48.7357], [24.9921, 48.7532], [25.0139, 48.7384], [25.0464, 48.7243], [25.0558, 48.7146], [25.0551, 48.7046], [25.079, 48.6875], [25.1304, 48.6696], [25.1551, 48.6512], [25.1425, 48.6552], [25.1583, 48.6469], [25.1873, 48.6497], [25.2085, 48.6558], [25.2426, 48.6764], [25.2108, 48.7116], [25.2491, 48.7439], [25.2523, 48.7609], [25.237, 48.8019], [25.2611, 48.8271], [25.3141, 48.8274], [25.3441, 48.8376], [25.3427, 48.8558], [25.4066, 48.8468], [25.4376, 48.8459], [25.4301, 48.8619], [25.436, 48.8724], [25.4702, 48.856], [25.4518, 48.8359], [25.5032, 48.8074], [25.5562, 48.7981], [25.6321, 48.7531], [25.6389, 48.7431], [25.61, 48.7268], [25.647, 48.7108], [25.6509, 48.6993], [25.6202, 48.6808], [25.622, 48.6669], [25.5963, 48.6451], [25.5872, 48.6281], [25.5954, 48.5766], [25.5989, 48.5606], [25.5995, 48.5432], [25.6053, 48.5145], [25.5984, 48.4964], [25.5966, 48.4728], [25.604, 48.4469], [25.6151, 48.4124], [25.6205, 48.3982], [25.6122, 48.3927], [25.6219, 48.3811], [25.5936, 48.3783], [25.5752, 48.3822], [25.5434, 48.3854], [25.5193, 48.396], [25.4986, 48.4013], [25.4688, 48.3992], [25.4334, 48.3951], [25.4007, 48.3941], [25.3189, 48.3684], [25.2949, 48.365], [25.2783, 48.3722], [25.2503, 48.383], [25.2484, 48.3959], [25.2183, 48.4017], [25.1871, 48.4048], [25.1785, 48.4163]]]]}, "properties": {"name": "Коломийський район", "oblast": "Івано-Франківська", "pct": 1.4, "eps": 200, "own": 118}}, {"type": "Feature", "geometry": {"type": "MultiPolygon", "coordinates": [[[[23.442, 48.064], [23.4563, 48.0537], [23.4694, 48.0374], [23.4877, 48.0318], [23.4928, 48.0266], [23.5285, 48.0186], [23.5024, 47.9736], [23.495, 47.9682], [23.4587, 47.9759], [23.437, 47.9837], [23.4047, 47.9934], [23.3853, 48.0049], [23.3573, 48.0148], [23.3417, 48.0183], [23.3289, 48.024], [23.3375, 48.0353], [23.326, 48.037], [23.2883, 48.0476], [23.2771, 48.0598], [23.291, 48.0727], [23.2679, 48.0866], [23.2646, 48.113], [23.2651, 48.1522], [23.2327, 48.1609], [23.2057, 48.1617], [23.1824, 48.1769], [23.1559, 48.1937], [23.138, 48.2202], [23.1075, 48.2424], [23.0977, 48.2321], [23.0619, 48.2297], [23.0615, 48.2448], [23.0525, 48.256], [23.0396, 48.2631], [23.0167, 48.2689], [22.9847, 48.2619], [22.9289, 48.2412], [22.902, 48.2401], [22.8927, 48.2552], [22.8754, 48.2638], [22.8627, 48.2722], [22.8405, 48.2818], [22.8624, 48.3019], [22.8931, 48.2881], [22.9035, 48.3116], [22.9147, 48.3257], [22.9282, 48.342], [22.9598, 48.3534], [22.9404, 48.3798], [22.9226, 48.3935], [22.9145, 48.4053], [22.8975, 48.4083], [22.88, 48.4108], [22.8716, 48.4239], [22.8564, 48.4315], [22.8642, 48.4406], [22.8816, 48.4439], [22.8844, 48.4319], [22.9124, 48.4292], [22.9258, 48.4425], [22.9153, 48.4521], [22.9572, 48.4856], [23.0169, 48.4814], [23.0651, 48.4735], [23.1376, 48.4492], [23.155, 48.4793], [23.1498, 48.4985], [23.1467, 48.5393], [23.177, 48.5747], [23.1841, 48.5936], [23.1614, 48.6045], [23.1436, 48.6149], [23.1388, 48.6258], [23.1583, 48.6198], [23.1625, 48.6141], [23.168, 48.6188], [23.1681, 48.6302], [23.1704, 48.635], [23.1912, 48.6326], [23.1876, 48.6418], [23.2097, 48.6369], [23.2204, 48.6436], [23.2473, 48.6525], [23.2674, 48.6777], [23.2926, 48.6943], [23.2905, 48.7167], [23.3128, 48.7271], [23.3149, 48.7505], [23.3378, 48.7559], [23.3699, 48.7656], [23.3787, 48.7435], [23.4111, 48.7367], [23.4614, 48.7249], [23.5097, 48.7333], [23.5599, 48.7262], [23.5918, 48.7202], [23.5982, 48.7108], [23.6256, 48.7072], [23.6386, 48.6846], [23.676, 48.6633], [23.7063, 48.6387], [23.7419, 48.6455], [23.7641, 48.6447], [23.7877, 48.64], [23.7961, 48.6261], [23.7853, 48.61], [23.791, 48.5943], [23.8045, 48.5809], [23.8339, 48.5672], [23.8597, 48.5476], [23.8413, 48.4981], [23.8261, 48.4675], [23.8027, 48.4366], [23.7942, 48.4044], [23.7718, 48.3888], [23.7528, 48.3883], [23.7332, 48.3748], [23.6945, 48.3582], [23.6774, 48.3411], [23.6829, 48.3171], [23.6598, 48.3141], [23.6159, 48.2732], [23.5914, 48.2565], [23.5753, 48.2278], [23.5543, 48.2121], [23.5311, 48.1919], [23.5444, 48.1715], [23.5521, 48.1555], [23.544, 48.126], [23.4667, 48.112], [23.4638, 48.089], [23.4392, 48.0689], [23.442, 48.064]]]]}, "properties": {"name": "Хустський район", "oblast": "Закарпатська", "pct": 1.1, "eps": 193, "own": 122}}, {"type": "Feature", "geometry": {"type": "MultiPolygon", "coordinates": [[[[24.3203, 47.9239], [24.2979, 47.9117], [24.2274, 47.8965], [24.1953, 47.9168], [24.1611, 47.9159], [24.1267, 47.9157], [24.0995, 47.9286], [24.0626, 47.9526], [24.0221, 47.9594], [23.998, 47.9623], [23.9801, 47.9642], [23.9672, 47.9622], [23.9461, 47.9671], [24.0049, 47.9986], [23.9789, 47.9958], [23.9653, 47.9827], [23.9048, 48.0313], [23.9245, 48.0495], [23.9367, 48.0627], [23.9514, 48.0875], [23.9455, 48.1074], [23.9436, 48.1371], [23.9799, 48.1717], [24.0204, 48.2146], [24.0372, 48.2492], [24.0348, 48.2527], [24.0338, 48.2626], [24.0483, 48.2665], [24.0528, 48.2595], [24.0593, 48.2565], [24.0654, 48.2508], [24.0724, 48.2606], [24.0782, 48.2619], [24.0776, 48.2736], [24.0816, 48.2698], [24.0912, 48.271], [24.0949, 48.261], [24.1005, 48.2593], [24.1098, 48.2569], [24.1176, 48.2664], [24.1256, 48.2697], [24.1343, 48.2708], [24.1522, 48.2773], [24.1758, 48.2769], [24.1642, 48.3027], [24.1603, 48.3125], [24.1451, 48.3198], [24.1666, 48.3442], [24.1833, 48.3655], [24.2089, 48.3664], [24.2542, 48.3511], [24.274, 48.3712], [24.2905, 48.3817], [24.3146, 48.3931], [24.3483, 48.3818], [24.3589, 48.3742], [24.3522, 48.3583], [24.3786, 48.3479], [24.3907, 48.3376], [24.4181, 48.3307], [24.438, 48.314], [24.4761, 48.2842], [24.4946, 48.2727], [24.4877, 48.2542], [24.5037, 48.2394], [24.5475, 48.2161], [24.5258, 48.2025], [24.5168, 48.1883], [24.5207, 48.1756], [24.5026, 48.1564], [24.5317, 48.1336], [24.5591, 48.1141], [24.5857, 48.0925], [24.6239, 48.0604], [24.6109, 48.0375], [24.5753, 48.016], [24.5652, 47.996], [24.5646, 47.9707], [24.5362, 47.9619], [24.5124, 47.9526], [24.4875, 47.9562], [24.4462, 47.9646], [24.4078, 47.9595], [24.3901, 47.9468], [24.3669, 47.9229], [24.3245, 47.9261], [24.3203, 47.9239]]]]}, "properties": {"name": "Рахівський район", "oblast": "Закарпатська", "pct": 1.1, "eps": 192, "own": 119}}, {"type": "Feature", "geometry": {"type": "MultiPolygon", "coordinates": [[[[22.6283, 48.3485], [22.6262, 48.3314], [22.6075, 48.3282], [22.5941, 48.3309], [22.5742, 48.336], [22.5458, 48.3258], [22.57, 48.3247], [22.5692, 48.3109], [22.5567, 48.3032], [22.5302, 48.2877], [22.5048, 48.2958], [22.4857, 48.3053], [22.4812, 48.3163], [22.4927, 48.3124], [22.5035, 48.3122], [22.543, 48.3513], [22.5285, 48.3614], [22.506, 48.3781], [22.506, 48.4008], [22.4659, 48.4209], [22.4482, 48.4328], [22.4328, 48.4369], [22.4311, 48.44], [22.4044, 48.4503], [22.3909, 48.4617], [22.3595, 48.475], [22.3794, 48.4813], [22.4014, 48.4875], [22.4127, 48.4856], [22.4441, 48.4769], [22.4741, 48.481], [22.4821, 48.4896], [22.5096, 48.4958], [22.5293, 48.4909], [22.5516, 48.4841], [22.5778, 48.4992], [22.5764, 48.511], [22.5562, 48.531], [22.5551, 48.5491], [22.5726, 48.5635], [22.6199, 48.5794], [22.628, 48.5779], [22.6379, 48.5922], [22.6559, 48.6161], [22.6662, 48.6273], [22.6979, 48.647], [22.7167, 48.6383], [22.7493, 48.6315], [22.8205, 48.612], [22.859, 48.6241], [22.8564, 48.6445], [22.8569, 48.6662], [22.8486, 48.6875], [22.8627, 48.7227], [22.8701, 48.7477], [22.8979, 48.7591], [22.883, 48.784], [22.8806, 48.8155], [22.8809, 48.8275], [22.8525, 48.8614], [22.8615, 48.9008], [22.8813, 48.9303], [22.9031, 48.902], [22.9706, 48.8734], [22.9873, 48.8365], [23.0272, 48.8458], [23.0596, 48.8463], [23.0865, 48.8562], [23.1057, 48.8589], [23.1313, 48.8523], [23.1316, 48.8392], [23.1529, 48.8323], [23.1806, 48.7926], [23.2, 48.7616], [23.2446, 48.7591], [23.2722, 48.7661], [23.288, 48.7744], [23.3149, 48.7505], [23.3128, 48.7271], [23.2905, 48.7167], [23.2926, 48.6943], [23.2674, 48.6777], [23.2473, 48.6525], [23.2204, 48.6436], [23.2097, 48.6369], [23.1876, 48.6418], [23.1912, 48.6326], [23.1704, 48.635], [23.1681, 48.6302], [23.168, 48.6188], [23.1625, 48.6141], [23.1583, 48.6198], [23.1388, 48.6258], [23.1436, 48.6149], [23.1614, 48.6045], [23.1841, 48.5936], [23.177, 48.5747], [23.1467, 48.5393], [23.1498, 48.4985], [23.155, 48.4793], [23.1376, 48.4492], [23.0651, 48.4735], [23.0169, 48.4814], [22.9572, 48.4856], [22.9153, 48.4521], [22.9258, 48.4425], [22.9124, 48.4292], [22.8844, 48.4319], [22.8816, 48.4439], [22.8642, 48.4406], [22.8564, 48.4315], [22.8716, 48.4239], [22.88, 48.4108], [22.8975, 48.4083], [22.9145, 48.4053], [22.9226, 48.3935], [22.9404, 48.3798], [22.9598, 48.3534], [22.9282, 48.342], [22.9147, 48.3257], [22.9035, 48.3116], [22.8931, 48.2881], [22.8624, 48.3041], [22.8542, 48.3272], [22.8413, 48.338], [22.8289, 48.3433], [22.8381, 48.3355], [22.8228, 48.3214], [22.811, 48.3141], [22.8003, 48.3097], [22.7874, 48.3001], [22.7669, 48.2941], [22.6687, 48.307], [22.6376, 48.3423], [22.6283, 48.3485]]]]}, "properties": {"name": "Мукачівський район", "oblast": "Закарпатська", "pct": 1.1, "eps": 191, "own": 118}}, {"type": "Feature", "geometry": {"type": "MultiPolygon", "coordinates": [[[[23.7197, 47.989], [23.7041, 47.9903], [23.6669, 47.9834], [23.6447, 47.9918], [23.6322, 48.0032], [23.6019, 48.0063], [23.5789, 48.005], [23.5415, 48.0093], [23.5177, 48.0207], [23.4928, 48.0266], [23.4877, 48.0318], [23.4694, 48.0374], [23.4563, 48.0537], [23.4392, 48.0689], [23.4638, 48.089], [23.4667, 48.112], [23.544, 48.126], [23.5521, 48.1555], [23.5444, 48.1715], [23.5311, 48.1919], [23.5543, 48.2121], [23.5753, 48.2278], [23.5914, 48.2565], [23.6159, 48.2732], [23.6598, 48.3141], [23.6829, 48.3171], [23.6774, 48.3411], [23.6945, 48.3582], [23.7332, 48.3748], [23.7528, 48.3883], [23.7718, 48.3888], [23.7942, 48.4044], [23.8027, 48.4366], [23.8261, 48.4675], [23.8413, 48.4981], [23.8597, 48.5476], [23.8687, 48.5564], [23.9058, 48.5622], [23.9253, 48.5464], [23.9144, 48.5329], [23.922, 48.5225], [23.9197, 48.5077], [23.9071, 48.4831], [23.927, 48.4651], [23.9739, 48.4633], [23.9747, 48.4753], [23.9927, 48.4995], [24.0074, 48.5043], [24.0378, 48.5039], [24.0772, 48.5144], [24.101, 48.5257], [24.1315, 48.5286], [24.1239, 48.5148], [24.1421, 48.4809], [24.1291, 48.4597], [24.1286, 48.4478], [24.1438, 48.4277], [24.1533, 48.4012], [24.164, 48.384], [24.1809, 48.3671], [24.159, 48.3363], [24.1448, 48.3131], [24.1637, 48.3075], [24.1564, 48.2981], [24.1618, 48.2732], [24.1414, 48.2644], [24.1308, 48.272], [24.1243, 48.2666], [24.1143, 48.2647], [24.1109, 48.2554], [24.1023, 48.2635], [24.0923, 48.2636], [24.0924, 48.274], [24.0796, 48.2705], [24.0777, 48.2691], [24.0758, 48.2612], [24.0729, 48.2555], [24.0628, 48.2536], [24.0621, 48.259], [24.0508, 48.2601], [24.0415, 48.2589], [24.0313, 48.258], [24.0313, 48.2552], [24.0366, 48.2366], [24.0216, 48.206], [23.9776, 48.1669], [23.9476, 48.12], [23.9411, 48.0995], [23.9474, 48.0867], [23.9408, 48.0536], [23.9092, 48.0508], [23.9123, 48.0272], [23.9671, 47.9859], [23.9932, 48.0074], [23.9864, 47.9846], [23.9501, 47.9625], [23.9414, 47.9478], [23.9125, 47.9462], [23.8769, 47.9409], [23.8639, 47.9322], [23.8532, 47.9382], [23.8508, 47.9369], [23.8391, 47.9476], [23.8325, 47.9578], [23.8305, 47.9723], [23.8062, 47.9847], [23.7696, 47.9954], [23.7472, 47.9962], [23.7197, 47.989]]]]}, "properties": {"name": "Тячівський район", "oblast": "Закарпатська", "pct": 1.1, "eps": 193, "own": 122}}, {"type": "Feature", "geometry": {"type": "MultiPolygon", "coordinates": [[[[28.3316, 49.397], [28.2949, 49.4046], [28.2627, 49.4379], [28.2322, 49.4368], [28.218, 49.4374], [28.169, 49.4463], [28.1443, 49.4528], [28.1018, 49.4587], [28.0792, 49.4651], [28.0496, 49.4525], [28.0311, 49.4507], [28.0266, 49.4532], [27.9874, 49.4551], [27.9847, 49.4665], [27.967, 49.4661], [27.9935, 49.4242], [27.9871, 49.4109], [27.9689, 49.412], [27.9206, 49.4295], [27.8575, 49.4184], [27.8495, 49.4299], [27.8261, 49.4227], [27.7871, 49.4383], [27.7689, 49.4399], [27.7438, 49.4519], [27.7645, 49.4783], [27.7915, 49.4884], [27.7672, 49.4898], [27.7318, 49.4957], [27.7357, 49.5156], [27.7532, 49.5319], [27.7746, 49.5207], [27.7854, 49.5418], [27.7824, 49.5621], [27.7597, 49.5831], [27.7815, 49.5965], [27.8101, 49.6159], [27.8089, 49.6437], [27.7625, 49.6966], [27.8052, 49.7086], [27.8151, 49.7442], [27.8457, 49.7531], [27.9007, 49.7682], [27.9501, 49.7763], [27.9917, 49.7794], [28.096, 49.772], [28.1458, 49.7853], [28.1543, 49.7872], [28.2167, 49.7856], [28.2289, 49.7942], [28.25, 49.8137], [28.2846, 49.7981], [28.3805, 49.7807], [28.4155, 49.8126], [28.469, 49.8236], [28.5278, 49.8205], [28.5535, 49.7909], [28.57, 49.7742], [28.6134, 49.8112], [28.6298, 49.8119], [28.6891, 49.8005], [28.7097, 49.8056], [28.7341, 49.7991], [28.7505, 49.8181], [28.7588, 49.8237], [28.7848, 49.8431], [28.8132, 49.8581], [28.8799, 49.8893], [28.8943, 49.8734], [28.9016, 49.8618], [28.9449, 49.8205], [28.9714, 49.8038], [28.9637, 49.7553], [29.0058, 49.7275], [28.9912, 49.7191], [28.9754, 49.6993], [28.9483, 49.6836], [28.95, 49.6742], [28.9865, 49.6501], [28.9911, 49.6455], [28.9916, 49.6099], [28.9882, 49.5453], [28.9865, 49.5186], [29.0008, 49.4843], [28.9837, 49.4685], [28.957, 49.4532], [28.8747, 49.4615], [28.8678, 49.4517], [28.7964, 49.4383], [28.7649, 49.433], [28.6597, 49.4242], [28.6194, 49.404], [28.6551, 49.3813], [28.6759, 49.3345], [28.6472, 49.3445], [28.6097, 49.3546], [28.5912, 49.3443], [28.5741, 49.3489], [28.5388, 49.3683], [28.5197, 49.3784], [28.4871, 49.39], [28.4754, 49.4012], [28.4501, 49.3693], [28.4327, 49.3622], [28.4125, 49.3653], [28.4007, 49.35], [28.3765, 49.3628], [28.3711, 49.3755], [28.3427, 49.3918], [28.3316, 49.397]]]]}, "properties": {"name": "Хмільницький район", "oblast": "Вінницька", "pct": 5.2, "eps": 557, "own": 334}}, {"type": "Feature", "geometry": {"type": "MultiPolygon", "coordinates": [[[[29.0458, 48.1644], [29.043, 48.1426], [29.0353, 48.1304], [29.0184, 48.1355], [29.0038, 48.1505], [28.984, 48.1451], [28.9329, 48.1261], [28.9285, 48.0952], [28.8741, 48.0736], [28.856, 48.0799], [28.8552, 48.1081], [28.8371, 48.1237], [28.8063, 48.1344], [28.7948, 48.1261], [28.7355, 48.1332], [28.688, 48.1244], [28.6823, 48.1468], [28.6352, 48.1548], [28.6114, 48.1569], [28.5706, 48.1741], [28.5757, 48.1769], [28.5783, 48.181], [28.5637, 48.1748], [28.5624, 48.181], [28.5757, 48.1959], [28.5916, 48.2064], [28.5724, 48.2356], [28.5398, 48.2617], [28.5007, 48.27], [28.5089, 48.3014], [28.5105, 48.3234], [28.4847, 48.3375], [28.469, 48.3516], [28.4495, 48.3758], [28.4513, 48.3938], [28.4621, 48.4206], [28.4265, 48.4215], [28.3811, 48.4224], [28.3853, 48.4456], [28.3527, 48.4682], [28.3278, 48.4898], [28.3519, 48.5146], [28.316, 48.5429], [28.2974, 48.5567], [28.3152, 48.5856], [28.3694, 48.611], [28.4052, 48.6299], [28.3972, 48.6414], [28.4705, 48.6786], [28.466, 48.7069], [28.4365, 48.7346], [28.3987, 48.75], [28.3911, 48.781], [28.3492, 48.8066], [28.356, 48.8292], [28.379, 48.8457], [28.3808, 48.869], [28.3961, 48.8692], [28.4221, 48.8671], [28.4355, 48.8588], [28.4384, 48.8679], [28.4562, 48.8672], [28.489, 48.8483], [28.5312, 48.8432], [28.5322, 48.8552], [28.5211, 48.8731], [28.5269, 48.884], [28.556, 48.8956], [28.5962, 48.8809], [28.6445, 48.9282], [28.6481, 48.913], [28.6331, 48.8974], [28.6558, 48.8886], [28.6808, 48.8707], [28.7146, 48.872], [28.7287, 48.859], [28.7595, 48.8613], [28.7513, 48.876], [28.7916, 48.9031], [28.8105, 48.8727], [28.826, 48.875], [28.8306, 48.8461], [28.8721, 48.8492], [28.8877, 48.8398], [28.8952, 48.8528], [28.9027, 48.86], [28.9189, 48.8655], [28.9189, 48.8877], [28.9374, 48.9138], [28.9687, 48.9036], [28.9702, 48.8955], [28.9644, 48.8738], [28.9918, 48.844], [28.9949, 48.8545], [29.0025, 48.851], [29.0004, 48.8376], [29.0577, 48.8347], [29.0685, 48.8368], [29.0985, 48.838], [29.1431, 48.8185], [29.1214, 48.818], [29.1188, 48.7924], [29.1128, 48.7756], [29.0878, 48.7662], [29.1008, 48.7337], [29.1225, 48.7087], [29.0992, 48.7196], [29.0643, 48.7208], [29.0723, 48.7149], [29.0918, 48.6881], [29.123, 48.6943], [29.131, 48.6845], [29.1486, 48.6726], [29.1751, 48.6607], [29.1584, 48.6308], [29.1651, 48.6137], [29.1458, 48.5942], [29.1546, 48.5779], [29.1484, 48.5763], [29.1262, 48.5784], [29.0748, 48.5889], [29.0693, 48.5808], [29.0588, 48.5764], [29.0706, 48.5737], [29.0741, 48.5664], [29.0608, 48.5672], [29.0122, 48.5593], [29.018, 48.5564], [28.9941, 48.5537], [28.9368, 48.5542], [28.9045, 48.5516], [28.8793, 48.5355], [28.9167, 48.5242], [28.9406, 48.5102], [28.9676, 48.5079], [28.9924, 48.4883], [28.9945, 48.4736], [29.078, 48.4523], [29.0955, 48.427], [29.0426, 48.4149], [29.0402, 48.3619], [29.0544, 48.3299], [29.0956, 48.3317], [29.0896, 48.3182], [29.0999, 48.2938], [29.1073, 48.2885], [29.1122, 48.2749], [29.0958, 48.2491], [29.0745, 48.2246], [29.0628, 48.2109], [29.0626, 48.1915], [29.0607, 48.1866], [29.0589, 48.1794], [29.0458, 48.1644]]]]}, "properties": {"name": "Тульчинський район", "oblast": "Вінницька", "pct": 5.1, "eps": 551, "own": 324}}, {"type": "Feature", "geometry": {"type": "MultiPolygon", "coordinates": [[[[33.6469, 44.9095], [33.676, 44.9122], [33.6924, 44.909], [33.7396, 44.9107], [33.7961, 44.8977], [33.8334, 44.921], [33.8975, 44.9019], [33.9548, 44.8835], [34.0104, 44.8691], [34.0358, 44.8517], [34.0443, 44.83], [34.0292, 44.8255], [34.0039, 44.8307], [34.0545, 44.7829], [34.067, 44.7676], [34.1242, 44.7432], [34.145, 44.7613], [34.1725, 44.7774], [34.2001, 44.779], [34.2257, 44.7791], [34.2284, 44.7982], [34.2703, 44.7767], [34.2759, 44.7586], [34.255, 44.7512], [34.2068, 44.7319], [34.1878, 44.7225], [34.1636, 44.7102], [34.1801, 44.7057], [34.193, 44.6772], [34.2048, 44.6673], [34.2057, 44.6524], [34.2133, 44.6205], [34.2064, 44.5892], [34.1889, 44.5748], [34.185, 44.5717], [34.1426, 44.5573], [34.1179, 44.535], [34.1058, 44.5197], [34.0774, 44.5031], [34.0452, 44.4921], [34.0354, 44.4764], [34.0032, 44.4734], [33.9761, 44.4378], [33.9262, 44.4214], [33.883, 44.4701], [33.8878, 44.4825], [33.863, 44.4771], [33.874, 44.4904], [33.8602, 44.5139], [33.8544, 44.5115], [33.8391, 44.529], [33.8398, 44.5325], [33.8372, 44.5474], [33.8335, 44.5571], [33.8269, 44.5732], [33.811, 44.5745], [33.8043, 44.5808], [33.7937, 44.5842], [33.7849, 44.6063], [33.7594, 44.6042], [33.7288, 44.6041], [33.7218, 44.6315], [33.726, 44.6406], [33.7367, 44.6529], [33.7546, 44.6752], [33.7506, 44.6994], [33.7191, 44.7168], [33.7051, 44.7054], [33.686, 44.7137], [33.6748, 44.7057], [33.6691, 44.7133], [33.6605, 44.7144], [33.6141, 44.7293], [33.6106, 44.7508], [33.6766, 44.7861], [33.5845, 44.8086], [33.5762, 44.8387], [33.6009, 44.8551], [33.6122, 44.9258], [33.6469, 44.9095]]]]}, "properties": {"name": "Бахчисарайський район", "oblast": "", "pct": null, "eps": null, "own": 0}}, {"type": "Feature", "geometry": {"type": "MultiPolygon", "coordinates": [[[[33.8791, 44.4047], [33.853, 44.4052], [33.8222, 44.3999], [33.8067, 44.3967], [33.7883, 44.3901], [33.7712, 44.3893], [33.7855, 44.4007], [33.8009, 44.4012], [33.8173, 44.4098], [33.8932, 44.424], [33.9539, 44.4328], [34.0013, 44.4642], [34.0327, 44.4739], [34.0382, 44.4886], [34.0715, 44.5063], [34.0877, 44.5138], [34.1149, 44.5304], [34.1231, 44.5461], [34.1645, 44.5607], [34.1835, 44.5768], [34.2019, 44.5876], [34.2076, 44.6168], [34.2066, 44.6393], [34.205, 44.6594], [34.2017, 44.6771], [34.1799, 44.693], [34.1669, 44.7081], [34.1732, 44.7182], [34.205, 44.7277], [34.2298, 44.7466], [34.2744, 44.7487], [34.2916, 44.7666], [34.2995, 44.7608], [34.3008, 44.7688], [34.3137, 44.7596], [34.3183, 44.7508], [34.3444, 44.7579], [34.3813, 44.7781], [34.3834, 44.7922], [34.4192, 44.8026], [34.4758, 44.8371], [34.4737, 44.8564], [34.5007, 44.868], [34.5706, 44.8866], [34.6035, 44.8735], [34.5878, 44.8652], [34.6066, 44.8604], [34.6226, 44.8458], [34.6239, 44.8533], [34.6282, 44.8509], [34.6321, 44.8509], [34.6383, 44.8569], [34.642, 44.8617], [34.6504, 44.8798], [34.6754, 44.8775], [34.7014, 44.9009], [34.7289, 44.8874], [34.7226, 44.8486], [34.731, 44.8127], [34.6723, 44.7888], [34.6013, 44.772], [34.5343, 44.7396], [34.4412, 44.6939], [34.3988, 44.6442], [34.3734, 44.6032], [34.3633, 44.5923], [34.351, 44.5784], [34.3475, 44.5573], [34.3383, 44.5476], [34.2977, 44.5484], [34.2851, 44.5421], [34.2728, 44.5257], [34.2325, 44.5038], [34.1918, 44.5005], [34.172, 44.4949], [34.1576, 44.4761], [34.1382, 44.4493], [34.128, 44.4286], [34.1027, 44.4258], [34.0749, 44.4208], [34.0565, 44.417], [34.0401, 44.408], [34.0105, 44.4024], [33.9878, 44.4015], [33.9668, 44.3927], [33.902, 44.4012], [33.8791, 44.4047]]]]}, "properties": {"name": "Ялтинський район", "oblast": "", "pct": null, "eps": null, "own": 0}}, {"type": "Feature", "geometry": {"type": "MultiPolygon", "coordinates": [[[[30.0419, 46.6306], [29.947, 46.6517], [29.9573, 46.6747], [29.9662, 46.7112], [29.9742, 46.7539], [29.9562, 46.7832], [29.9348, 46.8059], [29.9793, 46.8193], [29.9606, 46.8347], [29.9494, 46.8418], [29.905, 46.8201], [29.884, 46.886], [29.7499, 46.861], [29.7183, 46.9321], [29.7011, 46.9233], [29.64, 46.9553], [29.5958, 46.9636], [29.612, 47.1003], [29.5302, 47.0754], [29.4993, 47.1092], [29.5801, 47.1355], [29.581, 47.3442], [29.5773, 47.4175], [29.6193, 47.4455], [29.6075, 47.4574], [29.598, 47.4564], [29.5721, 47.4747], [29.6017, 47.4956], [29.7184, 47.5194], [29.8451, 47.4696], [29.9398, 47.4663], [29.9628, 47.4396], [29.9775, 47.4348], [29.8812, 47.4138], [29.9049, 47.3649], [29.8997, 47.3405], [29.8926, 47.3295], [29.9294, 47.2974], [30.0453, 47.3332], [30.0597, 47.3096], [30.077, 47.2897], [30.0837, 47.2832], [30.0951, 47.2906], [30.1069, 47.2975], [30.1065, 47.2778], [30.135, 47.2407], [30.1383, 47.217], [30.1479, 47.2079], [30.1628, 47.165], [30.1554, 47.1056], [30.1307, 47.0354], [30.2371, 46.9904], [30.2556, 46.9756], [30.3138, 46.968], [30.3334, 46.9526], [30.3095, 46.9395], [30.3581, 46.8999], [30.3725, 46.8425], [30.4621, 46.8274], [30.4716, 46.8094], [30.4841, 46.7928], [30.4936, 46.774], [30.4936, 46.7556], [30.3724, 46.7377], [30.3564, 46.7323], [30.3386, 46.7075], [30.3688, 46.7071], [30.3764, 46.7021], [30.401, 46.6585], [30.368, 46.6272], [30.3443, 46.6154], [30.2762, 46.6468], [30.3229, 46.6757], [30.2487, 46.6875], [30.1524, 46.6285], [30.0419, 46.6306]]]]}, "properties": {"name": "Роздільнянський район", "oblast": "Одеська", "pct": 8.1, "eps": 1297, "own": 900}}, {"type": "Feature", "geometry": {"type": "MultiPolygon", "coordinates": [[[[25.3643, 50.0456], [25.3488, 50.0039], [25.2112, 50.1171], [25.2078, 50.1568], [25.2108, 50.1717], [25.17, 50.2018], [25.1681, 50.2226], [25.1804, 50.2364], [25.2068, 50.247], [25.2066, 50.2798], [25.1546, 50.2898], [25.1133, 50.286], [25.1007, 50.3003], [25.1103, 50.3059], [25.1319, 50.3137], [25.1554, 50.3394], [25.1472, 50.3595], [25.1429, 50.3704], [25.1695, 50.3799], [25.1806, 50.363], [25.1885, 50.3639], [25.2047, 50.3677], [25.2096, 50.375], [25.2059, 50.3868], [25.2024, 50.3922], [25.1705, 50.3956], [25.1697, 50.4075], [25.1705, 50.4192], [25.1528, 50.4277], [25.1401, 50.439], [25.1452, 50.4411], [25.1406, 50.4536], [25.132, 50.4605], [25.0851, 50.4768], [25.1386, 50.4677], [25.156, 50.4763], [25.1465, 50.5207], [25.1213, 50.5423], [25.1908, 50.5517], [25.2307, 50.5415], [25.2543, 50.5325], [25.2916, 50.541], [25.3115, 50.5577], [25.3214, 50.5728], [25.3052, 50.6027], [25.293, 50.6128], [25.327, 50.6128], [25.3701, 50.6096], [25.3844, 50.6077], [25.4039, 50.6112], [25.3868, 50.6255], [25.3858, 50.6298], [25.3789, 50.6346], [25.3634, 50.6439], [25.3545, 50.6491], [25.3659, 50.6532], [25.3801, 50.652], [25.3869, 50.6658], [25.3821, 50.6808], [25.3809, 50.6874], [25.3994, 50.6719], [25.4341, 50.6656], [25.463, 50.6694], [25.4759, 50.6728], [25.5125, 50.6848], [25.5632, 50.6931], [25.5919, 50.7004], [25.5969, 50.7157], [25.6931, 50.7246], [25.7032, 50.6997], [25.7143, 50.6798], [25.7082, 50.6719], [25.7852, 50.671], [25.8181, 50.6326], [25.8106, 50.6049], [25.8349, 50.6048], [25.8651, 50.6047], [25.9028, 50.5927], [25.9181, 50.5704], [25.9493, 50.5395], [25.9912, 50.5353], [25.9732, 50.5213], [25.9893, 50.5149], [26.0019, 50.5098], [26.0257, 50.5047], [26.0819, 50.5377], [26.1021, 50.4992], [26.0832, 50.4794], [26.0583, 50.4448], [26.0701, 50.4171], [26.0619, 50.4046], [26.0614, 50.3815], [26.0123, 50.3853], [25.9639, 50.3915], [25.9251, 50.3924], [25.938, 50.3824], [25.9518, 50.356], [25.9769, 50.3419], [25.9916, 50.3238], [26.0616, 50.2688], [26.0919, 50.2694], [26.1209, 50.2748], [26.1128, 50.242], [26.0113, 50.2288], [26.003, 50.2389], [25.9611, 50.2567], [25.9214, 50.2551], [25.8984, 50.2339], [25.872, 50.2057], [25.8415, 50.1861], [25.7797, 50.1807], [25.7219, 50.1741], [25.6899, 50.179], [25.5955, 50.1698], [25.5009, 50.1563], [25.5024, 50.1644], [25.4483, 50.149], [25.4551, 50.117], [25.4649, 50.0983], [25.459, 50.0826], [25.4382, 50.0727], [25.3891, 50.0484], [25.3643, 50.0456]]]]}, "properties": {"name": "Дубенський район", "oblast": "Рівненська", "pct": 2.3, "eps": 268, "own": 188}}, {"type": "Feature", "geometry": {"type": "MultiPolygon", "coordinates": [[[[27.3637, 51.1416], [27.368, 51.0983], [27.344, 51.0867], [27.3253, 51.0816], [27.3172, 51.0577], [27.2797, 51.0416], [27.222, 51.0279], [27.2156, 51.0093], [27.2027, 50.9917], [27.1632, 51.0124], [27.1413, 51.0252], [27.1413, 51.0512], [27.1115, 51.0608], [26.9733, 51.1339], [26.8705, 51.131], [26.824, 51.1352], [26.7985, 51.1379], [26.7873, 51.1442], [26.7612, 51.1228], [26.7524, 51.1225], [26.7319, 51.1234], [26.7002, 51.1022], [26.6563, 51.1095], [26.6703, 51.1127], [26.663, 51.1455], [26.6385, 51.1606], [26.6333, 51.1821], [26.5954, 51.183], [26.5535, 51.1747], [26.5045, 51.1473], [26.4777, 51.1238], [26.502, 51.1084], [26.533, 51.0888], [26.5024, 51.0876], [26.4855, 51.0845], [26.4674, 51.0932], [26.4573, 51.093], [26.4706, 51.0787], [26.5076, 51.0609], [26.5128, 51.0409], [26.5031, 51.0395], [26.5076, 51.0588], [26.4741, 51.0599], [26.4822, 51.0342], [26.4377, 51.0505], [26.3484, 51.066], [26.3502, 51.0702], [26.3491, 51.0871], [26.3296, 51.0941], [26.3162, 51.094], [26.3052, 51.1032], [26.3013, 51.1114], [26.2865, 51.105], [26.2686, 51.11], [26.247, 51.1164], [26.2388, 51.1175], [26.2242, 51.1134], [26.2107, 51.1368], [26.1967, 51.1527], [26.1967, 51.1591], [26.1561, 51.1722], [26.0818, 51.1696], [26.1071, 51.1925], [26.1143, 51.1953], [26.1112, 51.2047], [26.1282, 51.2133], [26.1565, 51.2324], [26.2756, 51.2528], [26.2488, 51.2676], [26.2145, 51.2836], [26.1933, 51.2907], [26.1929, 51.3092], [26.209, 51.3301], [26.2289, 51.3235], [26.2376, 51.3205], [26.2366, 51.3094], [26.2368, 51.2987], [26.3173, 51.3069], [26.3238, 51.3086], [26.3393, 51.3334], [26.3305, 51.3386], [26.3323, 51.3459], [26.3362, 51.3519], [26.3477, 51.3564], [26.3653, 51.3614], [26.3705, 51.3646], [26.3721, 51.3731], [26.4391, 51.3941], [26.443, 51.4017], [26.4481, 51.4066], [26.4451, 51.4113], [26.447, 51.4189], [26.4276, 51.4293], [26.3638, 51.4372], [26.3594, 51.4647], [26.299, 51.4636], [26.3, 51.4771], [26.3185, 51.4798], [26.3173, 51.4969], [26.3055, 51.4926], [26.3118, 51.5014], [26.2531, 51.5325], [26.2424, 51.5538], [26.2903, 51.5853], [26.259, 51.6618], [26.2185, 51.6752], [26.199, 51.6705], [26.1792, 51.6833], [26.1761, 51.6946], [26.2221, 51.7251], [26.2421, 51.7346], [26.282, 51.7183], [26.3352, 51.7079], [26.3388, 51.7095], [26.3437, 51.7133], [26.3381, 51.7337], [26.3315, 51.7475], [26.3456, 51.757], [26.3596, 51.7688], [26.4126, 51.7674], [26.4685, 51.7876], [26.5546, 51.8044], [26.5928, 51.8297], [26.6457, 51.8234], [26.7084, 51.8107], [26.7526, 51.7996], [26.7527, 51.7948], [26.7595, 51.7894], [26.7561, 51.7816], [26.7552, 51.7794], [26.7561, 51.7744], [26.7631, 51.7756], [26.7888, 51.7663], [26.7935, 51.7565], [26.8469, 51.7661], [26.8849, 51.7497], [26.9117, 51.7471], [26.9964, 51.7699], [27.2078, 51.6644], [27.2727, 51.6468], [27.2409, 51.6021], [27.3447, 51.6061], [27.4159, 51.6056], [27.4545, 51.6202], [27.4828, 51.6149], [27.4813, 51.594], [27.5266, 51.6073], [27.5174, 51.6367], [27.5497, 51.6371], [27.6319, 51.608], [27.6447, 51.6158], [27.6846, 51.6082], [27.7012, 51.6055], [27.7298, 51.5918], [27.6781, 51.5196], [27.6482, 51.5011], [27.5801, 51.478], [27.6028, 51.4199], [27.614, 51.4028], [27.5661, 51.4161], [27.5325, 51.4361], [27.5346, 51.4508], [27.5059, 51.4357], [27.5245, 51.3664], [27.5225, 51.3484], [27.4917, 51.3162], [27.4617, 51.2642], [27.4481, 51.2579], [27.4549, 51.2487], [27.4717, 51.2376], [27.4442, 51.2234], [27.4012, 51.192], [27.3986, 51.1705], [27.3698, 51.1432], [27.3637, 51.1416]]]]}, "properties": {"name": "Сарненський район", "oblast": "Рівненська", "pct": 3.4, "eps": 337, "own": 272}}, {"type": "Feature", "geometry": {"type": "MultiPolygon", "coordinates": [[[[26.1845, 51.2986], [26.2057, 51.2888], [26.2108, 51.2697], [26.2588, 51.2571], [26.275, 51.2506], [26.1476, 51.2249], [26.1121, 51.2089], [26.0839, 51.1968], [26.0579, 51.1863], [25.9448, 51.2359], [25.9455, 51.2441], [25.9367, 51.2563], [25.9358, 51.2624], [25.9316, 51.2707], [25.9375, 51.2775], [25.9241, 51.2792], [25.9153, 51.2863], [25.903, 51.2926], [25.898, 51.2964], [25.8857, 51.3046], [25.8703, 51.3142], [25.8623, 51.3186], [25.8506, 51.3183], [25.8413, 51.3296], [25.8237, 51.3432], [25.8326, 51.363], [25.8442, 51.3757], [25.7915, 51.379], [25.7596, 51.4005], [25.7166, 51.3892], [25.7096, 51.3832], [25.6984, 51.377], [25.705, 51.3849], [25.703, 51.3938], [25.6788, 51.4114], [25.6519, 51.4172], [25.6444, 51.4433], [25.6166, 51.4763], [25.6009, 51.493], [25.5568, 51.5003], [25.5969, 51.5268], [25.5724, 51.556], [25.6025, 51.5831], [25.5635, 51.6033], [25.5433, 51.6171], [25.5686, 51.6331], [25.5885, 51.6449], [25.6061, 51.6419], [25.6241, 51.6635], [25.6387, 51.6809], [25.6487, 51.6988], [25.6631, 51.7188], [25.6713, 51.7385], [25.6797, 51.7554], [25.6554, 51.7661], [25.6601, 51.783], [25.6463, 51.7949], [25.6347, 51.8138], [25.649, 51.8213], [25.6377, 51.837], [25.6547, 51.8621], [25.6596, 51.8704], [25.6809, 51.8998], [25.6287, 51.9046], [25.5974, 51.918], [25.7603, 51.9245], [25.7796, 51.95], [25.8135, 51.9442], [25.8248, 51.9369], [25.8281, 51.9244], [25.8765, 51.9209], [25.9009, 51.9201], [25.9345, 51.9147], [25.9481, 51.9188], [25.9539, 51.9224], [25.9648, 51.9262], [25.9806, 51.929], [26.0023, 51.9305], [26.0936, 51.9123], [26.126, 51.8933], [26.1405, 51.8749], [26.1557, 51.8791], [26.1678, 51.8665], [26.1758, 51.8699], [26.2201, 51.8665], [26.2784, 51.866], [26.3305, 51.8645], [26.3942, 51.8774], [26.4404, 51.8181], [26.4383, 51.7602], [26.4092, 51.7686], [26.3591, 51.7653], [26.3438, 51.756], [26.3247, 51.7493], [26.3389, 51.7244], [26.347, 51.712], [26.3389, 51.7068], [26.2938, 51.713], [26.2788, 51.7287], [26.2367, 51.7338], [26.1956, 51.7011], [26.171, 51.6959], [26.1976, 51.6891], [26.2019, 51.6711], [26.227, 51.672], [26.302, 51.6388], [26.3139, 51.5807], [26.2428, 51.5507], [26.2656, 51.5282], [26.3152, 51.4984], [26.3146, 51.4895], [26.3199, 51.4953], [26.3054, 51.4802], [26.2952, 51.4735], [26.3041, 51.4554], [26.3562, 51.455], [26.3783, 51.4206], [26.4445, 51.423], [26.4453, 51.4155], [26.4446, 51.4081], [26.4496, 51.4049], [26.4445, 51.3983], [26.4254, 51.3892], [26.3721, 51.3731], [26.3705, 51.3646], [26.3653, 51.3614], [26.3477, 51.3564], [26.3362, 51.3519], [26.3323, 51.3459], [26.3305, 51.3386], [26.3393, 51.3334], [26.3238, 51.3086], [26.3173, 51.3069], [26.2368, 51.2987], [26.2366, 51.3094], [26.2363, 51.319], [26.2331, 51.3324], [26.2189, 51.33], [26.2057, 51.3115], [26.1845, 51.2986]]]]}, "properties": {"name": "Вараський район", "oblast": "Рівненська", "pct": 2.8, "eps": 298, "own": 227}}, {"type": "Feature", "geometry": {"type": "MultiPolygon", "coordinates": [[[[26.3261, 50.2308], [26.316, 50.2165], [26.305, 50.1979], [26.2866, 50.1813], [26.2578, 50.1799], [26.213, 50.1849], [26.1914, 50.1941], [26.1847, 50.217], [26.1961, 50.2269], [26.2177, 50.2333], [26.2211, 50.2677], [26.1924, 50.2635], [26.164, 50.2321], [26.1158, 50.2515], [26.1149, 50.2728], [26.0838, 50.2673], [26.0259, 50.2875], [25.9916, 50.3238], [25.9769, 50.3419], [25.9518, 50.356], [25.938, 50.3824], [25.9251, 50.3924], [25.9752, 50.3931], [26.0225, 50.3821], [26.0647, 50.3892], [26.0595, 50.41], [26.0662, 50.4172], [26.0667, 50.4566], [26.0957, 50.4756], [26.1027, 50.5007], [26.0642, 50.5207], [26.0178, 50.5117], [25.9992, 50.5097], [25.9848, 50.513], [25.9789, 50.5266], [25.9864, 50.5389], [25.9044, 50.5645], [25.9119, 50.59], [25.8875, 50.5935], [25.8563, 50.6109], [25.8218, 50.6058], [25.8425, 50.6311], [25.8469, 50.6666], [25.8704, 50.6888], [25.8783, 50.7159], [25.8721, 50.7374], [25.8875, 50.7932], [25.9076, 50.8156], [25.9173, 50.8293], [25.9477, 50.8266], [25.9679, 50.8261], [25.9994, 50.8197], [26.0234, 50.82], [26.0301, 50.8399], [26.0387, 50.8515], [26.0131, 50.8655], [25.9898, 50.8672], [26.0011, 50.9351], [25.9897, 50.9609], [26.0542, 50.9716], [26.0862, 51.0029], [26.0463, 51.068], [25.998, 51.0788], [25.9418, 51.0832], [25.9452, 51.0933], [25.9376, 51.1145], [25.9832, 51.1222], [26.0078, 51.1412], [26.0408, 51.1384], [26.0675, 51.1494], [26.0602, 51.1643], [26.0668, 51.1762], [26.0714, 51.1959], [26.0894, 51.1997], [26.1112, 51.2047], [26.1143, 51.1953], [26.1071, 51.1925], [26.0818, 51.1696], [26.1561, 51.1722], [26.1967, 51.1591], [26.1967, 51.1527], [26.2107, 51.1368], [26.2242, 51.1134], [26.2388, 51.1175], [26.247, 51.1164], [26.2686, 51.11], [26.2865, 51.105], [26.3013, 51.1114], [26.3052, 51.1032], [26.3162, 51.094], [26.3296, 51.0941], [26.3491, 51.0871], [26.3502, 51.0702], [26.3484, 51.066], [26.4377, 51.0505], [26.4822, 51.0342], [26.4741, 51.0599], [26.5076, 51.0588], [26.5031, 51.0395], [26.5128, 51.0409], [26.5076, 51.0609], [26.4706, 51.0787], [26.4573, 51.093], [26.4674, 51.0932], [26.4855, 51.0845], [26.5024, 51.0876], [26.533, 51.0888], [26.502, 51.1084], [26.4777, 51.1238], [26.5045, 51.1473], [26.5535, 51.1747], [26.5965, 51.1833], [26.6321, 51.1648], [26.6433, 51.1549], [26.6595, 51.1347], [26.6706, 51.1095], [26.6562, 51.1045], [26.7219, 51.106], [26.7426, 51.1246], [26.7525, 51.1276], [26.7675, 51.1225], [26.7913, 51.1435], [26.8022, 51.134], [26.8248, 51.1392], [26.8893, 51.131], [27.0701, 51.0866], [27.1276, 51.0561], [27.1337, 51.0385], [27.1478, 51.0248], [27.1717, 51.0008], [27.2246, 50.9674], [27.2274, 50.9519], [27.2344, 50.9381], [27.2171, 50.9255], [27.2216, 50.9158], [27.2339, 50.9124], [27.2333, 50.9058], [27.2444, 50.8843], [27.2507, 50.8589], [27.2331, 50.84], [27.2391, 50.8139], [27.2344, 50.7961], [27.2433, 50.7748], [27.2611, 50.7628], [27.2675, 50.7522], [27.2726, 50.735], [27.2723, 50.7134], [27.2517, 50.6933], [27.2449, 50.6742], [27.2207, 50.6704], [27.2029, 50.6601], [27.2099, 50.6421], [27.2017, 50.6305], [27.2019, 50.6172], [27.226, 50.6062], [27.2326, 50.5664], [27.1322, 50.5607], [27.1311, 50.588], [27.113, 50.5929], [27.0873, 50.5805], [27.0782, 50.577], [27.077, 50.5557], [27.018, 50.5592], [26.9822, 50.5238], [26.9077, 50.5412], [26.8737, 50.5224], [26.8434, 50.5132], [26.8257, 50.5214], [26.7968, 50.5018], [26.7775, 50.5002], [26.776, 50.49], [26.7693, 50.4857], [26.7679, 50.4783], [26.7752, 50.4717], [26.7907, 50.4732], [26.7803, 50.4663], [26.7719, 50.4652], [26.7659, 50.4605], [26.7415, 50.4622], [26.7457, 50.4799], [26.7282, 50.4582], [26.7249, 50.4445], [26.712, 50.4164], [26.661, 50.3918], [26.6019, 50.368], [26.5745, 50.3358], [26.5634, 50.3202], [26.5468, 50.3083], [26.5201, 50.3042], [26.5177, 50.2971], [26.5162, 50.2907], [26.5145, 50.2835], [26.5005, 50.2813], [26.4937, 50.2748], [26.5051, 50.2641], [26.4863, 50.2658], [26.4529, 50.2598], [26.4275, 50.2622], [26.3847, 50.2598], [26.3688, 50.2523], [26.3496, 50.2387], [26.3261, 50.2308]]]]}, "properties": {"name": "Рівненський район", "oblast": "Рівненська", "pct": 2.8, "eps": 316, "own": 245}}, {"type": "Feature", "geometry": {"type": "MultiPolygon", "coordinates": [[[[34.7144, 50.1509], [34.6994, 50.1492], [34.6965, 50.1327], [34.7008, 50.1224], [34.6999, 50.1113], [34.6802, 50.115], [34.6808, 50.1302], [34.6758, 50.1321], [34.6685, 50.12], [34.6628, 50.1106], [34.651, 50.1127], [34.623, 50.1178], [34.5937, 50.1277], [34.5725, 50.121], [34.5507, 50.1326], [34.5385, 50.1415], [34.537, 50.1711], [34.536, 50.1885], [34.5712, 50.2265], [34.5629, 50.2312], [34.5551, 50.2387], [34.5349, 50.2488], [34.5338, 50.2433], [34.5141, 50.254], [34.5197, 50.2547], [34.5214, 50.2619], [34.5119, 50.2756], [34.5014, 50.2861], [34.4, 50.3191], [34.3833, 50.3535], [34.3893, 50.3675], [34.4063, 50.3766], [34.4559, 50.3863], [34.4854, 50.3887], [34.4927, 50.4135], [34.514, 50.45], [34.5612, 50.4497], [34.5848, 50.4641], [34.6042, 50.4765], [34.6333, 50.491], [34.6414, 50.496], [34.6716, 50.5053], [34.7121, 50.522], [34.7277, 50.5356], [34.734, 50.5547], [34.7649, 50.5631], [34.7811, 50.5855], [34.7908, 50.5988], [34.8467, 50.6213], [34.8789, 50.6533], [34.8825, 50.6682], [34.9036, 50.6757], [34.928, 50.6957], [34.943, 50.7164], [34.9385, 50.7177], [34.9343, 50.723], [34.9366, 50.7277], [34.9229, 50.7307], [34.9203, 50.7451], [34.9262, 50.7504], [34.9436, 50.7425], [34.9624, 50.7371], [34.9722, 50.7492], [35.0086, 50.7427], [35.0505, 50.7315], [35.0623, 50.7284], [35.0768, 50.7114], [35.0756, 50.6997], [35.0648, 50.6937], [35.0481, 50.7029], [35.0324, 50.7], [35.0365, 50.695], [35.0272, 50.699], [35.0237, 50.6911], [35.0206, 50.6814], [35.0311, 50.6767], [35.0432, 50.6877], [35.0545, 50.6839], [35.0598, 50.684], [35.0922, 50.6747], [35.1214, 50.6722], [35.1497, 50.6791], [35.1699, 50.6733], [35.1924, 50.6693], [35.2027, 50.6484], [35.1852, 50.6375], [35.1779, 50.6313], [35.1726, 50.6195], [35.1693, 50.5978], [35.1506, 50.5914], [35.1878, 50.5709], [35.2316, 50.5719], [35.2723, 50.5814], [35.2709, 50.5713], [35.2746, 50.5668], [35.2729, 50.5622], [35.271, 50.5526], [35.2649, 50.5438], [35.2595, 50.5358], [35.2726, 50.5284], [35.2643, 50.5177], [35.2944, 50.5275], [35.2992, 50.5395], [35.3037, 50.5439], [35.3175, 50.5248], [35.3348, 50.546], [35.3915, 50.5377], [35.3984, 50.5483], [35.439, 50.5426], [35.444, 50.5295], [35.4595, 50.5084], [35.4629, 50.5047], [35.5075, 50.4766], [35.5378, 50.4594], [35.5553, 50.4538], [35.5695, 50.4555], [35.5878, 50.4309], [35.5939, 50.3924], [35.6011, 50.3669], [35.6586, 50.351], [35.6819, 50.347], [35.6819, 50.3354], [35.6611, 50.3259], [35.6509, 50.3096], [35.5925, 50.3306], [35.5167, 50.3174], [35.5317, 50.2984], [35.4963, 50.2931], [35.4394, 50.3168], [35.4095, 50.3215], [35.3809, 50.3113], [35.33, 50.3186], [35.297, 50.2892], [35.3161, 50.2704], [35.2611, 50.2575], [35.2604, 50.235], [35.1998, 50.2351], [35.1924, 50.2287], [35.1278, 50.2259], [35.0702, 50.2067], [35.0726, 50.195], [35.0618, 50.1868], [35.0582, 50.1834], [35.0427, 50.1654], [35.0316, 50.1804], [34.9978, 50.1832], [34.9744, 50.1589], [34.858, 50.1622], [34.834, 50.1569], [34.8008, 50.1598], [34.7827, 50.1535], [34.7511, 50.1468], [34.7509, 50.1528], [34.7497, 50.158], [34.7214, 50.1572], [34.7144, 50.1509]], [[34.5095, 50.2853], [34.5082, 50.2877], [34.5099, 50.2912], [34.5082, 50.2877], [34.5095, 50.2853]]]]}, "properties": {"name": "Охтирський район", "oblast": "Сумська", "pct": 48.6, "eps": 2909, "own": 2444}}, {"type": "Feature", "geometry": {"type": "MultiPolygon", "coordinates": [[[[33.7283, 50.9809], [33.7025, 50.9643], [33.6591, 50.9689], [33.6692, 50.9847], [33.6333, 51.0094], [33.6187, 51.0237], [33.5176, 51.0293], [33.5055, 51.0043], [33.5082, 50.9854], [33.4676, 50.9883], [33.4601, 50.9872], [33.4168, 50.969], [33.4183, 50.9633], [33.3429, 50.9761], [33.2218, 50.9721], [33.1877, 50.963], [33.1393, 50.9685], [33.1177, 51.0069], [33.0511, 50.9877], [33.0507, 51.0118], [33.0645, 51.0226], [33.0846, 51.0395], [33.0697, 51.0701], [32.9983, 51.085], [32.9446, 51.0915], [32.9858, 51.1832], [32.9983, 51.1996], [33.0422, 51.206], [33.07, 51.2553], [33.0675, 51.269], [33.0714, 51.2826], [33.0736, 51.2842], [33.0758, 51.2899], [33.0639, 51.2864], [33.0502, 51.2888], [33.0538, 51.2951], [33.0514, 51.2975], [33.0464, 51.3041], [33.0657, 51.3061], [33.0757, 51.3126], [33.0686, 51.3335], [33.0645, 51.3483], [33.0508, 51.3447], [33.0463, 51.3425], [33.0357, 51.3578], [33.0384, 51.3692], [33.0393, 51.4009], [33.0458, 51.4114], [33.052, 51.3967], [33.0383, 51.391], [33.0635, 51.3798], [33.0838, 51.3681], [33.0886, 51.3676], [33.1075, 51.3658], [33.1083, 51.3758], [33.1089, 51.382], [33.0903, 51.3878], [33.1137, 51.3863], [33.1221, 51.3807], [33.1371, 51.3954], [33.119, 51.4044], [33.1126, 51.4292], [33.1347, 51.4742], [33.1395, 51.497], [33.1558, 51.4935], [33.1921, 51.5068], [33.1883, 51.5372], [33.1576, 51.5556], [33.158, 51.5698], [33.192, 51.573], [33.2223, 51.581], [33.1585, 51.6067], [33.1543, 51.6417], [33.1298, 51.6432], [33.1359, 51.6587], [33.1472, 51.6696], [33.1418, 51.6781], [33.1655, 51.6795], [33.1864, 51.6841], [33.2019, 51.6768], [33.2368, 51.6595], [33.2478, 51.6657], [33.2827, 51.6773], [33.2849, 51.6839], [33.3093, 51.6787], [33.3487, 51.6911], [33.3772, 51.7069], [33.4136, 51.7148], [33.4541, 51.7133], [33.4681, 51.7096], [33.4905, 51.7069], [33.5091, 51.7137], [33.5101, 51.7004], [33.5301, 51.6936], [33.5563, 51.6724], [33.604, 51.6708], [33.6799, 51.6408], [33.7331, 51.6076], [33.726, 51.5767], [33.7435, 51.5599], [33.7576, 51.5423], [33.7566, 51.5344], [33.7711, 51.5255], [33.7954, 51.5138], [33.8345, 51.513], [33.8545, 51.5039], [33.8731, 51.5047], [33.8789, 51.4996], [33.8973, 51.4887], [33.8875, 51.4718], [33.8935, 51.4634], [33.9154, 51.4631], [33.94, 51.4748], [33.9557, 51.4786], [33.9545, 51.4669], [33.9721, 51.4672], [33.9983, 51.4772], [33.9874, 51.4961], [33.9908, 51.51], [34.024, 51.5251], [34.0449, 51.5269], [34.0632, 51.5282], [34.0885, 51.5159], [34.1111, 51.5114], [34.1476, 51.5068], [34.178, 51.5216], [34.1868, 51.495], [34.2268, 51.5014], [34.291, 51.4858], [34.2753, 51.4753], [34.2648, 51.4699], [34.2447, 51.4564], [34.2553, 51.4398], [34.2222, 51.4287], [34.2265, 51.4094], [34.2458, 51.4021], [34.2579, 51.3963], [34.2731, 51.3871], [34.2925, 51.3881], [34.3021, 51.3751], [34.308, 51.373], [34.3368, 51.3655], [34.3378, 51.3591], [34.3168, 51.3433], [34.3176, 51.3367], [34.3149, 51.329], [34.3082, 51.336], [34.2816, 51.3353], [34.2807, 51.3179], [34.278, 51.3127], [34.2581, 51.3024], [34.2505, 51.2988], [34.2441, 51.2941], [34.2553, 51.2818], [34.2329, 51.2732], [34.2318, 51.2677], [34.219, 51.2595], [34.211, 51.2549], [34.1977, 51.2485], [34.1828, 51.2505], [34.1732, 51.2447], [34.1577, 51.242], [34.1509, 51.2396], [34.1509, 51.2354], [34.1436, 51.2238], [34.13, 51.1844], [34.1184, 51.1545], [34.1301, 51.142], [34.0809, 51.1186], [34.0219, 51.0783], [34.0203, 51.0747], [33.9894, 51.0705], [33.9642, 51.0693], [33.9692, 51.05], [33.9683, 51.0371], [33.9455, 51.0217], [33.9202, 51.0099], [33.9081, 51.0082], [33.8942, 50.9903], [33.8532, 50.9935], [33.8221, 50.9846], [33.8004, 50.9816], [33.7812, 50.9839], [33.7591, 50.9855], [33.7283, 50.9809]]]]}, "properties": {"name": "Конотопський район", "oblast": "Сумська", "pct": 53.1, "eps": 3054, "own": 2669}}, {"type": "Feature", "geometry": {"type": "MultiPolygon", "coordinates": [[[[34.3086, 51.5151], [34.2977, 51.4921], [34.2534, 51.5016], [34.1908, 51.4958], [34.189, 51.5153], [34.1489, 51.5096], [34.1295, 51.5059], [34.0935, 51.512], [34.0831, 51.5141], [34.0404, 51.5374], [34.027, 51.5186], [34.0053, 51.5121], [33.9854, 51.5015], [34.0012, 51.4822], [33.9819, 51.4685], [33.9549, 51.4626], [33.9572, 51.477], [33.9424, 51.4776], [33.9229, 51.4647], [33.8912, 51.4638], [33.8801, 51.4803], [33.8976, 51.4963], [33.8812, 51.5055], [33.8646, 51.5063], [33.8479, 51.4976], [33.8063, 51.5109], [33.7839, 51.5173], [33.7578, 51.5324], [33.7497, 51.5389], [33.7416, 51.5537], [33.7381, 51.564], [33.7428, 51.5846], [33.6679, 51.6379], [33.6405, 51.645], [33.5832, 51.6596], [33.542, 51.6877], [33.5131, 51.7011], [33.5148, 51.7099], [33.4861, 51.7097], [33.4791, 51.7081], [33.4651, 51.7151], [33.4327, 51.7147], [33.391, 51.7068], [33.3553, 51.6959], [33.3133, 51.6784], [33.2954, 51.6795], [33.2884, 51.6772], [33.2572, 51.6657], [33.2369, 51.6657], [33.2112, 51.6668], [33.1979, 51.6841], [33.1865, 51.673], [33.1526, 51.6814], [33.1462, 51.6917], [33.1688, 51.6925], [33.1544, 51.705], [33.138, 51.7257], [33.0953, 51.7599], [33.0919, 51.7744], [33.078, 51.7752], [33.092, 51.7838], [33.1178, 51.8017], [33.1332, 51.8161], [33.1362, 51.834], [33.1303, 51.8444], [33.1257, 51.8538], [33.1242, 51.863], [33.1339, 51.871], [33.1432, 51.8756], [33.1802, 51.8854], [33.172, 51.9003], [33.1875, 51.9111], [33.2154, 51.9115], [33.2245, 51.9076], [33.2312, 51.9091], [33.2379, 51.9163], [33.2523, 51.9236], [33.257, 51.9251], [33.292, 51.9242], [33.2971, 51.9344], [33.3175, 51.9366], [33.3312, 51.9298], [33.3576, 51.9391], [33.3715, 51.9463], [33.3781, 51.9546], [33.3955, 51.9615], [33.3719, 51.9731], [33.3673, 51.9809], [33.3486, 51.985], [33.3473, 51.9986], [33.3271, 52.0082], [33.3022, 52.0148], [33.3169, 52.0176], [33.3167, 52.0314], [33.3682, 52.0418], [33.4019, 52.0509], [33.4277, 52.0243], [33.5004, 52.0389], [33.4911, 52.0833], [33.4464, 52.0897], [33.434, 52.1088], [33.3434, 52.145], [33.343, 52.1378], [33.3225, 52.1431], [33.3366, 52.1621], [33.3281, 52.1702], [33.3177, 52.1826], [33.3104, 52.1855], [33.3189, 52.1883], [33.3215, 52.1959], [33.325, 52.2087], [33.3145, 52.2159], [33.3243, 52.2214], [33.3332, 52.2155], [33.3536, 52.2221], [33.3622, 52.2382], [33.357, 52.2517], [33.3637, 52.2554], [33.3824, 52.267], [33.3866, 52.2724], [33.3772, 52.2763], [33.3861, 52.2797], [33.382, 52.2839], [33.3906, 52.2907], [33.3941, 52.3022], [33.4018, 52.3052], [33.388, 52.315], [33.4038, 52.322], [33.4469, 52.3422], [33.4445, 52.3574], [33.4507, 52.3602], [33.4999, 52.3551], [33.5197, 52.3519], [33.5131, 52.3359], [33.4884, 52.3225], [33.4879, 52.3106], [33.5257, 52.3074], [33.5658, 52.3096], [33.5448, 52.3206], [33.5775, 52.3107], [33.5865, 52.3222], [33.634, 52.3377], [33.6634, 52.3448], [33.678, 52.355], [33.7012, 52.3597], [33.717, 52.3629], [33.7482, 52.357], [33.8022, 52.3665], [33.8355, 52.3611], [33.8398, 52.3463], [33.8547, 52.3339], [33.8756, 52.3058], [33.9077, 52.3028], [33.9219, 52.3046], [33.9327, 52.2901], [33.9455, 52.2752], [33.9369, 52.2498], [33.9581, 52.2452], [33.9693, 52.2339], [34.0005, 52.2272], [34.0003, 52.2092], [34.0529, 52.2016], [34.065, 52.183], [34.0893, 52.1547], [34.111, 52.1229], [34.0889, 52.1062], [34.0967, 52.0911], [34.0625, 52.0735], [34.0837, 52.0575], [34.094, 52.0471], [34.0954, 52.0322], [34.0937, 52.0129], [34.1044, 52.0043], [34.1269, 52.0066], [34.1296, 51.9847], [34.1429, 51.9682], [34.1921, 51.9595], [34.2042, 51.941], [34.2197, 51.9205], [34.2615, 51.9094], [34.2542, 51.8938], [34.2634, 51.8788], [34.3069, 51.884], [34.325, 51.8763], [34.3642, 51.8578], [34.367, 51.8501], [34.3782, 51.8437], [34.391, 51.8351], [34.4147, 51.8197], [34.4166, 51.8082], [34.4091, 51.7925], [34.4246, 51.7736], [34.4312, 51.7683], [34.4357, 51.7619], [34.4354, 51.7497], [34.4257, 51.7285], [34.4077, 51.7183], [34.3912, 51.718], [34.3386, 51.7138], [34.3053, 51.7182], [34.28, 51.7057], [34.2621, 51.7012], [34.2207, 51.7028], [34.2049, 51.694], [34.1926, 51.6963], [34.1877, 51.6956], [34.1602, 51.686], [34.1467, 51.6874], [34.1278, 51.6892], [34.1124, 51.6799], [34.0989, 51.6767], [34.0888, 51.6699], [34.0867, 51.6625], [34.1063, 51.658], [34.1303, 51.643], [34.1674, 51.6456], [34.2109, 51.6], [34.2166, 51.5749], [34.249, 51.5763], [34.2502, 51.5546], [34.26, 51.5335], [34.2951, 51.5327], [34.3086, 51.5151]]]]}, "properties": {"name": "Шосткинський район", "oblast": "Сумська", "pct": 57.0, "eps": 2969, "own": 2536}}]}