settlement,oblast,raion,lat,lon,mentions,jet_share,first_seen,last_seen
Харків,Харківська,Харківський,49.9923181,36.2310146,558,0.054,2022-07-05,2026-08-31
Суми,Сумська,Сумський,50.9119775,34.8027723,546,0.04,2022-03-27,2026-08-31
Київ,м. Київ,,50.4501,30.5234,491,0.308,2022-03-10,2026-09-02
Павлоград,Дніпропетровська,Павлоградський,48.5316759,35.8703695,338,0.098,2023-10-19,2026-09-01
Запоріжжя,Запорізька,Запорізький,47.8507859,35.1182867,337,0.053,2023-10-16,2026-08-31
Одеса,Одеська,Одеський,46.4843023,30.7322878,336,0.128,2022-03-18,2026-09-02
Дніпро,Дніпропетровська,Дніпровський,48.4680221,35.0417711,310,0.097,2022-03-12,2026-09-01
Чернігів,Чернігівська,Чернігівський,51.494099,31.294332,193,0.166,2022-03-13,2026-08-29
Кривий Ріг,Дніпропетровська,Криворізький,47.9102734,33.3917703,163,0.117,2023-09-24,2026-08-29
Чорноморськ,Одеська,Одеський,46.3020943,30.653466,125,0.208,2024-05-01,2026-09-02
Конотоп,Сумська,Конотопський,51.2397495,33.206675,124,0.121,2024-07-03,2026-08-30
Шостка,Сумська,Шосткинський,51.8643223,33.4728213,120,0.025,2024-03-14,2026-08-26
Миргород,Полтавська,Миргородський,49.9658333,33.6113889,115,0.096,2023-08-28,2026-08-29
Бровари,Київська,Броварський,50.5111168,30.7900482,105,0.352,2024-07-30,2026-09-02
Кременчук,Полтавська,Кременчуцький,49.0629553,33.403516,100,0.05,2024-01-13,2026-08-29
Синельникове,Дніпропетровська,Синельниківський,48.3269304,35.5246984,100,0.04,2022-09-28,2026-08-25
Ніжин,Чернігівська,Ніжинський,51.0464747,31.8806289,95,0.147,2024-03-31,2026-08-31
Затока,Одеська,Білгород-Дністровський,46.1458339,30.5255473,91,0.121,2024-10-01,2026-08-31
Чугуїв,Харківська,Чугуївський,49.8363648,36.6898157,91,0.022,2023-12-04,2026-08-16
Мена,Чернігівська,Корюківський,51.52279,32.21638,88,0.068,2025-01-23,2026-08-15
Сновськ,Чернігівська,Корюківський,51.8187527,31.9448953,83,0.096,2025-09-17,2026-08-24
Полтава,Полтавська,Полтавський,49.5897423,34.5507948,82,0.11,2023-11-10,2026-08-27
Білгород-Дністровський,Одеська,Білгород-Дністровський,46.1909823,30.345784,81,0.037,2023-08-05,2026-08-28
Миколаїв,Миколаївська,Миколаївський,46.9758615,31.9939666,72,0.181,2023-09-30,2026-08-30
Охтирка,Сумська,Охтирський,50.3115386,34.8868923,70,0.114,2022-03-04,2026-08-26
Кролевець,Сумська,Конотопський,51.5548654,33.3875984,67,0.119,2025-10-26,2026-08-16
Житомир,Житомирська,Житомирський,50.2598298,28.6692345,61,0.098,2024-05-26,2026-08-09
Ромни,Сумська,Роменський,50.74207,33.4877,61,0.098,2024-11-03,2026-08-22
Холми,Чернігівська,Корюківський,51.872562,32.595619,60,0.017,2025-08-16,2026-08-26
Кропивницький,Кіровоградська,Кропивницький,48.5105805,32.2656283,59,0.102,2022-03-14,2026-08-30
Богодухів,Харківська,Богодухівський,50.1601711,35.5220539,58,0.103,2025-10-23,2026-08-22
Запоріжжя,Дніпропетровська,Кам’янський,48.4124318,33.7016613,58,0.103,2024-04-08,2026-08-23
Чорноморське,Одеська,Одеський,46.5849122,30.9334115,57,0.211,2024-12-27,2026-08-25
Ізмаїл,Одеська,Ізмаїльський,45.3511307,28.8361514,56,0.071,2023-09-04,2026-08-30
Бориспіль,Київська,Бориспільський,50.3512101,30.95077,55,0.309,2024-02-07,2026-09-01
Ізюм,Харківська,Ізюмський,49.1913721,37.2784125,54,0.056,2022-03-12,2026-08-21
Кривий,Закарпатська,Хустський,48.1764917,23.291166,54,0.13,2024-12-19,2026-08-21
Очаків,Миколаївська,Миколаївський,46.6145957,31.5452994,51,0.176,2022-06-21,2026-08-21
Татарбунари,Одеська,Білгород-Дністровський,45.8398696,29.6166537,51,0.137,2023-12-22,2026-08-22
Балаклія,Харківська,Ізюмський,49.4521336,36.8397826,49,0.102,2025-05-16,2026-08-16
Кам'янське,Дніпропетровська,Криворізький,47.9559565,33.525732,48,0.167,2024-02-21,2026-08-17
Новомосковськ,Дніпропетровська,Новомосковський,48.6358512,35.2595541,48,0.042,2024-02-29,2026-08-03
Петропавлівка,Дніпропетровська,Синельниківський,48.45863,36.42483,48,0.0,2025-09-08,2026-08-24
Південне,Одеська,Білгород-Дністровський,46.337597,29.986652,48,0.188,2023-10-05,2026-08-26
Вінниця,Вінницька,Вінницький,49.2320162,28.467975,47,0.128,2022-10-12,2026-09-02
Лозова,Харківська,Лозівський,48.8842428,36.3160254,47,0.106,2022-07-06,2026-08-18
Вилкове,Одеська,Ізмаїльський,45.40306,29.58309,46,0.196,2024-07-24,2026-08-31
Нікополь,Дніпропетровська,Нікопольський,47.5692061,34.3917272,46,0.022,2024-03-29,2026-08-10
Полтава,Харківська,Куп’янський,49.6949729,37.1753112,46,0.152,2024-12-25,2026-08-28
Путивль,Сумська,Конотопський,51.3359821,33.8715451,46,0.109,2025-10-28,2026-08-30
Снігурівка,Миколаївська,Баштанський,47.070721,32.7924643,46,0.065,2025-10-04,2026-08-25
Шахтарське,Дніпропетровська,Синельниківський,48.4043673,35.275539,45,0.044,2025-10-19,2026-09-02
Коростень,Житомирська,Коростенський,51.0060511,28.5875505,44,0.182,2025-12-21,2026-08-31
Буринь,Сумська,Конотопський,51.1960431,33.8288042,42,0.095,2025-10-16,2026-08-30
Миколаїв,Чернігівська,Ніжинський,50.7415033,31.3860852,41,0.317,2024-01-02,2026-08-31
Слава,Чернігівська,Корюківський,51.8187527,31.9448953,41,0.268,2025-10-02,2026-08-21
Херсон,Херсонська,Херсонський,46.6412644,32.625794,41,0.122,2022-12-10,2026-08-29
Васильківка,Дніпропетровська,Синельниківський,48.21041,36.03035,38,0.053,2025-04-15,2026-08-30
Кременівка,Дніпропетровська,Новомосковський,49.118382,34.773186,38,0.0,2024-03-30,2026-08-21
Лебедин,Сумська,Сумський,50.5814148,34.4761301,37,0.054,2025-05-25,2026-08-30
Старий Салтів,Харківська,Чугуївський,50.0760423,36.7936724,37,0.108,2025-10-28,2026-08-23
Вишгород,Київська,Вишгородський,50.5824332,30.485121,36,0.222,2024-12-05,2026-08-29
Васильків,Київська,Обухівський,50.17387,30.32158,35,0.229,2022-02-28,2026-08-31
Вільнянськ,Запорізька,Запорізький,47.9433,35.43159,35,0.057,2025-05-01,2026-07-31
Корюківка,Чернігівська,Корюківський,51.77444,32.2514,35,0.0,2025-09-16,2026-08-24
Городня,Чернігівська,Прилуцький,50.8623444,32.3910144,34,0.176,2025-10-28,2026-08-21
Ічня,Чернігівська,Прилуцький,50.8623444,32.3910144,33,0.182,2025-10-06,2026-08-23
Білопілля,Сумська,Сумський,51.1460449,34.3121992,31,0.129,2024-05-08,2026-08-26
Глухів,Сумська,Шосткинський,51.67831,33.9093,31,0.0,2024-07-22,2026-08-16
Старокостянтинів,Хмельницька,Хмельницький,49.756163,27.2087889,31,0.0,2023-08-05,2026-05-23
Терни,Сумська,Роменський,50.8358991,33.8782826,31,0.29,2025-07-29,2026-08-26
Борзна,Чернігівська,Ніжинський,51.2534475,32.4263156,30,0.033,2025-07-15,2026-08-16
Диканька,Полтавська,Полтавський,49.8227778,34.5386111,30,0.2,2025-10-26,2026-08-27
Лозове,Дніпропетровська,Синельниківський,48.45863,36.42483,30,0.133,2025-07-20,2026-08-28
Черкаси,Черкаська,Черкаський,49.4302723,32.0447228243568,30,0.167,2023-08-15,2026-08-29
Комишуваха,Запорізька,Запорізький,47.7141975,35.5322725,28,0.071,2022-05-15,2026-08-09
Краматорськ,Донецька,Краматорський,48.7389415,37.5843812,28,0.107,2022-07-09,2026-08-02
Батурин,Чернігівська,Ніжинський,51.3413087,32.8778317,27,0.037,2024-11-19,2026-08-02
Бахмач,Чернігівська,Ніжинський,51.1801374,32.8165107,27,0.148,2025-08-12,2026-08-24
Баштанка,Миколаївська,Баштанський,47.4033486,32.4388921,27,0.074,2024-05-08,2026-08-27
Лубни,Полтавська,Лубенський,50.0118206,33.0030821,27,0.111,2023-11-18,2026-09-02
Печеніги,Харківська,Чугуївський,49.865444,36.9391629,27,0.037,2026-01-25,2026-08-16
Тростянець,Сумська,Охтирський,50.48046,34.96467,27,0.074,2025-09-30,2026-08-22
Новгород-Сіверський,Чернігівська,Новгород-Сіверський,52.004259,33.2779899,26,0.0,2025-07-15,2026-08-17
Вільшани,Харківська,Харківський,49.984881,36.0681717,25,0.0,2025-12-01,2026-07-12
Гадяч,Полтавська,Миргородський,50.3701299,33.9950534,25,0.08,2022-03-04,2026-08-14
Гончарівське,Чернігівська,Чернігівський,51.2990164,30.9276044,25,0.08,2025-08-13,2026-08-18
Прилуки,Чернігівська,Прилуцький,50.5950864,32.3866658,25,0.04,2024-10-03,2026-07-26
Чаплине,Дніпропетровська,Синельниківський,48.238911,36.217121,25,0.04,2025-07-20,2026-08-16
Черкас,Київська,Білоцерківський,49.694134,30.082663,25,0.12,2024-08-22,2026-08-27
Луцьк,Волинська,Луцький,50.7450733,25.320078,24,0.083,2024-01-13,2026-08-28
Пирятин,Полтавська,Лубенський,50.2361111,32.5011111,24,0.125,2024-11-28,2026-08-06
Канів,Черкаська,Черкаський,49.7551031,31.4610802,23,0.043,2023-11-17,2026-08-27
Полтавка,Сумська,Конотопський,51.132481,33.37846,23,0.0,2023-11-15,2026-05-03
Славгород,Дніпропетровська,Синельниківський,48.1009562,35.5171714,23,0.0,2025-06-01,2026-08-03
Яготин,Київська,Бориспільський,50.2758913,31.7634861,23,0.087,2025-04-26,2026-08-18
Обухів,Київська,Обухівський,50.1101633,30.6269696,22,0.273,2023-11-25,2026-09-02
Чернігівка,Дніпропетровська,Дніпровський,48.18399,34.565262,22,0.0,2024-12-18,2026-08-17
Південне,Харківська,Харківський,49.984881,36.0681717,21,0.143,2024-10-27,2026-08-22
Седнів,Чернігівська,Чернігівський,51.64209,31.562403,21,0.0,2025-10-29,2026-08-18
Умань,Черкаська,Уманський,48.7497621,30.2203052,21,0.0,2023-08-29,2026-05-13
Барвінкове,Харківська,Ізюмський,48.9070045,37.0287573,20,0.2,2025-11-09,2026-08-25
Волиця,Волинська,Володимир-Волинський,50.6282366,24.4638426,20,0.05,2024-09-04,2026-08-28
Полтавка,Дніпропетровська,Криворізький,47.66556,33.1152,20,0.0,2024-10-30,2026-06-20
Ріпки,Чернігівська,Чернігівський,51.8036433,31.0931453,20,0.1,2025-10-04,2026-08-30
Слобожанське,Харківська,Лозівський,48.85311,36.55186,20,0.2,2025-08-02,2026-08-25
Зіньків,Полтавська,Полтавський,50.21026,34.35768,19,0.263,2025-10-23,2026-08-14
Куликівка,Чернігівська,Прилуцький,50.8623444,32.3910144,19,0.105,2025-09-23,2026-08-21
Миколаївка,Сумська,Сумський,50.9395138,34.3729195,19,0.105,2024-07-25,2026-08-22
Харкове,Запорізька,Пологівський,47.2557432,35.7021159,19,0.158,2022-03-10,2026-08-27
Чорногородка,Київська,Фастівський,50.266571,29.88693,19,0.158,2025-04-22,2026-08-04
Апостолове,Дніпропетровська,Криворізький,47.6617478,33.7180001,18,0.056,2024-08-01,2026-07-29
Березна,Чернігівська,Чернігівський,51.5778917,31.7902811,18,0.0,2025-08-20,2026-06-14
Запорізьке,Дніпропетровська,Синельниківський,48.2553506,36.7322839,18,0.0,2025-03-20,2026-08-13
Затоки,Вінницька,Жмеринський,49.077621,27.6813781,18,0.111,2023-09-13,2026-08-23
Овруч,Житомирська,Коростенський,51.3259771,28.8026718,18,0.222,2026-01-15,2026-08-31
Овідіополь,Одеська,Одеський,46.2473734,30.4448614,18,0.222,2025-06-24,2026-08-27
Солоне,Дніпропетровська,Синельниківський,47.9808528,36.2333808,18,0.056,2025-07-20,2026-08-26
Хотінь,Сумська,Сумський,51.0786763,34.78001,18,0.0,2025-07-11,2026-08-16
Дергачі,Харківська,Харківський,50.107307,36.1205965,17,0.059,2025-10-14,2026-08-26
Златопіль,Дніпропетровська,Криворізький,47.9559565,33.525732,17,0.0,2025-05-16,2026-07-13
Лозове,Донецька,Краматорський,48.9801314,37.8168012,17,0.529,2025-11-24,2026-08-17
Маяки,Одеська,Одеський,46.413799,30.26836,17,0.235,2025-12-19,2026-08-26
Миколаївка,Херсонська,Бериславський,47.4933112,33.528245,17,0.059,2022-12-10,2026-06-10
Слов'янськ,Донецька,Краматорський,48.8522691,37.6058241,17,0.0,2024-12-03,2026-08-07
Чугуєве,Дніпропетровська,Синельниківський,48.13591,36.79047,17,0.0,2024-03-07,2026-06-27
Близнюки,Харківська,Лозівський,48.85311,36.55186,16,0.063,2025-10-24,2026-08-12
Вільногірськ,Дніпропетровська,Кам’янський,48.49365,34.02328,16,0.063,2026-01-18,2026-08-21
Крамарка,Дніпропетровська,Новомосковський,48.9145571,34.9291661,16,0.0,2025-05-21,2026-06-16
Куп'янськ,Харківська,Куп’янський,49.7132963,37.6141992,16,0.0,2025-06-09,2026-06-26
Рогань,Харківська,Харківський,49.9035,36.479103,16,0.0,2025-10-23,2026-08-16
Степанівка,Сумська,Сумський,50.9417042,34.6422099,16,0.0,2025-11-16,2026-08-26
Харківка,Сумська,Шосткинський,51.767231,34.06345,16,0.063,2024-02-24,2026-08-26
Божедарівка,Дніпропетровська,Кам’янський,48.3601,34.11392,15,0.267,2025-07-20,2026-08-10
Ворожба,Сумська,Сумський,51.1722411,34.2245008,15,0.133,2024-02-04,2026-08-26
Гостомель,Київська,Бучанський,50.58826,30.25909,15,0.8,2025-09-02,2026-09-02
Добропілля,Донецька,Покровський,48.4441378,36.9162268,15,0.0,2025-05-01,2026-05-23
Кириківка,Сумська,Охтирський,50.337784,35.143055,15,0.2,2025-11-16,2026-08-21
Краснопілля,Сумська,Сумський,50.7712539,35.2563391,15,0.0,2023-12-15,2026-08-16
Миколаївка,Дніпропетровська,Синельниківський,48.13591,36.79047,15,0.0,2024-07-04,2026-08-01
Новгородське,Сумська,Охтирський,50.619511,34.967079,15,0.067,2025-07-12,2026-08-10
Південне,Дніпропетровська,Нікопольський,47.748482,34.380531,15,0.067,2025-11-11,2026-08-15
Сарата,Одеська,Білгород-Дністровський,46.0220664,29.6648751,15,0.067,2024-09-07,2026-08-12
Черняхівка,Київська,Бориспільський,50.2758913,31.7634861,15,0.0,2024-08-26,2026-06-15
Шевченкове,Харківська,Куп’янський,49.6949729,37.1753112,15,0.0,2025-10-04,2026-08-20
Зміїв,Харківська,Чугуївський,49.6815177,36.354776,14,0.071,2025-10-07,2026-07-12
Коробчине,Дніпропетровська,Кам’янський,48.3747353,34.4569858,14,0.214,2024-12-26,2026-08-20
Коростишів,Житомирська,Житомирський,50.3201518,29.0584885,14,0.071,2023-12-15,2026-07-15
Краснопілля,Дніпропетровська,Новомосковський,49.118382,34.773186,14,0.0,2024-10-09,2026-07-31
Недригайлів,Сумська,Роменський,50.8358991,33.8782826,14,0.071,2025-12-23,2026-08-01
Олишівка,Чернігівська,Чернігівський,51.217918,31.32992,14,0.071,2025-06-01,2026-06-24
Письменне,Дніпропетровська,Синельниківський,48.21041,36.03035,14,0.0,2025-09-30,2026-05-26
Сергіївка,Одеська,Подільський,48.1047445,29.1285642,14,0.143,2025-12-14,2026-08-26
Софіївка,Дніпропетровська,Криворізький,48.0482032,33.8668627,14,0.357,2026-01-01,2026-08-06
Харківці,Полтавська,Лубенський,50.2361111,32.5011111,14,0.143,2024-12-25,2026-08-28
Богодарівка,Дніпропетровська,Синельниківський,47.9808528,36.2333808,13,0.077,2025-10-07,2026-08-16
Дніпрорудне,Запорізька,Василівський,47.3899205,35.0028481,13,0.077,2024-06-20,2026-08-29
Золотницьке,Дніпропетровська,Кам’янський,48.68626,33.922,13,0.0,2025-07-20,2026-03-24
Коблеве,Миколаївська,Миколаївський,46.6612599,31.2085145,13,0.0,2022-02-26,2026-08-24
Котельва,Полтавська,Полтавський,50.0621097,34.7496951,13,0.154,2024-12-05,2026-08-22
Красноград,Харківська,Красноградський,49.3741326,35.4494234,13,0.077,2025-11-04,2026-08-14
Магдалинівка,Дніпропетровська,Новомосковський,48.9145571,34.9291661,13,0.077,2025-07-20,2026-08-21
Межова,Дніпропетровська,Синельниківський,48.2553506,36.7322839,13,0.077,2025-12-04,2026-08-24
Переяслав,Київська,Бориспільський,50.0643984,31.4447327,13,0.308,2024-08-21,2026-09-01
Семенівка,Чернігівська,Новгород-Сіверський,52.17853,32.57755,13,0.0,2025-09-24,2026-07-14
Славутич,Київська,Вишгородський,51.5201397,30.7562301,13,0.0,2024-12-05,2026-07-08
Фастів,Київська,Фастівський,50.0799307,29.9162821,13,0.154,2022-03-09,2026-08-28
Черкаське,Дніпропетровська,Кам’янський,48.207699,34.24868,13,0.077,2025-05-02,2026-08-06
Черняхів,Житомирська,Житомирський,50.45299,28.66573,13,0.0,2024-08-21,2026-06-21
Іванків,Київська,Фастівський,50.3356709,30.2847595,12,0.083,2026-02-06,2026-07-23
Балабине,Запорізька,Запорізький,47.71671,35.20981,12,0.0,2025-06-30,2026-08-25
Балаклія,Полтавська,Миргородський,49.6792533,33.7820696,12,0.083,2025-06-02,2026-07-02
Березанка,Миколаївська,Миколаївський,46.8544054,31.3874915,12,0.167,2025-12-17,2026-08-26
Вознесенськ,Миколаївська,Вознесенський,47.5679582,31.3338636,12,0.25,2024-01-05,2026-08-24
Городуватка,Дніпропетровська,Криворізький,47.66556,33.1152,12,0.083,2025-11-05,2026-05-26
Гірницьке,Дніпропетровська,Нікопольський,47.6546589,34.1149341,12,0.0,2025-11-16,2026-06-16
Лебединське,Дніпропетровська,Нікопольський,47.748482,34.380531,12,0.0,2025-04-15,2026-05-20
Новомиколаївка,Запорізька,Запорізький,47.97146,35.89886,12,0.0,2025-11-23,2026-06-03
Савинці,Харківська,Ізюмський,49.39625,37.05036,12,0.0,2025-07-19,2026-08-06
Сарни,Рівненська,Сарненський,51.3350028,26.6171275,12,0.167,2024-10-03,2026-08-30
Чернівці,Вінницька,Могилів-Подільський,48.5406973,28.1221153,12,0.0,2023-12-15,2026-05-12
Боголюбове,Сумська,Охтирський,50.48046,34.96467,11,0.0,2025-10-28,2026-08-22
Велика Багачка,Полтавська,Миргородський,49.7852778,33.7213889,11,0.182,2026-01-05,2026-08-10
Велика Димерка,Київська,Броварський,50.5913563,30.9016229,11,0.455,2025-10-23,2026-08-27
Велика Лепетиха,Херсонська,Каховський,47.178599,33.9428266,11,0.0,2025-12-18,2026-07-03
Добропасове,Дніпропетровська,Синельниківський,47.9808528,36.2333808,11,0.0,2025-08-21,2026-03-08
Золотоноша,Черкаська,Золотоніський,49.6689719,32.0427439,11,0.0,2024-01-02,2026-07-05
Козелець,Чернігівська,Чернігівський,50.9160647,31.1167509,11,0.091,2025-05-07,2026-08-17
Коломак,Харківська,Богодухівський,49.8436,35.31349,11,0.091,2025-08-02,2026-08-10
Кременище,Київська,Обухівський,50.272751,30.522079,11,0.091,2024-10-02,2026-07-15
Кривий Ріг,Херсонська,Генічеський,46.3558121,34.3363579,11,0.0,2024-09-01,2026-08-22
Мерефа,Харківська,Харківський,49.8183386,36.0628675,11,0.273,2025-07-20,2026-08-17
Миколаїв,Львівська,Стрийський,49.5253714,23.9788155,11,0.091,2025-08-02,2026-07-20
Нововолинськ,Волинська,Володимир-Волинський,50.7224829,24.1648399,11,0.727,2022-04-20,2026-02-06
Нікополь,Харківська,Ізюмський,48.9070045,37.0287573,11,0.0,2025-09-23,2026-06-22
Покров,Дніпропетровська,Нікопольський,47.6546589,34.1149341,11,0.091,2026-02-10,2026-08-06
Покровське,Дніпропетровська,Синельниківський,47.9808528,36.2333808,11,0.091,2025-06-04,2026-06-24
Сміла,Черкаська,Черкаський,49.2336897,31.8829216,11,0.0,2025-04-28,2026-05-17
Харківське,Донецька,Донецький,47.7952806,38.4798317,11,0.091,2024-06-02,2026-06-27
Ямпіль,Сумська,Шосткинський,51.9481126,33.778454,11,0.0,2025-10-28,2026-08-26
Баришівка,Київська,Броварський,50.3645295,31.3256722,10,0.1,2025-06-10,2026-08-12
Боромля,Сумська,Охтирський,50.619511,34.967079,10,0.1,2025-04-14,2026-08-05
Бурштин,Івано-Франківська,Івано-Франківський,49.2516287,24.6341893,10,0.0,2024-06-01,2026-03-24
Біле,Луганська,Алчевський,48.4806933,38.792133294414555,10,0.0,2024-06-06,2026-02-28
Біле,Харківська,Куп’янський,49.6604248,37.6984775,10,0.4,2025-05-23,2026-08-31
Білогородка,Київська,Бучанський,50.390171,30.22785,10,0.0,2024-09-10,2026-05-03
Валки,Харківська,Богодухівський,49.8305999,35.6088208,10,0.5,2025-11-07,2026-08-30
Великокозирщина,Дніпропетровська,Новомосковський,49.0814029,35.218048,10,0.0,2025-05-27,2026-06-08
Десна,Чернігівська,Чернігівський,50.9247792,30.7729799,10,0.3,2024-02-23,2026-08-05
Димер,Київська,Вишгородський,50.7835487,30.3078042,10,0.2,2025-05-07,2026-08-14
Есмань,Сумська,Шосткинський,51.767231,34.06345,10,0.0,2026-02-21,2026-08-24
Золочів,Харківська,Богодухівський,50.2790531,35.9824347,10,0.1,2025-10-05,2026-07-09
Ковель,Волинська,Ковельський,51.2120538,24.708894,10,0.0,2025-11-19,2026-04-30
Конотоп,Чернігівська,Чернігівський,51.8915393,31.595545,10,0.1,2025-11-20,2026-07-05
Ладижин,Вінницька,Гайсинський,48.6810505,29.2567642,10,0.1,2024-05-08,2026-08-31
Львів,Львівська,Львівський,49.841952,24.0315921,10,0.0,2024-06-07,2025-11-19
Макошине,Чернігівська,Корюківський,51.52279,32.21638,10,0.0,2025-10-07,2026-08-30
Марганець,Дніпропетровська,Нікопольський,47.6490555,34.649194,10,0.3,2026-01-15,2026-09-02
Опішня,Полтавська,Полтавський,49.9570991,34.6100455,10,0.2,2026-03-21,2026-08-22
Перещепине,Дніпропетровська,Новомосковський,49.01825,35.35915,10,0.4,2024-09-24,2026-09-02
Погребище,Вінницька,Вінницький,49.4848166,29.2579157,10,0.0,2024-10-02,2026-02-17
Путилівка,Дніпропетровська,Нікопольський,47.546421,34.15443,10,0.1,2024-10-09,2026-06-24
Рені,Одеська,Ізмаїльський,45.455413,28.2790948,10,0.0,2023-10-05,2026-08-26
Сосниця,Чернігівська,Корюківський,51.5244906,32.5028975,10,0.0,2025-11-16,2026-08-04
Сумці,Харківська,Лозівський,49.394455,36.284039,10,0.0,2025-07-14,2026-08-28
Тернівка,Дніпропетровська,Павлоградський,48.5222847,36.0713939,10,0.2,2025-07-09,2026-08-26
Томаківка,Дніпропетровська,Нікопольський,47.8128265,34.7523182,10,0.0,2025-11-05,2026-08-17
Харківці,Київська,Бориспільський,50.0643984,31.4447327,10,0.1,2024-11-06,2026-08-28
Шпола,Черкаська,Звенигородський,49.0132605,31.393139,10,0.0,2024-11-28,2026-08-31
Архангельське,Херсонська,Бериславський,47.4933112,33.528245,9,0.333,2026-03-08,2026-08-16
Бердичів,Житомирська,Бердичівський,49.8940442,28.5814912,9,0.111,2024-01-13,2026-09-02
Березнегувате,Миколаївська,Баштанський,47.308722,32.8486739,9,0.333,2025-11-13,2026-08-26
Білозерське,Дніпропетровська,Павлоградський,48.74599,36.01833,9,0.0,2024-08-21,2026-06-01
Козятин,Вінницька,Хмільницький,49.7195867,28.8354279,9,0.222,2024-11-26,2026-09-02
Кремінне,Вінницька,Могилів-Подільський,48.512192,27.63199,9,0.0,2025-09-26,2026-06-01
Кринички,Дніпропетровська,Кам’янський,48.3747353,34.4569858,9,0.333,2025-12-05,2026-08-26
Липова Долина,Сумська,Роменський,50.5637857,33.7990004,9,0.111,2026-03-07,2026-08-06
Любеч,Чернігівська,Чернігівський,51.7004629,30.658659,9,0.222,2025-12-22,2026-08-10
Марія-Воля,Волинська,Володимир-Волинський,50.801533,24.337662,9,0.667,2022-03-23,2022-08-05
Ніжинське,Сумська,Конотопський,51.5548654,33.3875984,9,0.0,2024-12-05,2026-06-12
Покровськ,Донецька,Покровський,48.2771086,37.1772482,9,0.556,2022-06-30,2026-01-03
Понорниця,Чернігівська,Новгород-Сіверський,51.720539,32.843971,9,0.222,2025-11-03,2026-08-02
Ржищів,Київська,Обухівський,49.96822,31.04118,9,0.333,2025-01-18,2026-08-30
Скороходове,Полтавська,Полтавський,49.7726802,35.0715767,9,0.111,2025-11-16,2026-08-13
Старий Колодязь,Дніпропетровська,Синельниківський,48.482418,36.350155,9,0.0,2025-10-22,2026-03-08
Українка,Київська,Обухівський,50.1537167,30.7420742,9,0.111,2022-04-28,2026-08-27
Шевченкове,Дніпропетровська,Криворізький,47.9559565,33.525732,9,0.0,2025-07-15,2026-06-21
Арциз,Одеська,Болградський,45.9962017,29.431517,8,0.25,2025-12-16,2026-08-17
Бобринець,Кіровоградська,Кропивницький,48.05729,32.15938,8,0.0,2025-12-20,2026-08-31
Верхнів,Волинська,Володимир-Волинський,50.751942,24.082321,8,0.875,2022-03-23,2022-08-08
Жовті Води,Дніпропетровська,Кам’янський,48.3465174,33.5027797,8,0.0,2026-02-09,2026-08-15
Золотарівка,Сумська,Охтирський,50.48046,34.96467,8,0.0,2026-01-18,2026-03-10
Корсунь-Шевченківський,Черкаська,Черкаський,49.418037,31.2556741,8,0.0,2025-04-15,2026-04-01
Красятичі,Київська,Вишгородський,51.0782874,29.6377868,8,0.125,2026-05-26,2026-07-23
Люботин,Харківська,Харківський,49.9435604,35.9185185,8,0.25,2025-06-09,2026-08-17
Макарів,Київська,Бучанський,50.4639897,29.8068986,8,0.25,2022-03-04,2026-07-15
Народичі,Житомирська,Коростенський,51.2037677,29.0913215,8,0.125,2026-01-10,2026-06-21
Новоград-Волинський,Житомирська,Новоград-Волинський,50.5917622,27.6066973,8,0.0,2024-11-13,2026-06-21
Ніжиловичі,Київська,Бучанський,50.4639897,29.8068986,8,0.0,2023-11-25,2026-07-22
П'ятихатки,Дніпропетровська,Павлоградський,48.74599,36.01833,8,0.5,2025-10-04,2026-07-27
Прилужжя,Сумська,Конотопський,51.30048,33.429016,8,0.25,2025-11-09,2026-08-06
Просяна,Дніпропетровська,Синельниківський,48.0905779,36.4104291,8,0.0,2026-01-18,2026-06-17
Рівне,Вінницька,Могилів-Подільський,48.7130055,27.5355762,8,0.0,2024-06-14,2026-02-07
Рівне,Кіровоградська,Новоукраїнський,48.2450076,31.7477038,8,0.0,2024-04-11,2026-02-01
Сахновщина,Харківська,Красноградський,49.1517351,35.875332,8,0.125,2025-10-23,2026-06-27
Старостинці,Вінницька,Вінницький,49.4848166,29.2579157,8,0.0,2024-05-26,2026-05-12
Чутове,Полтавська,Полтавський,49.7216667,35.1694444,8,0.125,2025-06-01,2026-08-22
Шепетівка,Хмельницька,Шепетівський,50.1809437,27.0651783,8,0.0,2023-11-28,2026-06-21
Барвінок,Дніпропетровська,Дніпровський,48.18399,34.565262,7,0.0,2025-10-04,2026-06-01
Березань,Київська,Броварський,50.3132713,31.4689158,7,0.0,2025-01-19,2026-07-20
Бершадь,Вінницька,Гайсинський,48.36594,29.51889,7,0.143,2025-02-07,2026-09-02
Болград,Одеська,Болградський,45.6779137,28.6132404,7,0.143,2025-07-15,2026-08-20
Біла,Вінницька,Могилів-Подільський,48.2400683,28.2779272,7,0.0,2024-03-11,2026-05-12
Глухе,Дніпропетровська,Нікопольський,47.770885,34.729996,7,0.0,2025-11-04,2026-03-24
Заводське,Полтавська,Миргородський,50.4052959,33.3973661,7,0.143,2025-11-24,2026-08-29
Козельщина,Полтавська,Полтавський,49.4441667,34.87,7,0.0,2025-10-23,2026-07-22
Комишня,Полтавська,Миргородський,50.1838006,33.679619,7,0.0,2025-08-02,2026-06-02
Королівка,Київська,Бучанський,50.4639897,29.8068986,7,0.0,2024-08-22,2026-07-23
Кременчувате,Кіровоградська,Кропивницький,48.2497235,32.2043672,7,0.0,2024-01-26,2026-04-05
Кропивня,Вінницька,Жмеринський,48.7498267,28.08317,7,0.143,2024-05-13,2026-08-28
Кілія,Одеська,Ізмаїльський,45.4409767,29.2652788,7,0.0,2025-01-29,2026-08-27
Лиман,Донецька,Покровський,48.4441378,36.9162268,7,0.286,2022-06-10,2026-06-15
Липове,Полтавська,Лубенський,50.2733333,32.9383333,7,0.0,2025-12-18,2026-05-25
Лисичанськ,Луганська,Сєвєродонецький,48.917267,38.4285981,7,0.714,2022-03-15,2022-07-01
Лохвиця,Полтавська,Миргородський,50.3595181,33.2741725,7,0.0,2026-04-03,2026-07-23
Малин,Житомирська,Коростенський,50.7677902,29.2414346,7,0.0,2025-07-10,2026-07-14
Низи,Сумська,Сумський,50.881664,34.71088,7,0.0,2026-02-02,2026-08-25
Полтавське,Харківська,Лозівський,48.8842428,36.3160254,7,0.0,2023-12-10,2026-04-18
Тернопіль,Тернопільська,Тернопільський,49.5557716,25.591886,7,0.0,2023-11-03,2025-11-19
Хмельницький,Хмельницька,Хмельницький,49.4196404,26.9793793,7,0.143,2024-06-07,2026-08-28
Черкасівка,Полтавська,Полтавський,49.627499,34.687222,7,0.0,2024-04-06,2026-06-14
Чернеча Слобода,Сумська,Конотопський,51.132481,33.37846,7,0.0,2023-11-23,2026-05-03
Чорнопарівка,Дніпропетровська,Дніпровський,48.18399,34.565262,7,0.286,2025-03-15,2026-06-13
Авіаторське,Дніпропетровська,Дніпровський,48.4680221,35.0417711,6,0.0,2026-01-26,2026-06-29
Берестечко,Волинська,Луцький,50.3585756,25.1209852,6,0.5,2022-06-16,2026-02-07
Борова,Харківська,Чугуївський,49.6815177,36.354776,6,0.5,2026-02-21,2026-06-22
Бородянка,Київська,Бучанський,50.6437677,29.9278296,6,0.0,2025-07-05,2026-01-15
Боярка,Київська,Фастівський,50.3356709,30.2847595,6,0.5,2025-09-07,2026-08-30
Великий Бурлук,Харківська,Куп’янський,50.05422,37.38939,6,0.0,2025-11-11,2026-06-04
Вуглегірськ,Донецька,Горлівський,48.3119524,38.2609048,6,1.0,2022-06-22,2022-07-14
Вінницькі Стави,Київська,Білоцерківський,49.98402,30.007441,6,0.0,2024-10-19,2025-11-29
Глобине,Полтавська,Кременчуцький,49.392047,33.2507308,6,0.0,2025-05-22,2026-06-01
Довгоноси,Волинська,Ковельський,51.18633,24.61933,6,0.5,2022-05-18,2022-06-28
Дубов'язівка,Сумська,Конотопський,51.132481,33.37846,6,0.0,2025-07-12,2026-08-07
Карлівка,Полтавська,Полтавський,49.4537175,35.1374845,6,0.167,2025-10-04,2026-08-26
Короп,Чернігівська,Новгород-Сіверський,51.5671394,32.9520532,6,0.0,2025-10-04,2026-08-02
Лебедине,Полтавська,Полтавський,49.1433333,34.2002778,6,0.0,2025-05-01,2026-03-29
Малинівка,Харківська,Чугуївський,49.8006602,36.7180703,6,0.0,2025-07-19,2026-06-29
Миколаївка,Запорізька,Мелітопольський,47.166019,35.323101,6,0.333,2026-03-31,2026-08-29
Немирів,Вінницька,Вінницький,48.9654035,28.8430131,6,0.167,2025-12-06,2026-09-02
Новий Буг,Миколаївська,Баштанський,47.6933814,32.5106596,6,0.0,2024-10-02,2026-08-15
Оржиця,Полтавська,Лубенський,50.1206044,32.4289258,6,0.167,2024-06-06,2026-08-20
Семенівка,Дніпропетровська,Дніпровський,48.9434,34.48986,6,0.0,2024-10-03,2026-03-09
Славів,Житомирська,Житомирський,50.45299,28.66573,6,0.0,2026-01-20,2026-06-21
Соснівка,Сумська,Конотопський,51.252941,33.124119,6,0.167,2025-10-29,2026-08-08
Старикове,Сумська,Шосткинський,51.575661,34.099838,6,0.0,2025-11-05,2026-05-28
Старонове,Сумська,Сумський,50.5814148,34.4761301,6,0.0,2026-02-28,2026-07-09
Старопетрівка,Запорізька,Бердянський,46.91643,36.81999,6,0.0,2026-02-10,2026-04-20
Старочуднівська Гута,Житомирська,Житомирський,50.146945,27.9214928,6,0.0,2023-12-21,2026-05-02
Тростянець,Вінницька,Вінницький,49.1117881,28.6889425,6,0.333,2025-11-13,2026-08-28
Улянівка,Сумська,Сумський,50.9395138,34.3729195,6,0.0,2025-11-13,2026-06-07
Хмельницьке,Вінницька,Тульчинський,48.6730485,28.8569476,6,0.0,2024-01-08,2025-12-23
Хутір-Мокляки,Житомирська,Новоград-Волинський,50.872091,27.8047443,6,0.0,2026-05-04,2026-06-21
Чернецьке,Сумська,Сумський,50.5814148,34.4761301,6,0.0,2024-11-03,2026-06-04
Чернишки,Сумська,Сумський,50.5814148,34.4761301,6,0.0,2025-10-05,2026-06-01
Чернігівка,Миколаївська,Баштанський,47.5752739,32.6213011,6,0.167,2025-05-17,2026-06-27
Чигирин,Черкаська,Черкаський,49.0775098,32.6664089,6,0.0,2025-04-23,2026-03-22
Чорнорудка,Житомирська,Бердичівський,49.868717,29.14735,6,0.333,2024-11-07,2026-06-04
Широке,Дніпропетровська,Криворізький,47.6846511,33.2645369,6,0.0,2026-01-01,2026-05-21
Шишаки,Полтавська,Лубенський,49.7822104,33.2740646,6,0.167,2025-01-18,2026-08-16
Авдіївка,Донецька,Покровський,48.1338824,37.7466719,5,0.6,2022-04-16,2022-08-02
Барвінкове,Сумська,Сумський,50.784302,34.829411,5,0.0,2025-11-12,2026-06-05
Березняк,Дніпропетровська,Кам’янський,48.68626,33.922,5,0.0,2025-12-04,2026-06-21
Богодарівка,Миколаївська,Вознесенський,47.696378,31.8489152,5,0.2,2025-10-26,2026-08-10
Борисівка,Вінницька,Вінницький,49.1136358,29.2024356,5,0.0,2024-04-11,2025-07-20
Білозерське,Донецька,Покровський,48.53313,37.05791,5,0.0,2024-08-26,2026-08-24
Білопілля,Вінницька,Хмільницький,49.77356,28.72891,5,0.6,2024-11-28,2026-08-31
Білопіль,Волинська,Володимир-Волинський,50.738946,24.6482949,5,0.8,2022-07-05,2025-12-31
Білошиці,Житомирська,Коростенський,50.862558199999995,28.589190512469205,5,0.0,2024-08-21,2025-12-27
Велика Писарівка,Сумська,Охтирський,50.4253238,35.4838569,5,0.0,2026-03-29,2026-07-14
Воскресенське,Миколаївська,Миколаївський,47.0171096,32.1465767,5,0.2,2026-02-13,2026-08-30
Глеваха,Київська,Фастівський,50.259673,30.3059171,5,0.4,2025-05-07,2026-08-29
Гути,Сумська,Конотопський,51.252941,33.124119,5,0.2,2025-11-11,2026-07-09
Дніпровське,Миколаївська,Миколаївський,46.6529086,31.6211184,5,0.2,2024-04-05,2026-08-29
Дніпроенергія,Донецька,Волноваський,47.97781,36.74678,5,0.0,2024-07-26,2026-03-23
Дубно,Рівненська,Дубенський,50.4187918,25.7455972,5,0.0,2025-06-09,2026-04-01
Дубровиця,Рівненська,Сарненський,51.5709462,26.5660889,5,0.0,2025-12-25,2026-02-12
Запоріжжя,Донецька,Волноваський,47.97781,36.74678,5,0.2,2025-06-19,2026-08-24
Згурівка,Київська,Броварський,50.4950666,31.7691817,5,0.0,2025-02-28,2026-07-23
Зеленодольськ,Дніпропетровська,Криворізький,47.5668051,33.6474574,5,0.0,2024-11-17,2026-06-13
Кагарлик,Київська,Обухівський,49.8650658,30.8226786,5,0.4,2025-12-05,2026-08-29
Калинівка,Вінницька,Жмеринський,48.7498267,28.08317,5,0.0,2024-01-13,2026-05-12
Комишуваха,Донецька,Краматорський,48.7389415,37.5843812,5,0.0,2026-01-08,2026-02-15
Корольки,Сумська,Конотопський,51.3359821,33.8715451,5,0.0,2025-11-06,2026-06-21
Крижопіль,Вінницька,Тульчинський,48.38568,28.86941,5,0.2,2026-02-07,2026-08-18
Лебедин,Київська,Бориспільський,50.3512101,30.95077,5,0.0,2025-05-07,2026-05-28
Лиманське,Одеська,Роздільнянський,46.6618481,29.9760782,5,0.0,2025-11-01,2026-06-08
Липовець,Вінницька,Вінницький,49.2296415,29.0642148,5,0.0,2025-07-16,2026-03-29
Новоукраїнка,Кіровоградська,Новоукраїнський,48.3250616,31.522047,5,0.0,2025-10-23,2026-07-23
Олександрівка,Дніпропетровська,Нікопольський,47.748482,34.380531,5,0.0,2025-11-11,2026-05-31
Оріхів,Запорізька,Пологівський,47.5691902,35.7789871,5,0.0,2025-01-05,2026-03-26
Павлоградське,Донецька,Донецький,48.0158753,37.8013407,5,0.0,2024-04-10,2026-05-15
Павлівка,Харківська,Лозівський,48.85311,36.55186,5,0.0,2024-07-15,2026-06-07
Парафіївка,Чернігівська,Прилуцький,50.8840075,32.6447189,5,0.0,2025-11-15,2026-08-17
Петриківка,Дніпропетровська,Синельниківський,48.21041,36.03035,5,0.2,2025-11-07,2026-06-19
Південне,Донецька,Бахмутський,48.3970469,37.8501378,5,0.4,2025-11-22,2026-07-30
Решетилівка,Полтавська,Полтавський,49.5586111,34.0791667,5,0.0,2025-07-20,2026-07-31
Ромодан,Полтавська,Миргородський,49.9923481,33.3207607,5,0.2,2025-11-01,2026-08-29
Ропове,Миколаївська,Баштанський,47.5225573,32.923254,5,0.2,2025-12-24,2026-06-16
Ріпки,Харківська,Богодухівський,50.1601711,35.5220539,5,0.0,2025-10-05,2026-06-02
Северинівка,Волинська,Камінь-Каширський,51.2908106,25.537878,5,0.4,2022-03-09,2022-06-23
Срібне,Чернігівська,Прилуцький,50.661573,32.9174152,5,0.0,2025-08-10,2026-03-25
Старозаводське,Дніпропетровська,Нікопольський,47.546421,34.15443,5,0.2,2025-06-01,2026-07-16
Тальне,Черкаська,Звенигородський,48.8889723,30.6980137,5,0.0,2025-05-22,2026-04-02
Тростянець,Чернігівська,Прилуцький,50.661573,32.9174152,5,0.2,2026-02-04,2026-09-02
Тузли,Одеська,Білгород-Дністровський,45.871349,30.08778,5,0.2,2025-12-15,2026-08-14
Харкове,Чернігівська,Прилуцький,50.83168,33.13442,5,0.2,2025-11-23,2026-08-03
Хмільник,Вінницька,Хмільницький,49.556175,27.9491205,5,0.0,2025-07-20,2026-01-18
Хорол,Полтавська,Лубенський,49.7822104,33.2740646,5,0.4,2025-01-31,2026-08-30
Чернігівка,Запорізька,Бердянський,47.19486,36.2075,5,0.0,2026-01-16,2026-06-04
Чорнухи,Полтавська,Лубенський,50.2733333,32.9383333,5,0.0,2026-04-03,2026-07-23
Шаргород,Вінницька,Жмеринський,48.7498267,28.08317,5,0.0,2024-06-07,2026-04-01
Іванівка,Одеська,Березівський,47.1965603,31.0341137,4,0.5,2026-05-07,2026-08-26
Березівка,Харківська,Харківський,49.9622881,36.1239316,4,0.0,2025-11-27,2026-08-17
Богодарівка,Полтавська,Лубенський,50.2733333,32.9383333,4,0.0,2025-10-05,2026-05-31
Боголюби,Волинська,Луцький,50.7450733,25.320078,4,1.0,2022-06-25,2022-08-07
Болган,Вінницька,Тульчинський,48.1457286,28.8527159,4,0.0,2024-06-01,2025-05-12
Боровківка,Дніпропетровська,Кам’янський,48.6541915,34.3347779,4,0.0,2025-11-16,2026-06-08
Бровки,Дніпропетровська,Синельниківський,48.238911,36.217121,4,0.25,2025-06-01,2026-07-26
Білозірка,Вінницька,Вінницький,49.3232593,28.0837586,4,0.0,2024-09-21,2025-10-03
Варва,Чернігівська,Прилуцький,50.4982561,32.7228573,4,0.25,2025-12-27,2026-08-06
Великі Мости,Львівська,Червоноградський,50.240162,24.1385486,4,0.0,2026-01-04,2026-06-15
Вишеньки,Київська,Бориспільський,50.328709,30.705759,4,0.0,2025-07-20,2026-03-23
Вишневе,Київська,Бучанський,50.3917497,30.3678999,4,0.75,2025-11-29,2026-09-02
Вознесенське,Дніпропетровська,Синельниківський,48.2553506,36.7322839,4,0.25,2025-12-17,2026-08-05
Вороновиця,Вінницька,Вінницький,49.1117881,28.6889425,4,0.25,2025-12-06,2026-09-02
Вороніж,Сумська,Шосткинський,51.8643223,33.4728213,4,0.0,2025-10-03,2026-02-16
Городниця,Житомирська,Новоград-Волинський,50.80627,27.31407,4,0.0,2025-10-05,2026-06-21
Горохівка,Миколаївська,Миколаївський,47.0171096,32.1465767,4,0.0,2025-10-23,2026-08-17
Губиниха,Дніпропетровська,Новомосковський,48.8082927,35.2563381,4,0.0,2025-11-13,2026-03-07
Гути,Харківська,Богодухівський,50.1601711,35.5220539,4,0.25,2025-11-26,2026-08-14
Драбів,Черкаська,Золотоніський,49.9615236,32.1520869,4,0.0,2025-05-07,2026-07-20
Жмеринка,Вінницька,Жмеринський,49.0354593,28.1147317,4,0.5,2024-06-07,2026-09-02
Звенигородка,Черкаська,Звенигородський,49.0767158,30.96138,4,0.0,2025-05-07,2025-11-08
Златопіль,Запорізька,Василівський,47.3899205,35.0028481,4,0.5,2026-01-04,2026-08-16
Карнаухівка,Дніпропетровська,Кам’янський,48.5167748,34.6068797,4,0.0,2026-01-29,2026-08-07
Киричкове,Дніпропетровська,Синельниківський,47.9808528,36.2333808,4,0.5,2026-03-14,2026-07-04
Кононівка,Київська,Білоцерківський,49.7337685,29.6624138,4,0.0,2025-09-24,2026-07-23
Красне,Запорізька,Бердянський,47.19486,36.2075,4,0.0,2026-01-21,2026-06-04
Красне,Полтавська,Лубенський,50.2733333,32.9383333,4,0.0,2025-12-09,2026-08-20
Краснокутськ,Харківська,Богодухівський,50.0625892,35.1647821,4,1.0,2026-08-10,2026-08-24
Кривоносівка,Сумська,Шосткинський,52.264019,33.598251,4,0.0,2024-07-21,2026-05-24
Кривошиї,Вінницька,Хмільницький,49.556175,27.9491205,4,0.0,2024-06-06,2026-07-01
Кушугум,Запорізька,Запорізький,47.71671,35.20981,4,0.0,2026-01-19,2026-07-19
Лиманівка,Харківська,Красноградський,49.1954572,35.2408676,4,0.0,2025-10-29,2025-11-17
Луганськ,Луганська,Луганський,48.64418345,39.49485081756206,4,1.0,2022-07-01,2022-07-11
Львів,Дніпропетровська,Криворізький,47.9559565,33.525732,4,0.0,2023-08-15,2026-03-24
Макове,Сумська,Шосткинський,51.8643223,33.4728213,4,0.0,2026-01-27,2026-04-03
Миколаївка,Харківська,Красноградський,49.55555,35.748138,4,0.25,2026-02-19,2026-07-09
Нове,Дніпропетровська,Синельниківський,48.4286465,35.6728255,4,0.0,2025-07-20,2025-11-11
Новогродівка,Донецька,Покровський,48.1997174,37.3399704,4,0.0,2026-02-21,2026-03-20
Новослобідське,Сумська,Конотопський,51.3749282,34.132125,4,0.25,2025-11-07,2026-06-13
Нові Санжари,Полтавська,Полтавський,49.3338321,34.3148631,4,0.25,2024-10-07,2026-08-18
Олександрівка,Волинська,Луцький,50.8798116,25.2230391,4,0.5,2022-04-14,2022-08-04
Олександрівка,Донецька,Донецький,48.0158753,37.8013407,4,0.0,2025-10-23,2026-03-18
Олександрія,Кіровоградська,Олександрійський,48.670609,33.1169742,4,0.0,2026-01-26,2026-08-14
Ольшанське,Миколаївська,Миколаївський,47.18486,31.793865,4,0.5,2026-06-15,2026-08-30
Павлівка,Вінницька,Хмільницький,49.4583688,28.5262638,4,0.25,2025-11-12,2026-07-15
Полтавське,Дніпропетровська,Синельниківський,48.399643,36.709404,4,0.0,2024-11-12,2026-03-03
Прилуки,Запорізька,Пологівський,47.747269,36.079788,4,0.25,2025-07-15,2026-08-11
Прип'ять,Волинська,Ковельський,51.4909494,23.9219323,4,0.0,2026-05-17,2026-08-30
Прудянка,Харківська,Харківський,50.107307,36.1205965,4,0.25,2026-01-10,2026-06-24
Роздільна,Одеська,Роздільнянський,46.8546716,30.0711363,4,0.5,2025-12-31,2026-08-26
Рівне,Дніпропетровська,Новомосковський,49.01825,35.35915,4,0.0,2025-06-08,2026-05-31
Сарнівка,Житомирська,Житомирський,50.146945,27.9214928,4,0.0,2025-07-10,2026-06-08
Семенівка,Полтавська,Миргородський,49.7852778,33.7213889,4,0.75,2024-10-07,2026-08-27
Ставки,Вінницька,Гайсинський,48.4439535,29.7482193,4,0.0,2025-10-04,2026-03-29
Старий Крим,Донецька,Маріупольський,47.0957648,37.5499621,4,0.0,2025-06-02,2026-02-28
Сумське,Харківська,Куп’янський,49.6949729,37.1753112,4,0.0,2023-06-24,2025-05-17
Талалаївка,Чернігівська,Ніжинський,50.955681,31.917252,4,0.0,2026-05-01,2026-08-01
Теплодар,Одеська,Одеський,46.5050729,30.3272329,4,0.25,2025-07-16,2026-08-19
Терни,Дніпропетровська,Павлоградський,48.74599,36.01833,4,0.0,2026-02-06,2026-05-23
Чернече,Полтавська,Миргородський,50.40081,33.7537985,4,0.0,2025-08-28,2026-07-05
Чернещина,Полтавська,Полтавський,49.8227778,34.5386111,4,0.0,2025-01-29,2026-02-08
Черняхівка,Кіровоградська,Кропивницький,48.473549,32.192291,4,0.0,2025-10-10,2026-08-17
Чернігівське,Харківська,Лозівський,48.8842428,36.3160254,4,0.0,2025-10-06,2026-05-24
Чоповичі,Житомирська,Коростенський,50.8268121,28.9467176,4,0.0,2026-01-10,2026-04-25
Шарівка,Харківська,Богодухівський,50.1601711,35.5220539,4,0.0,2025-10-23,2026-06-27
Шостаки,Полтавська,Полтавський,49.5897423,34.5507948,4,0.0,2025-12-06,2026-07-22
Шостакове,Миколаївська,Миколаївський,47.18486,31.793865,4,0.0,2024-07-21,2026-06-19
Ямпіль,Донецька,Краматорський,48.9801314,37.8168012,4,0.0,2026-02-21,2026-06-19
Єланець,Миколаївська,Вознесенський,47.696378,31.8489152,3,0.0,2026-01-26,2026-02-23
Іллінці,Вінницька,Вінницький,49.1136358,29.2024356,3,0.333,2026-02-26,2026-09-02
Балабанка,Одеська,Білгород-Дністровський,45.9442525,29.9743896,3,0.333,2026-08-06,2026-08-31
Березина,Вінницька,Вінницький,49.259651,28.36672,3,0.0,2025-10-04,2025-11-12
Березняки,Сумська,Роменський,50.8358991,33.8782826,3,0.0,2025-09-11,2025-11-16
Березівка,Одеська,Березівський,47.2016391,30.908595,3,0.333,2025-11-15,2026-08-26
Берислав,Херсонська,Бериславський,46.8357749,33.416743,3,0.0,2025-11-11,2026-05-23
Бишів,Київська,Фастівський,50.266571,29.88693,3,0.0,2025-05-07,2026-05-13
Богуслав,Київська,Обухівський,49.54765,30.8733,3,0.0,2024-06-07,2025-09-27
Борзівщина,Сумська,Охтирський,50.308109,34.80949,3,0.0,2025-11-16,2026-05-11
Борисівка,Дніпропетровська,Нікопольський,47.62161,34.52453,3,0.0,2024-09-04,2026-05-12
Бородіно,Одеська,Болградський,46.3023788,29.2422721,3,0.0,2025-12-21,2026-07-04
Брацлав,Вінницька,Тульчинський,48.8268749,28.9379724,3,0.333,2026-02-07,2026-09-02
Бурилове,Миколаївська,Первомайський,47.9532217,30.3425878,3,0.0,2026-05-23,2026-08-04
Буча,Київська,Бучанський,50.4605965,30.1757337,3,0.667,2025-09-02,2026-08-29
Біле,Рівненська,Сарненський,51.674639,26.7442186,3,0.0,2024-08-21,2025-05-07
Білогір'я,Запорізька,Пологівський,47.532688,35.896801,3,0.0,2026-03-29,2026-05-28
Білозір'я,Черкаська,Черкаський,49.2975805,31.8935819,3,0.0,2024-09-02,2026-04-15
Біляївка,Одеська,Одеський,46.4826109,30.2014161,3,0.333,2026-07-09,2026-08-09
Бірки,Харківська,Чугуївський,49.6815177,36.354776,3,0.0,2025-11-07,2026-02-28
Василівка,Запорізька,Запорізький,47.946049,35.463181,3,0.333,2022-06-12,2025-11-27
Велика Костромка,Дніпропетровська,Криворізький,47.5668051,33.6474574,3,0.0,2025-12-04,2026-02-02
Великодолинське,Одеська,Одеський,46.3467158,30.5759542,3,0.0,2025-12-17,2026-06-04
Великопілля,Миколаївська,Баштанський,46.9581182,32.702749,3,0.0,2026-01-13,2026-05-31
Вишневе,Дніпропетровська,Криворізький,47.66556,33.1152,3,0.333,2026-03-10,2026-08-06
Вільне,Вінницька,Могилів-Подільський,48.442544,27.7991124,3,0.0,2026-02-03,2026-05-20
Вільшанка,Кіровоградська,Голованівський,48.235415,30.8745445,3,0.667,2026-03-14,2026-08-30
Вільшанка,Сумська,Сумський,50.5814148,34.4761301,3,0.0,2025-10-03,2026-03-08
Гайсин,Вінницька,Гайсинський,48.8120874,29.3893874,3,0.333,2025-11-13,2026-09-02
Глухова,Житомирська,Коростенський,51.07853,28.3976,3,0.0,2024-11-17,2026-02-21
Гончарі,Полтавська,Миргородський,49.8764366,34.0069282,3,0.0,2025-01-18,2026-02-12
Городище,Київська,Білоцерківський,49.7969703,30.1158069,3,0.0,2025-12-11,2026-05-18
Городище,Сумська,Роменський,50.819687,34.022835,3,0.0,2025-11-06,2026-06-21
Горішні Плавні,Полтавська,Кременчуцький,49.0140647,33.6330875,3,0.0,2025-11-05,2026-07-31
Гребінка,Полтавська,Лубенський,50.1206044,32.4289258,3,0.333,2026-04-24,2026-08-01
Дементіївка,Харківська,Харківський,50.107307,36.1205965,3,1.0,2022-07-08,2022-07-13
Держанівка,Вінницька,Хмільницький,49.77356,28.72891,3,1.0,2022-05-28,2022-06-16
Дружелюбівка,Дніпропетровська,Дніпровський,48.067799,34.613155,3,0.0,2026-03-08,2026-08-03
Дунаївці,Хмельницька,Кам’янець-Подільський,49.02305,26.84338,3,0.0,2024-12-13,2026-04-01
Жовква,Львівська,Львівський,50.056134,23.9711967,3,0.0,2025-09-02,2026-05-27
Запоківне,Волинська,Ковельський,51.67145,24.52458,3,0.333,2022-04-25,2026-02-06
Запоріжжя,Чернігівська,Ніжинський,51.236801,32.149078,3,0.0,2024-09-19,2026-05-20
Зарічне,Дніпропетровська,Павлоградський,48.74599,36.01833,3,0.0,2025-06-01,2026-06-19
Знам'янка,Кіровоградська,Кропивницький,48.7199609,32.6659476,3,0.0,2026-03-06,2026-08-26
Зноб-Новгородське,Сумська,Шосткинський,52.264019,33.598251,3,0.0,2025-12-02,2026-06-08
Золота Долина,Запорізька,Мелітопольський,46.894451,35.416489,3,0.0,2026-01-29,2026-03-10
Золотогірка,Вінницька,Могилів-Подільський,48.7130055,27.5355762,3,0.0,2025-07-20,2026-05-12
Кароліно-Бугаз,Одеська,Білгород-Дністровський,46.1458339,30.5255473,3,0.0,2026-06-07,2026-06-13
Кобеляки,Полтавська,Полтавський,49.1433333,34.2002778,3,1.0,2026-07-24,2026-08-26
Козин,Київська,Обухівський,50.228951,30.647875,3,0.667,2026-07-24,2026-08-30
Коломак,Полтавська,Полтавський,49.627499,34.687222,3,0.0,2025-11-07,2026-06-13
Конотоп,Хмельницька,Шепетівський,50.288891,27.31098,3,0.0,2025-12-27,2026-02-13
Коробчине,Кіровоградська,Новоукраїнський,48.7969701,31.6523837,3,0.0,2023-12-12,2025-02-14
Коробівка,Черкаська,Золотоніський,49.6689719,32.0427439,3,0.0,2023-10-05,2024-10-16
Короленківка,Полтавська,Полтавський,49.4537175,35.1374845,3,0.0,2024-10-12,2025-08-05
Коростень,Чернігівська,Чернігівський,51.217918,31.32992,3,0.0,2025-09-10,2026-04-03
Коростівці,Вінницька,Жмеринський,49.0354593,28.1147317,3,0.0,2025-07-21,2026-06-01
Костопіль,Рівненська,Рівненський,50.8792198,26.4533981,3,0.333,2025-12-21,2026-05-31
Коцюбинське,Київська,Бучанський,50.4904717,30.3337903,3,1.0,2026-06-22,2026-06-22
Красилів,Хмельницька,Хмельницький,49.6544431,26.9709084,3,0.0,2024-11-28,2026-06-02
Красногорівка,Донецька,Покровський,48.24612,37.60311,3,0.333,2025-11-10,2026-08-17
Краснопілля,Миколаївська,Миколаївський,46.8544054,31.3874915,3,0.0,2025-11-07,2026-08-13
Кременівка,Донецька,Маріупольський,47.303725,37.5980463,3,0.0,2024-08-31,2026-06-20
Криве Озеро,Миколаївська,Первомайський,47.9532217,30.3425878,3,0.0,2023-12-18,2026-03-30
Кривець,Київська,Білоцерківський,49.3897213,30.1921389,3,0.0,2024-08-26,2026-05-18
Криворучки,Полтавська,Миргородський,49.8764366,34.0069282,3,0.333,2025-10-31,2026-07-24
Криворіжжя,Донецька,Покровський,48.4441378,36.9162268,3,0.333,2024-11-24,2026-07-24
Кропивня,Київська,Вишгородський,50.93301,29.9042867,3,0.0,2024-10-11,2026-06-14
Курортне,Одеська,Білгород-Дністровський,46.02756,30.37273,3,0.0,2026-03-15,2026-08-06
Лебедівка,Одеська,Білгород-Дністровський,45.871349,30.08778,3,0.0,2025-05-16,2025-12-18
Лиманка,Одеська,Одеський,46.367195,30.651262,3,0.333,2025-12-18,2026-07-26
Лозове,Запорізька,Пологівський,47.474331,36.35342,3,0.0,2026-01-09,2026-06-27
Лозове,Миколаївська,Баштанський,47.835215,32.8241797,3,0.0,2025-11-11,2026-06-19
Лозове,Хмельницька,Хмельницький,49.2688322,27.4327085,3,0.667,2022-06-07,2022-08-19
Лозівка,Полтавська,Полтавський,49.5897423,34.5507948,3,0.333,2025-11-07,2026-07-31
Львів,Миколаївська,Первомайський,48.0380198,30.9538321,3,0.0,2024-03-22,2024-05-08
Любов,Дніпропетровська,Дніпровський,48.20423,34.87713,3,0.333,2026-02-12,2026-08-19
Мазанівка,Донецька,Краматорський,49.0355675,37.5653551,3,1.0,2022-06-25,2022-08-01
Машівка,Полтавська,Полтавський,49.4441667,34.87,3,0.0,2026-06-23,2026-08-20
Миколаївка,Полтавська,Полтавський,50.21026,34.35768,3,0.333,2025-02-01,2026-08-10
Монастирок,Вінницька,Вінницький,48.9654035,28.8430131,3,0.0,2025-07-20,2026-01-24
Нова Водолага,Харківська,Харківський,49.7181212,35.8601594,3,0.333,2025-11-02,2026-08-02
Новомикільськ,Вінницька,Могилів-Подільський,48.417961,28.160311,3,0.0,2026-03-07,2026-04-01
Новопокровка,Харківська,Чугуївський,49.8377053,36.5549759,3,0.333,2025-11-03,2026-07-29
Новоукраїнка,Вінницька,Гайсинський,48.2126987,29.3598689,3,0.0,2026-02-07,2026-02-17
Олевськ,Житомирська,Коростенський,51.22272,27.64881,3,0.0,2025-07-10,2026-05-31
Олександрівка,Вінницька,Вінницький,49.2296415,29.0642148,3,0.0,2024-09-27,2026-07-01
Оратів,Вінницька,Вінницький,49.19472,29.53056,3,0.333,2025-10-04,2026-08-30
Орілька,Харківська,Лозівський,48.8842428,36.3160254,3,0.667,2026-01-01,2026-08-23
Остер,Чернігівська,Ніжинський,51.0601711,32.1022103,3,0.0,2025-07-11,2026-02-07
Павлоград,Луганська,Сєвєродонецький,48.9478698,38.4936475,3,0.0,2025-12-03,2026-06-02
Помічна,Кіровоградська,Новоукраїнський,48.243309,31.4037217,3,0.0,2026-02-17,2026-08-29
Пономаренки,Сумська,Охтирський,50.4253238,35.4838569,3,0.0,2026-06-21,2026-07-17
Попасна,Луганська,Сєвєродонецький,48.6322687,38.3777033,3,0.333,2022-03-23,2022-05-04
Прилужне,Вінницька,Могилів-Подільський,48.2400683,28.2779272,3,0.0,2025-10-05,2026-05-12
Проліски,Київська,Бориспільський,50.378151,30.79125,3,0.0,2025-11-22,2026-02-24
Південне,Запорізька,Мелітопольський,46.894451,35.416489,3,0.0,2025-12-21,2026-06-01
Радомишль,Житомирська,Житомирський,50.4961812,29.2289588,3,0.333,2025-11-29,2026-08-13
Рокитне,Рівненська,Рівненський,50.8792198,26.4533981,3,0.333,2026-06-02,2026-08-30
Рубіжне,Луганська,Сєвєродонецький,49.0329045,38.3725819,3,0.333,2022-03-23,2022-05-12
Рівне,Рівненська,Рівненський,50.6196175,26.2513165,3,0.333,2026-05-30,2026-05-31
Свеса,Сумська,Шосткинський,51.94816,33.93299,3,0.0,2026-06-05,2026-06-22
Святогірськ,Донецька,Краматорський,49.0355675,37.5653551,3,0.667,2022-06-06,2026-05-12
Сергіївка,Запорізька,Запорізький,47.951923,35.253956,3,0.0,2025-12-17,2026-08-03
Сквира,Київська,Білоцерківський,49.7337685,29.6624138,3,0.0,2025-05-07,2026-05-23
Слатине,Харківська,Харківський,50.107307,36.1205965,3,0.0,2026-01-31,2026-05-26
Слободо-Петрівка,Полтавська,Лубенський,50.1206044,32.4289258,3,0.333,2025-11-23,2026-06-19
Слобожанське,Дніпропетровська,Дніпровський,48.5307982,35.0828484,3,0.0,2025-11-11,2026-01-16
Словатичі,Волинська,Луцький,50.8333448,25.4648622,3,0.333,2022-03-12,2022-07-19
Ставище,Київська,Білоцерківський,49.3897213,30.1921389,3,0.0,2025-02-25,2025-07-21
Старий Самбір,Львівська,Самбірський,49.44406,23.0022677,3,0.0,2025-11-15,2026-06-09
Степове,Дніпропетровська,Кам’янський,48.68626,33.922,3,0.0,2025-10-04,2026-02-09
Стрий,Львівська,Стрийський,49.255875,23.8530863,3,0.0,2024-04-11,2026-04-01
Теплик,Вінницька,Гайсинський,48.6636,29.74686,3,0.0,2025-07-15,2026-02-06
Тернувате,Дніпропетровська,Кам’янський,48.345341,33.84235,3,0.0,2025-11-01,2026-06-09
Тернувате,Запорізька,Запорізький,47.82932,36.12682,3,0.0,2025-11-12,2026-01-26
Тернівка,Вінницька,Хмільницький,49.7207433,28.6709477,3,0.0,2026-03-29,2026-05-15
Турбів,Вінницька,Вінницький,49.339939,28.7260729,3,0.0,2025-09-09,2026-03-31
Турійськ,Волинська,Ковельський,51.08299,24.52389,3,0.0,2025-12-25,2026-02-06
Тітківці,Закарпатська,Хустський,48.5281184,23.5009289,3,0.333,2026-05-04,2026-06-10
Устилуг,Волинська,Володимир-Волинський,50.8622192,24.1505139,3,0.0,2022-05-29,2026-03-24
Хорол,Сумська,Роменський,50.819687,34.022835,3,0.333,2026-03-26,2026-07-31
Цвіткове,Черкаська,Черкаський,49.2686,31.4331682,3,0.333,2025-10-05,2026-09-02
Чернече,Одеська,Подільський,47.9363162,29.6225979,3,0.0,2026-02-13,2026-07-17
Чорноглазівка,Дніпропетровська,Павлоградський,48.74599,36.01833,3,0.0,2025-03-04,2026-03-17
Чорноземне,Запорізька,Василівський,47.2817378,35.3955872,3,0.333,2026-06-08,2026-08-22
Чорноморка,Миколаївська,Миколаївський,46.649658,31.506041,3,0.0,2024-12-15,2026-06-04
Чорноморське,Херсонська,Скадовський,46.2458348,32.2929002,3,0.0,2026-03-16,2026-08-09
Чугуно-Крепинка,Донецька,Горлівський,48.0220754,38.7634612,3,0.0,2025-12-11,2026-08-16
Чуднів,Житомирська,Житомирський,50.0524287,28.1153765,3,0.0,2025-12-05,2026-05-20
Шевченко,Дніпропетровська,Синельниківський,48.21041,36.03035,3,0.0,2025-12-18,2026-01-18
Шевченкове,Запорізька,Пологівський,47.4784803,36.2531412,3,0.0,2025-12-17,2026-03-29
Шевченківське,Сумська,Конотопський,51.252941,33.124119,3,0.0,2026-02-21,2026-04-08
Ширяєве,Сумська,Конотопський,51.3749282,34.132125,3,0.0,2025-11-11,2026-03-29
Южне,Одеська,Одеський,46.6225029,31.0994897,3,0.0,2023-10-04,2023-12-25
Южноукраїнськ,Миколаївська,Вознесенський,47.824269,31.1786814,3,0.0,2024-09-28,2024-10-09
Ямпіль,Вінницька,Могилів-Подільський,48.2400683,28.2779272,3,0.0,2026-02-06,2026-06-22
Іване-Золоте,Тернопільська,Чортківський,48.6402658,25.735898,2,0.0,2024-03-31,2026-03-24
Іваничі,Волинська,Володимир-Волинський,50.6407709,24.3619629,2,1.0,2022-07-20,2022-07-26
Іванівка,Дніпропетровська,Синельниківський,48.2553506,36.7322839,2,0.0,2025-07-20,2026-05-24
Ірпінь,Київська,Бучанський,50.5206777,30.2448725,2,0.5,2024-01-12,2026-08-30
Андрушівка,Житомирська,Бердичівський,50.0301392,29.0222111,2,1.0,2022-08-06,2026-08-08
Андріївка,Харківська,Богодухівський,50.2790531,35.9824347,2,1.0,2026-07-16,2026-08-31
Архангельське,Миколаївська,Баштанський,47.4937814,32.2971718,2,0.0,2026-06-21,2026-08-08
Балаган,Донецька,Покровський,48.26294,37.37892,2,0.0,2025-06-02,2026-06-22
Баланівка,Вінницька,Гайсинський,48.36594,29.51889,2,0.0,2025-07-20,2025-10-04
Барвінкове,Чернігівська,Прилуцький,50.8840075,32.6447189,2,0.5,2025-10-29,2026-07-16
Березине,Дніпропетровська,Кам’янський,48.207699,34.24868,2,0.0,2026-02-09,2026-05-17
Березове,Полтавська,Полтавський,49.7726802,35.0715767,2,0.0,2025-10-23,2025-11-07
Бобриця,Київська,Бучанський,50.390171,30.22785,2,0.0,2025-05-07,2025-08-21
Бобровиця,Чернігівська,Ніжинський,50.7415033,31.3860852,2,0.0,2026-02-03,2026-02-06
Болгарка,Миколаївська,Первомайський,47.8594344,30.5891291,2,0.0,2025-07-23,2026-01-28
Борова,Київська,Фастівський,50.0799307,29.9162821,2,1.0,2026-08-08,2026-08-30
Боротьба,Чернігівська,Прилуцький,50.6323917,32.3798861,2,0.5,2025-12-09,2026-08-12
Борівське,Полтавська,Полтавський,49.898056,34.801388,2,0.5,2026-02-16,2026-08-04
Бровки Другі,Житомирська,Бердичівський,50.0301392,29.0222111,2,0.0,2025-09-06,2026-01-16
Брусилів,Житомирська,Житомирський,50.28305,29.51889,2,0.5,2022-07-30,2026-03-30
Буськ,Львівська,Золочівський,49.965355,24.6089531,2,0.0,2025-07-10,2025-10-05
Бучмани,Житомирська,Коростенський,51.106682,28.01548,2,0.0,2026-01-01,2026-01-27
Біла Церква,Київська,Білоцерківський,49.7969703,30.1158069,2,0.0,2024-10-03,2026-03-29
Біле,Одеська,Ізмаїльський,45.40306,29.58309,2,0.5,2026-03-28,2026-09-02
Білий Колодязь,Харківська,Чугуївський,50.2928843,36.9370028,2,0.0,2025-10-28,2026-06-15
Білики,Полтавська,Миргородський,49.9658333,33.6113889,2,0.5,2026-03-08,2026-08-20
Білицьке,Донецька,Покровський,48.4683035,37.0903243,2,0.0,2025-12-14,2025-12-25
Білозерка,Херсонська,Херсонський,46.63078,32.44537,2,0.0,2026-03-08,2026-04-27
Білоусівка,Полтавська,Лубенський,50.2733333,32.9383333,2,0.0,2026-02-20,2026-03-08
Валки,Сумська,Сумський,50.5814148,34.4761301,2,0.0,2025-11-09,2026-03-09
Вапнярка,Вінницька,Тульчинський,48.5312383,28.7468189,2,0.0,2026-04-01,2026-05-17
Вапнярки,Вінницька,Тульчинський,48.5453497,28.5114332,2,0.0,2026-03-07,2026-05-15
Варварівка,Полтавська,Лубенський,49.7822104,33.2740646,2,0.0,2026-05-16,2026-05-29
Васильків,Черкаська,Звенигородський,49.0132605,31.393139,2,0.0,2024-12-31,2025-10-12
Велика Виска,Кіровоградська,Новоукраїнський,48.566271,31.855744,2,0.5,2026-01-30,2026-08-12
Велика Тернівка,Запорізька,Мелітопольський,46.69636,35.15522,2,0.0,2025-11-27,2026-04-22
Високопілля,Херсонська,Бериславський,47.4933112,33.528245,2,0.0,2025-12-19,2026-02-27
Вовчицьк,Волинська,Камінь-Каширський,51.2908106,25.537878,2,1.0,2022-06-27,2022-06-27
Вознівці,Вінницька,Жмеринський,48.97121,28.10989,2,0.0,2026-04-01,2026-05-12
Волинське,Херсонська,Каховський,46.5515874,33.8199563,2,0.0,2025-06-09,2025-06-09
Волноваха,Донецька,Волноваський,47.5984285,37.4998511,2,0.0,2022-03-04,2022-03-04
Володимир,Волинська,Володимир-Волинський,50.8474669,24.319319,2,0.0,2026-02-06,2026-02-06
Володимирівка,Вінницька,Жмеринський,49.0354593,28.1147317,2,0.0,2025-10-04,2026-04-01
Воронівка,Миколаївська,Вознесенський,47.356307,31.2367979,2,0.0,2025-11-07,2026-01-01
Гоголеве,Полтавська,Миргородський,49.8764366,34.0069282,2,0.0,2026-05-29,2026-05-29
Горностаївка,Чернігівська,Чернігівський,52.063057,31.173548,2,0.0,2025-10-23,2026-01-09
Гоща,Рівненська,Рівненський,50.60466,26.6827977,2,0.0,2026-01-01,2026-06-21
Грушівка,Дніпропетровська,Кам’янський,48.3747353,34.4569858,2,0.0,2026-06-20,2026-07-09
Гуляйполе,Дніпропетровська,Кам’янський,48.207699,34.24868,2,0.0,2025-11-07,2026-01-01
Гуляйполе,Запорізька,Пологівський,47.6655382,36.2656849,2,0.5,2022-05-08,2025-11-12
Дарницьке,Волинська,Володимир-Волинський,50.8622192,24.1505139,2,1.0,2026-08-04,2026-08-30
Дашів,Вінницька,Вінницький,49.1136358,29.2024356,2,0.5,2026-04-01,2026-07-31
Джурин,Вінницька,Жмеринський,48.681271,28.292053,2,0.5,2026-04-01,2026-07-02
Дмитрівка,Сумська,Конотопський,51.1960431,33.8288042,2,0.0,2026-02-13,2026-03-14
Добраничівка,Київська,Бориспільський,50.2758913,31.7634861,2,0.0,2026-01-11,2026-03-14
Добровілля,Дніпропетровська,Синельниківський,48.238911,36.217121,2,0.0,2026-03-08,2026-07-05
Доброслав,Одеська,Одеський,46.8193867,30.943207,2,0.0,2025-12-17,2026-03-28
Долинська,Кіровоградська,Кропивницький,48.1164313,32.7638204,2,0.5,2026-01-15,2026-08-26
Донецьк,Донецька,Донецький,48.0158753,37.8013407,2,1.0,2022-04-20,2022-08-04
Дружківка,Донецька,Краматорський,48.6198614,37.524945,2,0.0,2025-11-09,2025-12-24
Дубове,Полтавська,Лубенський,49.7822104,33.2740646,2,0.0,2026-02-20,2026-05-24
Жашків,Черкаська,Уманський,49.2478012,30.1066179,2,0.0,2026-03-06,2026-04-01
Зачепилівка,Харківська,Красноградський,49.1954572,35.2408676,2,0.5,2024-10-11,2026-06-26
Звенигородка,Кіровоградська,Олександрійський,48.670609,33.1169742,2,0.0,2025-07-21,2025-11-11
Золота Нива,Донецька,Волноваський,47.84091,36.83012,2,0.0,2022-04-11,2026-02-21
Золотуха,Київська,Білоцерківський,49.7337685,29.6624138,2,0.0,2025-05-07,2025-07-21
Золотухи,Полтавська,Лубенський,49.7875449,32.6997311,2,0.0,2026-03-08,2026-03-15
Зінці,Полтавська,Полтавський,49.551945,34.618332,2,0.0,2026-01-01,2026-01-13
Калинівка,Київська,Броварський,50.5637731,30.8228756,2,0.5,2026-01-04,2026-08-28
Кам'янець-Подільський,Хмельницька,Кам’янець-Подільський,48.6879663,26.6019747,2,0.0,2025-09-20,2025-11-19
Кам'яний Брід,Житомирська,Новоград-Волинський,50.371498,27.985924,2,0.0,2025-01-31,2025-02-07
Кам'янка,Вінницька,Вінницький,49.3232593,28.0837586,2,0.0,2026-04-01,2026-06-01
Кам'янка,Полтавська,Полтавський,49.8227778,34.5386111,2,0.0,2025-06-18,2025-07-22
Кам'яногірка,Вінницька,Вінницький,49.19472,29.53056,2,0.0,2024-09-27,2025-09-26
Кам'янське,Запорізька,Василівський,47.4431859,35.2803026,2,0.5,2026-07-13,2026-07-15
Кам'янське,Одеська,Болградський,45.9962017,29.431517,2,0.0,2024-03-30,2026-08-05
Капітанівка,Кіровоградська,Новоукраїнський,48.7969701,31.6523837,2,0.5,2025-02-25,2026-01-24
Карлівка,Донецька,Покровський,48.1997174,37.3399704,2,0.0,2025-11-05,2026-02-05
Каховка,Херсонська,Каховський,46.8054626,33.4817825,2,0.0,2024-11-17,2026-06-18
Клинове,Донецька,Бахмутський,48.5894123,38.0020994,2,1.0,2022-06-23,2022-06-27
Кодема,Донецька,Бахмутський,48.43803,38.22349,2,1.0,2022-07-14,2022-07-15
Козача Лопань,Харківська,Харківський,50.107307,36.1205965,2,0.5,2022-07-06,2026-03-11
Коломийці,Сумська,Сумський,50.881664,34.71088,2,0.5,2025-12-16,2026-08-16
Коломия,Івано-Франківська,Коломийський,48.5259211,25.0380538,2,0.0,2024-06-14,2026-05-20
Коломійцеве,Дніпропетровська,Криворізький,47.9559565,33.525732,2,0.0,2025-11-12,2025-11-30
Копайгород,Вінницька,Жмеринський,48.85654,27.7985,2,0.5,2026-02-17,2026-08-18
Корнин,Житомирська,Житомирський,50.09697,29.54018,2,0.0,2026-04-04,2026-05-15
Коровій Яр,Донецька,Краматорський,48.9801314,37.8168012,2,0.0,2023-10-05,2026-04-23
Костянтинівка,Донецька,Покровський,47.9401242,37.5022312,2,0.0,2024-12-20,2025-05-01
Краснодуб'я,Волинська,Ковельський,51.18633,24.61933,2,1.0,2022-07-05,2022-07-11
Краснопавлівка,Харківська,Лозівський,48.8842428,36.3160254,2,0.0,2025-10-23,2025-11-27
Краснопіль,Житомирська,Коростенський,50.8977565,28.3085694,2,0.0,2025-12-22,2026-06-26
Краснощокове,Дніпропетровська,Синельниківський,48.238911,36.217121,2,0.0,2025-11-11,2026-06-07
Крем'янка,Житомирська,Новоград-Волинський,50.712551,28.029209,2,0.0,2024-08-13,2025-05-25
Крива Балка,Одеська,Білгород-Дністровський,46.18755,29.86153,2,0.0,2026-07-29,2026-08-07
Кривенкове,Сумська,Шосткинський,51.7311446,33.8753315,2,0.0,2024-12-02,2026-07-01
Кривоносове,Кіровоградська,Кропивницький,47.90897,32.172771,2,0.0,2025-03-04,2026-06-14
Кривці,Полтавська,Лубенський,49.7822104,33.2740646,2,0.0,2025-07-17,2025-07-22
Кропивня,Житомирська,Житомирський,50.3201518,29.0584885,2,0.0,2024-10-03,2026-05-12
Кулиничі,Харківська,Харківський,49.98745,36.513748,2,0.0,2026-05-01,2026-05-26
Лебединське,Донецька,Маріупольський,47.1701321,37.6952892,2,0.0,2025-09-17,2026-02-14
Лиман,Одеська,Білгород-Дністровський,45.673229,29.741247,2,0.0,2026-01-21,2026-06-05
Лиманське,Дніпропетровська,Павлоградський,48.550991,35.786591,2,0.0,2025-08-30,2025-10-23
Лиманівка,Запорізька,Василівський,47.2817378,35.3955872,2,0.0,2026-01-09,2026-03-31
Лисянка,Вінницька,Вінницький,49.259651,28.36672,2,0.5,2026-04-15,2026-09-02
Лозове,Сумська,Сумський,50.7712539,35.2563391,2,0.0,2025-08-04,2026-02-25
Лозівський,Луганська,Алчевський,48.5782151,38.9451299,2,0.0,2026-06-05,2026-06-26
Лосинівка,Чернігівська,Ніжинський,50.8422398,31.9170092,2,0.0,2026-02-03,2026-02-06
Любар,Житомирська,Житомирський,49.9231632,27.7487535,2,0.0,2025-10-05,2026-05-20
Мала Виска,Кіровоградська,Новоукраїнський,48.6404935,31.634205,2,0.0,2026-04-04,2026-08-31
Малокатеринівка,Запорізька,Запорізький,47.71671,35.20981,2,0.0,2025-11-22,2025-12-21
Маріуполь,Донецька,Маріупольський,47.0957648,37.5499621,2,0.0,2022-03-19,2022-04-05
Микове,Волинська,Луцький,50.8333448,25.4648622,2,0.0,2022-03-11,2026-02-13
Миколаївка,Житомирська,Новоград-Волинський,50.575901,27.76726,2,0.0,2025-05-03,2026-05-12
Миколаївка,Кіровоградська,Кропивницький,48.473549,32.192291,2,0.0,2024-04-10,2026-01-30
Михайло-Коцюбинське,Чернігівська,Чернігівський,51.4502116,31.0792876,2,0.0,2025-07-11,2025-12-24
Нова Борова,Житомирська,Житомирський,50.6933301,28.6396035,2,0.5,2026-01-01,2026-08-09
Нове,Миколаївська,Миколаївський,46.649658,31.506041,2,1.0,2026-08-22,2026-08-27
Новий Мир,Дніпропетровська,Нікопольський,47.770885,34.729996,2,0.0,2026-02-06,2026-05-23
Новодонецьке,Донецька,Краматорський,48.6342604,36.9819183,2,0.0,2026-03-08,2026-06-15
Новопетрівка,Сумська,Сумський,50.5814148,34.4761301,2,0.0,2026-03-11,2026-07-20
Новосілка,Миколаївська,Вознесенський,47.529674,31.3240378,2,0.0,2026-02-28,2026-06-16
Нові Білярі,Одеська,Одеський,46.6225029,31.0994897,2,0.0,2026-02-16,2026-06-20
Обухівка,Дніпропетровська,Дніпровський,48.5495226,34.8545508,2,0.0,2024-10-31,2025-11-05
Обухівка,Житомирська,Бердичівський,49.826771,28.377001,2,0.0,2024-11-08,2025-07-15
Озерне,Вінницька,Вінницький,49.19472,29.53056,2,0.0,2026-04-01,2026-05-20
Озерне,Житомирська,Житомирський,49.9231632,27.7487535,2,0.0,2026-02-01,2026-05-12
Оріхове,Дніпропетровська,Дніпровський,48.20423,34.87713,2,0.0,2025-06-30,2025-12-30
Павловичі,Волинська,Володимир-Волинський,50.7799387,24.8430189,2,0.0,2025-07-09,2026-02-13
Первомайськ,Миколаївська,Первомайський,48.045745,30.8475997,2,0.0,2025-04-25,2025-06-06
Первомайське,Дніпропетровська,Синельниківський,48.21041,36.03035,2,0.0,2025-04-15,2026-06-01
Петрове,Кіровоградська,Олександрійський,48.33607,33.26626,2,0.0,2026-07-23,2026-08-26
Пирятин,Львівська,Львівський,50.1346697,23.8537195,2,0.0,2026-01-13,2026-03-24
Полтавка,Донецька,Краматорський,48.49425,37.66654,2,0.0,2024-10-30,2025-09-17
Полтавка,Миколаївська,Баштанський,47.5752739,32.6213011,2,0.0,2025-05-17,2026-07-19
Потапівка,Сумська,Шосткинський,51.767231,34.06345,2,0.0,2025-08-20,2025-09-18
Прилуки,Житомирська,Коростенський,51.3259771,28.8026718,2,0.0,2025-10-05,2026-05-28
Приліпка,Полтавська,Кременчуцький,49.2136111,33.8413889,2,0.0,2025-11-07,2025-12-24
Рибацьке,Донецька,Маріупольський,47.0957648,37.5499621,2,0.0,2026-06-01,2026-08-19
Рогатин,Івано-Франківська,Івано-Франківський,49.4092703,24.6105811,2,0.0,2026-02-20,2026-03-01
Рівне,Запорізька,Василівський,47.2817378,35.3955872,2,0.0,2026-06-01,2026-06-21
Рівнинне,Вінницька,Хмільницький,49.4583688,28.5262638,2,0.5,2025-08-21,2026-08-27
Сатанів,Хмельницька,Хмельницький,49.2485345,26.2484407,2,0.0,2025-10-05,2026-02-07
Сергіївка,Дніпропетровська,Павлоградський,48.5881998,35.903293,2,0.0,2026-03-24,2026-03-28
Серебряниця,Волинська,Ковельський,51.08299,24.52389,2,1.0,2022-07-07,2022-08-14
Славгород,Сумська,Сумський,50.7712539,35.2563391,2,0.0,2025-11-16,2026-05-26
Славне,Донецька,Покровський,47.9401242,37.5022312,2,0.0,2025-11-24,2026-02-21
Славне,Запорізька,Запорізький,47.7141975,35.5322725,2,0.0,2026-01-26,2026-08-14
Славнівка,Полтавська,Полтавський,49.259043,34.2690187,2,0.0,2026-01-05,2026-05-23
Слов'янка,Дніпропетровська,Криворізький,47.6617478,33.7180001,2,0.0,2025-04-18,2026-03-08
Смоленка,Дніпропетровська,Кам’янський,48.207699,34.24868,2,0.0,2025-10-04,2026-02-22
Смотрич,Хмельницька,Кам’янець-Подільський,48.94993,26.55808,2,0.0,2026-02-07,2026-03-24
Сновидовичі,Житомирська,Коростенський,51.22272,27.64881,2,0.0,2025-11-26,2026-05-27
Снігурівка,Запорізька,Пологівський,47.2557432,35.7021159,2,0.0,2026-03-10,2026-04-25
Соснова,Київська,Бориспільський,50.2026673,31.6137276,2,0.0,2025-10-04,2026-07-22
Соснівка,Полтавська,Миргородський,50.20203,34.0387209,2,0.0,2026-03-21,2026-07-23
Спірне,Донецька,Бахмутський,48.6948731,38.0627964,2,0.5,2022-07-06,2022-07-12
Стара Вижівка,Волинська,Ковельський,51.4422955,24.438565,2,0.5,2022-03-04,2022-08-16
Стара Гута,Вінницька,Хмільницький,49.556175,27.9491205,2,0.0,2025-10-04,2026-03-29
Стара Осота,Кіровоградська,Кропивницький,48.9656487,32.2383382,2,0.0,2023-11-28,2026-02-17
Староаврамівка,Полтавська,Лубенський,49.7822104,33.2740646,2,0.0,2025-04-23,2025-07-05
Старовичі,Київська,Вишгородський,50.93301,29.9042867,2,0.0,2024-12-19,2025-02-03
Старосілля,Одеська,Білгород-Дністровський,46.340572,29.566586,2,0.5,2026-03-07,2026-07-13
Стримба,Івано-Франківська,Надвірнянський,48.6335887,24.5684038,2,0.0,2024-11-28,2024-11-28
Сухий,Закарпатська,Ужгородський,48.992908,22.695318,2,0.5,2022-07-21,2022-08-13
Сіверськ,Донецька,Бахмутський,48.8676267,38.0902435,2,1.0,2022-05-27,2022-06-14
Терни,Полтавська,Полтавський,49.898056,34.801388,2,0.0,2026-05-01,2026-05-03
Тернова,Хмельницька,Кам’янець-Подільський,49.02305,26.84338,2,0.0,2024-12-13,2025-07-21
Тернівка,Київська,Обухівський,49.8650658,30.8226786,2,0.0,2026-05-19,2026-06-01
Тернівщина,Полтавська,Лубенський,50.0118206,33.0030821,2,0.0,2026-07-23,2026-07-23
Тетіїв,Київська,Білоцерківський,49.3686166,29.6771098,2,0.0,2025-11-12,2026-04-01
Тишківка,Вінницька,Гайсинський,48.797123,29.720028,2,0.0,2026-02-17,2026-04-01
Томашпіль,Вінницька,Тульчинський,48.5453497,28.5114332,2,0.5,2026-04-01,2026-08-18
Тузли,Миколаївська,Миколаївський,46.6612599,31.2085145,2,0.5,2026-05-17,2026-08-15
Тульчин,Вінницька,Тульчинський,48.6730485,28.8569476,2,0.5,2026-04-01,2026-09-02
Утківка,Харківська,Харківський,49.8183386,36.0628675,2,1.0,2026-06-19,2026-08-30
Хмельове,Кіровоградська,Новоукраїнський,48.6014602,31.2957107,2,0.0,2026-06-20,2026-07-31
Ходорів,Львівська,Стрийський,49.4065802,24.3140241,2,0.0,2026-02-07,2026-02-08
Холмисте,Донецька,Донецький,48.0448144,37.9635093,2,0.0,2026-02-17,2026-02-24
Хороша,Вінницька,Гайсинський,48.8120874,29.3893874,2,0.0,2025-12-06,2026-02-17
Хорошеве,Дніпропетровська,Синельниківський,48.4043673,35.275539,2,0.0,2025-07-15,2026-03-22
Хутір,Хмельницька,Шепетівський,50.288891,27.31098,2,0.0,2025-12-06,2026-01-16
Цвіткове,Дніпропетровська,Криворізький,47.66556,33.1152,2,0.0,2025-07-20,2025-07-21
Черненко,Донецька,Маріупольський,47.1701321,37.6952892,2,0.0,2025-12-11,2026-04-26
Чернече,Черкаська,Черкаський,49.0775098,32.6664089,2,0.0,2025-10-05,2025-10-05
Чернеччина,Сумська,Охтирський,50.308109,34.80949,2,0.0,2024-10-22,2026-03-23
Чигирин,Одеська,Березівський,47.1691588,30.8145604,2,0.0,2025-09-16,2026-06-01
Чорне,Харківська,Куп’янський,50.185158,37.5181193,2,0.0,2024-08-22,2025-12-15
Чорномин,Вінницька,Тульчинський,48.2077558,28.8864581,2,0.5,2025-07-20,2026-08-31
Чорноплеси,Волинська,Ковельський,51.2234546,24.0315783,2,0.5,2022-03-30,2022-07-10
Чупахівка,Сумська,Охтирський,50.379852,34.584534,2,0.0,2025-09-10,2026-02-02
Шалигине,Сумська,Шосткинський,51.575661,34.099838,2,0.0,2025-11-07,2026-07-23
Шарівка,Дніпропетровська,Дніпровський,48.9985575,34.3960233,2,0.0,2026-01-16,2026-01-30
Шевченко,Донецька,Волноваський,47.97781,36.74678,2,0.0,2025-12-14,2026-02-21
Шевченкове,Сумська,Сумський,50.9119775,34.8027723,2,0.0,2026-05-11,2026-06-24
Шилівка,Полтавська,Полтавський,50.21026,34.35768,2,0.0,2025-12-13,2026-03-17
Шостаківка,Донецька,Краматорський,48.6342604,36.9819183,2,0.0,2025-12-06,2026-02-24
Яворницьке,Запорізька,Запорізький,47.910351,34.901161,2,0.0,2026-02-09,2026-06-03
Яковичі,Волинська,Володимир-Волинський,50.801533,24.337662,2,1.0,2022-05-25,2022-08-01
Ярмолинці,Вінницька,Гайсинський,48.8120874,29.3893874,2,0.0,2026-02-17,2026-04-01
Ємільчине,Житомирська,Новоград-Волинський,50.872091,27.8047443,1,0.0,2026-07-05,2026-07-05
Єнакієве,Донецька,Горлівський,48.2305107,38.185045,1,0.0,2023-03-03,2023-03-03
Єреміївка,Одеська,Роздільнянський,46.8546716,30.0711363,1,0.0,2025-11-09,2025-11-09
Іванків,Вінницька,Могилів-Подільський,48.2400683,28.2779272,1,0.0,2026-03-24,2026-03-24
Іванків,Житомирська,Житомирський,50.3439043,28.6854007,1,0.0,2026-08-03,2026-08-03
Івано-Ганнівка,Запорізька,Запорізький,47.79911,35.305592,1,0.0,2026-06-01,2026-06-01
Івано-Михайлівка,Дніпропетровська,Новомосковський,48.8082927,35.2563381,1,0.0,2025-05-23,2025-05-23
Івано-Франківськ,Івано-Франківська,Івано-Франківський,48.9225224,24.7103188,1,0.0,2025-07-21,2025-07-21
Іванопіль,Житомирська,Бердичівський,49.833641,28.0529,1,0.0,2024-08-21,2024-08-21
Іванівка,Миколаївська,Миколаївський,46.6529086,31.6211184,1,0.0,2024-09-27,2024-09-27
Ізмайлівка,Кіровоградська,Олександрійський,48.670609,33.1169742,1,0.0,2026-04-11,2026-04-11
Інгулець,Дніпропетровська,Криворізький,48.061314,33.2810237,1,0.0,2026-02-17,2026-02-17
Ірдинь,Черкаська,Черкаський,49.2975805,31.8935819,1,0.0,2026-02-01,2026-02-01
Алтинівка,Сумська,Конотопський,51.5548654,33.3875984,1,0.0,2026-03-13,2026-03-13
Ананьїв,Одеська,Подільський,47.7178669,29.9601889,1,0.0,2025-12-09,2025-12-09
Андріївка,Дніпропетровська,Синельниківський,48.352551,35.45631,1,0.0,2025-10-04,2025-10-04
Архангельське,Донецька,Покровський,48.24612,37.60311,1,0.0,2026-02-21,2026-02-21
Базар,Житомирська,Коростенський,51.2037677,29.0913215,1,0.0,2025-07-21,2025-07-21
Балакирівка,Луганська,Старобільський,49.2822424,38.897386,1,0.0,2026-06-21,2026-06-21
Баланове,Миколаївська,Миколаївський,46.649658,31.506041,1,0.0,2026-05-04,2026-05-04
Балта,Одеська,Подільський,47.9363162,29.6225979,1,0.0,2024-11-28,2024-11-28
Бар,Вінницька,Жмеринський,49.077621,27.6813781,1,0.0,2025-01-25,2025-01-25
Барвінщина,Полтавська,Лубенський,50.0118206,33.0030821,1,0.0,2026-07-23,2026-07-23
Барок,Вінницька,Жмеринський,48.85654,27.7985,1,0.0,2026-05-11,2026-05-11
Баштанівка,Одеська,Білгород-Дністровський,45.8398696,29.6166537,1,0.0,2025-11-23,2025-11-23
Безлюдівка,Харківська,Харківський,49.87072,36.29848,1,0.0,2026-08-09,2026-08-09
Бережани,Тернопільська,Тернопільський,49.4450296,24.938854,1,0.0,2025-07-10,2025-07-10
Бережниця,Івано-Франківська,Калуський,48.954788,24.334322,1,0.0,2026-02-07,2026-02-07
Березань,Одеська,Одеський,46.614494,30.39809,1,0.0,2026-01-18,2026-01-18
Березне,Рівненська,Рівненський,51.0035653,26.7524487,1,0.0,2026-05-31,2026-05-31
Березнегувате,Кіровоградська,Кропивницький,48.2497235,32.2043672,1,0.0,2026-01-24,2026-01-24
Березнуватка,Дніпропетровська,Синельниківський,48.352551,35.45631,1,0.0,2025-11-20,2025-11-20
Березняки,Полтавська,Лубенський,49.7822104,33.2740646,1,0.0,2025-12-24,2025-12-24
Березівка,Вінницька,Вінницький,48.9654035,28.8430131,1,0.0,2026-04-01,2026-04-01
Березівка,Запорізька,Пологівський,47.3624,36.65108,1,0.0,2026-03-18,2026-03-18
Березівка,Кіровоградська,Кропивницький,47.90897,32.172771,1,0.0,2026-03-29,2026-03-29
Березівка,Полтавська,Лубенський,50.0118206,33.0030821,1,0.0,2025-11-13,2025-11-13
Беседівка,Сумська,Роменський,50.809021,33.767509,1,0.0,2022-03-01,2022-03-01
Благовіщенське,Кіровоградська,Голованівський,48.327711,30.2344886,1,0.0,2026-06-21,2026-06-21
Благодатне,Харківська,Богодухівський,49.8305999,35.6088208,1,0.0,2026-06-30,2026-06-30
Бобрівник,Полтавська,Полтавський,50.21026,34.35768,1,0.0,2026-02-12,2026-02-12
Богоявленка,Донецька,Волноваський,47.7805058,37.2484374,1,0.0,2026-03-05,2026-03-05
Борисівка,Запорізька,Мелітопольський,46.9464984,35.4405448,1,0.0,2026-06-04,2026-06-04
Боровиця,Житомирська,Коростенський,50.8977565,28.3085694,1,0.0,2025-07-21,2025-07-21
Боровуха,Волинська,Ковельський,51.865421,24.61659,1,1.0,2022-06-24,2022-06-24
Борок,Житомирська,Житомирський,50.08255,29.09866,1,0.0,2026-06-04,2026-06-04
Борівка,Вінницька,Могилів-Подільський,48.5406973,28.1221153,1,0.0,2026-04-01,2026-04-01
Брага,Хмельницька,Кам’янець-Подільський,48.550991,26.488041,1,0.0,2025-07-11,2025-07-11
Бражине,Донецька,Горлівський,48.0220754,38.7634612,1,1.0,2022-07-18,2022-07-18
Броди,Житомирська,Коростенський,50.862558199999995,28.589190512469205,1,0.0,2026-01-27,2026-01-27
Броди,Львівська,Золочівський,50.0833041,25.1437921,1,0.0,2025-06-06,2025-06-06
Буки,Черкаська,Уманський,49.091744,30.4026306,1,0.0,2025-02-25,2025-02-25
Бучач,Тернопільська,Чортківський,49.0630503,25.389969,1,0.0,2026-02-07,2026-02-07
Бігунь,Житомирська,Коростенський,51.377941,28.358181,1,0.0,2025-05-07,2025-05-07
Біла Криниця,Житомирська,Житомирський,50.5929252,29.4530965,1,0.0,2025-07-05,2025-07-05
Біле,Львівська,Львівський,49.6693553,24.5584141,1,0.0,2025-07-09,2025-07-09
Білики,Чернігівська,Чернігівський,50.9508278,30.8782419,1,1.0,2026-08-12,2026-08-12
Білогуби,Полтавська,Кременчуцький,49.5972685,33.179559,1,0.0,2024-10-07,2024-10-07
Білозірка,Миколаївська,Миколаївський,47.039509,32.439911,1,0.0,2026-05-04,2026-05-04
Білопіль,Кіровоградська,Кропивницький,48.3658045,32.6572986,1,0.0,2026-02-01,2026-02-01
Білоусове,Харківська,Богодухівський,49.8436,35.31349,1,0.0,2026-03-02,2026-03-02
Біляївка,Запорізька,Запорізький,47.946049,35.463181,1,0.0,2025-12-20,2025-12-20
Валки,Житомирська,Житомирський,50.6933301,28.6396035,1,0.0,2026-01-18,2026-01-18
Валіївка,Сумська,Сумський,50.9395138,34.3729195,1,0.0,2026-03-09,2026-03-09
Василівка,Вінницька,Вінницький,49.1136358,29.2024356,1,0.0,2025-07-20,2025-07-20
Василівка,Дніпропетровська,Новомосковський,48.8082927,35.2563381,1,0.0,2026-02-02,2026-02-02
Вашківці,Чернівецька,Дністровський,48.412971,27.135889,1,0.0,2026-02-07,2026-02-07
Верхньодніпровськ,Дніпропетровська,Кам’янський,48.6541915,34.3347779,1,0.0,2026-02-02,2026-02-02
Верхівцеве,Дніпропетровська,Кам’янський,48.48404,34.24232,1,0.0,2026-06-17,2026-06-17
Веселе,Волинська,Луцький,50.769734,25.010768,1,1.0,2022-07-08,2022-07-08
Веселе,Дніпропетровська,Синельниківський,48.352551,35.45631,1,0.0,2026-03-10,2026-03-10
Веселе,Харківська,Ізюмський,49.39625,37.05036,1,0.0,2022-03-13,2022-03-13
Веселинове,Миколаївська,Вознесенський,47.356307,31.2367979,1,1.0,2026-08-30,2026-08-30
Веселівка,Вінницька,Вінницький,49.4848166,29.2579157,1,0.0,2026-07-01,2026-07-01
Визирка,Одеська,Одеський,46.696785,30.997566,1,1.0,2026-07-29,2026-07-29
Висипівці,Тернопільська,Тернопільський,49.627991,25.33173,1,0.0,2026-01-23,2026-01-23
Високий,Харківська,Харківський,49.8911681,36.1286649,1,0.0,2026-06-09,2026-06-09
Вишневе,Чернігівська,Ніжинський,50.7415033,31.3860852,1,1.0,2026-07-01,2026-07-01
Вишнівка,Вінницька,Вінницький,49.4848166,29.2579157,1,0.0,2026-04-01,2026-04-01
Вишнівка,Харківська,Куп’янський,49.769779,37.586632,1,0.0,2026-06-02,2026-06-02
Вовковинці,Хмельницька,Хмельницький,49.2073568,27.6559732,1,1.0,2022-07-13,2022-07-13
Володарка,Київська,Білоцерківський,49.5224979,29.9280475,1,0.0,2026-05-23,2026-05-23
Ворзель,Київська,Бучанський,50.5503127,30.2106925,1,1.0,2026-09-01,2026-09-01
Вороне,Дніпропетровська,Синельниківський,47.9741006,36.4563294,1,0.0,2025-10-28,2025-10-28
Воронівка,Одеська,Одеський,46.696785,30.997566,1,0.0,2025-12-30,2025-12-30
Воскресенівка,Дніпропетровська,Новомосковський,49.01825,35.35915,1,0.0,2026-02-13,2026-02-13
Врубівка,Луганська,Сєвєродонецький,48.6322687,38.3777033,1,1.0,2022-06-15,2022-06-15
Вугледар,Донецька,Волноваський,47.7805058,37.2484374,1,1.0,2022-07-15,2022-07-15
Вільгір,Рівненська,Рівненський,50.5426,26.5258,1,0.0,2026-03-14,2026-03-14
Вільне,Харківська,Ізюмський,49.4521336,36.8397826,1,1.0,2026-07-16,2026-07-16
Вільний Яр,Миколаївська,Вознесенський,47.6895064,31.2785396,1,0.0,2026-07-13,2026-07-13
Вільшана,Сумська,Роменський,50.819687,34.022835,1,0.0,2026-02-23,2026-02-23
Вільшанка,Одеська,Подільський,48.1246576,30.0796984,1,0.0,2026-04-03,2026-04-03
Вільшанська Нива,Київська,Фастівський,50.18726,29.80797,1,0.0,2026-06-14,2026-06-14
Віньківці,Хмельницька,Хмельницький,49.0347398,27.2320952,1,0.0,2026-04-01,2026-04-01
Вісичі,Полтавська,Полтавський,49.3338321,34.3148631,1,0.0,2026-03-14,2026-03-14
Гадяч,Харківська,Красноградський,49.346809,35.47588,1,0.0,2025-05-07,2025-05-07
Гайдамацьке,Дніпропетровська,Дніпровський,48.20423,34.87713,1,0.0,2026-02-17,2026-02-17
Герца,Чернівецька,Чернівецький,48.1505805,26.2589723,1,0.0,2026-02-07,2026-02-07
Глибне,Сумська,Сумський,50.7712539,35.2563391,1,0.0,2026-01-18,2026-01-18
Глухове,Полтавська,Полтавський,49.5897423,34.5507948,1,0.0,2025-12-24,2025-12-24
Глібівка,Київська,Вишгородський,50.7835487,30.3078042,1,0.0,2025-05-07,2025-05-07
Голоби,Волинська,Ковельський,51.0859784,25.015465,1,0.0,2026-01-01,2026-01-01
Головкове,Дніпропетровська,Нікопольський,47.748482,34.380531,1,0.0,2026-01-23,2026-01-23
Гомельське,Дніпропетровська,Криворізький,48.0477159,33.4276509,1,0.0,2022-03-31,2022-03-31
Гончарове,Дніпропетровська,Криворізький,48.103291,33.751369,1,0.0,2026-01-05,2026-01-05
Горлівка,Донецька,Горлівський,48.3058686,38.0027664,1,1.0,2022-08-12,2022-08-12
Городище,Вінницька,Вінницький,49.3232593,28.0837586,1,0.0,2025-11-12,2025-11-12
Городище,Полтавська,Лубенський,50.2733333,32.9383333,1,0.0,2026-01-05,2026-01-05
Городище,Черкаська,Черкаський,49.2686,31.4331682,1,0.0,2025-12-15,2025-12-15
Городок,Вінницька,Гайсинський,49.0062062,29.4416807,1,0.0,2026-02-17,2026-02-17
Городок,Житомирська,Житомирський,50.5929252,29.4530965,1,0.0,2025-12-01,2025-12-01
Горохів,Волинська,Луцький,50.4986166,24.7600734,1,0.0,2026-02-06,2026-02-06
Горіхівка,Кіровоградська,Кропивницький,47.90897,32.172771,1,0.0,2025-02-21,2025-02-21
Гостре,Донецька,Покровський,47.9835214,37.2826414,1,0.0,2024-07-29,2024-07-29
Гострий Камінь,Дніпропетровська,Синельниківський,48.331689,35.7132916,1,0.0,2025-09-30,2025-09-30
Градизьк,Полтавська,Кременчуцький,49.2311773,33.1206291,1,0.0,2026-04-04,2026-04-04
Гребінки,Київська,Білоцерківський,49.95346,30.1763499,1,0.0,2024-10-03,2024-10-03
Грибівка,Одеська,Одеський,46.2250393,30.531351,1,1.0,2026-07-31,2026-07-31
Григоровичі,Волинська,Луцький,50.5831266,25.0807256,1,1.0,2022-07-19,2022-07-19
Гудове,Сумська,Шосткинський,51.575661,34.099838,1,1.0,2022-06-03,2022-06-03
Гуляйгородок,Миколаївська,Баштанський,46.9581182,32.702749,1,0.0,2025-11-07,2025-11-07
Гусарівка,Житомирська,Коростенський,51.337784,28.897268,1,1.0,2022-07-31,2022-07-31
Гірник,Донецька,Покровський,47.9835214,37.2826414,1,0.0,2025-07-22,2025-07-22
Давидівка,Луганська,Ровеньківський,48.1790971,38.8818684,1,1.0,2022-05-20,2022-05-20
Дарниця,Миколаївська,Вознесенський,48.0064483,31.4995082,1,0.0,2026-02-12,2026-02-12
Дачне,Дніпропетровська,Криворізький,47.89455,33.941921,1,0.0,2026-07-04,2026-07-04
Дачне,Одеська,Одеський,46.577221,30.54817,1,0.0,2026-06-03,2026-06-03
Демурине,Дніпропетровська,Синельниківський,48.2553506,36.7322839,1,0.0,2026-08-19,2026-08-19
Деражне,Рівненська,Рівненський,50.862228,26.047899,1,0.0,2026-01-01,2026-01-01
Деражня,Хмельницька,Хмельницький,49.2688322,27.4327085,1,0.0,2025-10-05,2025-10-05
Десна,Вінницька,Вінницький,49.2320162,28.467975,1,0.0,2026-05-12,2026-05-12
Дмитрівка,Дніпропетровська,Синельниківський,48.389278,36.315651,1,0.0,2026-03-23,2026-03-23
Дмитрівка,Миколаївська,Миколаївський,46.8544054,31.3874915,1,0.0,2026-07-23,2026-07-23
Дмитрівка,Чернігівська,Ніжинський,50.9343619,32.9457499,1,0.0,2025-11-11,2025-11-11
Дніпряни,Херсонська,Каховський,46.7583404,33.3566678,1,0.0,2024-05-21,2024-05-21
Дністровець,Одеська,Подільський,47.5399,29.45881,1,0.0,2024-12-08,2024-12-08
Добощівка,Львівська,Яворівський,49.79235,23.147933,1,0.0,2025-12-13,2025-12-13
Добровеличківка,Кіровоградська,Новоукраїнський,48.38791,31.17748,1,0.0,2026-03-17,2026-03-17
Добровільське,Миколаївська,Баштанський,47.835215,32.8241797,1,0.0,2026-01-03,2026-01-03
Добротвір,Львівська,Червоноградський,50.2057172,24.3857048,1,0.0,2026-02-07,2026-02-07
Добрянка,Чернігівська,Чернігівський,52.063057,31.173548,1,0.0,2026-06-07,2026-06-07
Долинське,Дніпропетровська,Дніпровський,48.3615514,34.6844602,1,0.0,2026-01-22,2026-01-22
Доломітне,Донецька,Бахмутський,48.43803,38.22349,1,1.0,2022-07-09,2022-07-09
Доманівка,Київська,Вишгородський,50.93301,29.9042867,1,0.0,2026-07-01,2026-07-01
Доманівка,Миколаївська,Вознесенський,47.6322253,30.9892003,1,1.0,2026-08-30,2026-08-30
Домаха,Дніпропетровська,Павлоградський,48.550991,35.786591,1,0.0,2025-11-15,2025-11-15
Донець,Харківська,Чугуївський,49.5989864,36.5242153,1,0.0,2025-12-01,2025-12-01
Драбинівка,Полтавська,Полтавський,49.272533,34.592682,1,0.0,2026-01-12,2026-01-12
Дубове,Київська,Броварський,50.3132713,31.4689158,1,0.0,2026-02-02,2026-02-02
Дубове,Одеська,Подільський,47.5399,29.45881,1,0.0,2026-03-03,2026-03-03
Дубовий Гай,Запорізька,Запорізький,47.97146,35.89886,1,0.0,2026-03-10,2026-03-10
Дубравка,Дніпропетровська,Новомосковський,48.9145571,34.9291661,1,0.0,2026-06-08,2026-06-08
Дубівка,Кіровоградська,Кропивницький,48.3658045,32.6572986,1,0.0,2024-10-18,2024-10-18
Дунайка,Київська,Білоцерківський,49.7337685,29.6624138,1,0.0,2025-07-21,2025-07-21
Дунаїв,Львівська,Львівський,49.6693553,24.5584141,1,0.0,2025-10-05,2025-10-05
Діброва,Волинська,Камінь-Каширський,51.7632795,25.5048264,1,0.0,2022-04-20,2022-04-20
Діброва,Вінницька,Жмеринський,49.077621,27.6813781,1,0.0,2026-02-07,2026-02-07
Дігтярівка,Сумська,Роменський,50.809021,33.767509,1,0.0,2026-05-22,2026-05-22
Енергодар,Запорізька,Василівський,47.4900575,34.6602709,1,0.0,2024-07-28,2024-07-28
Есхар,Харківська,Чугуївський,49.8377053,36.5549759,1,0.0,2026-02-28,2026-02-28
Жидачів,Львівська,Стрийський,49.3831172,24.1426813,1,0.0,2026-02-07,2026-02-07
Заводське,Сумська,Конотопський,51.252941,33.124119,1,0.0,2026-05-28,2026-05-28
Зайцеве,Донецька,Бахмутський,48.43803,38.22349,1,1.0,2022-08-14,2022-08-14
Закупне,Хмельницька,Кам’янець-Подільський,49.1205929,26.3381922,1,0.0,2026-03-24,2026-03-24
Залізничне,Вінницька,Хмільницький,49.7195867,28.8354279,1,0.0,2026-02-07,2026-02-07
Залізничне,Харківська,Чугуївський,49.7154088,36.9345851,1,0.0,2026-03-03,2026-03-03
Залісся,Волинська,Камінь-Каширський,51.469231,24.88472,1,0.0,2022-03-09,2022-03-09
Запоріжжя,Кіровоградська,Олександрійський,48.721619,33.067471,1,0.0,2025-12-05,2025-12-05
Запорізьке,Донецька,Волноваський,47.4242451,37.7344444,1,0.0,2023-10-05,2023-10-05
Запорізьке,Херсонська,Каховський,46.83025,33.86639,1,0.0,2026-06-03,2026-06-03
Запілля,Житомирська,Коростенський,51.07853,28.3976,1,0.0,2025-01-07,2025-01-07
Затока,Львівська,Яворівський,49.9220001,23.7311549,1,0.0,2026-03-24,2026-03-24
Затон,Полтавська,Миргородський,49.7852778,33.7213889,1,0.0,2025-12-24,2025-12-24
Збараж,Вінницька,Хмільницький,49.5337018,28.8450733,1,0.0,2026-04-01,2026-04-01
Звенигородка,Миколаївська,Вознесенський,47.356307,31.2367979,1,0.0,2026-07-13,2026-07-13
Зелена,Волинська,Ковельський,51.2120538,24.708894,1,1.0,2022-08-16,2022-08-16
Зеленолужне,Волинська,Луцький,50.4986166,24.7600734,1,1.0,2022-05-12,2022-05-12
Зеленівка,Херсонська,Херсонський,46.6412644,32.625794,1,0.0,2025-12-16,2025-12-16
Златопілля,Кіровоградська,Кропивницький,47.90897,32.172771,1,0.0,2026-01-24,2026-01-24
Знам'янка,Миколаївська,Миколаївський,46.862518,32.191662,1,0.0,2024-11-28,2024-11-28
Золочів,Львівська,Золочівський,49.8056522,24.8988858,1,0.0,2026-03-24,2026-03-24
Золочівське,Одеська,Березівський,47.346951,30.30682,1,0.0,2025-12-24,2025-12-24
Зілове,Волинська,Ковельський,51.229557,24.3449012,1,1.0,2022-07-09,2022-07-09
Казанка,Миколаївська,Баштанський,47.835215,32.8241797,1,1.0,2026-08-21,2026-08-21
Казанківка,Дніпропетровська,Криворізький,47.66556,33.1152,1,0.0,2026-03-29,2026-03-29
Кам'яна Гребля,Київська,Білоцерківський,49.7337685,29.6624138,1,0.0,2025-10-24,2025-10-24
Кам'янка,Волинська,Ковельський,51.4909494,23.9219323,1,0.0,2022-03-25,2022-03-25
Кам'янка,Донецька,Горлівський,48.3119524,38.2609048,1,0.0,2025-09-16,2025-09-16
Кам'янка,Черкаська,Черкаський,49.0401185,32.1008691,1,0.0,2024-08-16,2024-08-16
Канафости,Львівська,Самбірський,49.6544518,23.4873856,1,0.0,2024-01-02,2024-01-02
Капитолівка,Харківська,Ізюмський,49.173799,37.4273429,1,0.0,2022-03-12,2022-03-12
Караван,Харківська,Харківський,49.9435604,35.9185185,1,0.0,2026-05-20,2026-05-20
Карлівка,Миколаївська,Миколаївський,47.3684734,31.9874081,1,0.0,2026-05-29,2026-05-29
Кегичівка,Харківська,Красноградський,49.2862713,35.7694811,1,0.0,2026-03-07,2026-03-07
Кирияківка,Полтавська,Кременчуцький,49.2311773,33.1206291,1,0.0,2025-11-05,2025-11-05
Кислиця,Одеська,Ізмаїльський,45.4029271,28.8768576,1,0.0,2026-01-01,2026-01-01
Клевань,Рівненська,Рівненський,50.7464848,26.006327,1,0.0,2026-01-27,2026-01-27
Клембівка,Вінницька,Могилів-Подільський,48.2400683,28.2779272,1,0.0,2025-09-09,2025-09-09
Кобелецьке,Вінницька,Вінницький,49.0139727,28.507999,1,0.0,2026-02-17,2026-02-17
Кобильне,Запорізька,Пологівський,47.3866992,37.0675861,1,0.0,2025-11-04,2025-11-04
Козаче,Дніпропетровська,Кам’янський,48.207699,34.24868,1,0.0,2025-12-18,2025-12-18
Козятин,Сумська,Охтирський,50.3115386,34.8868923,1,0.0,2025-10-31,2025-10-31
Колосникове,Донецька,Донецький,48.0448144,37.9635093,1,1.0,2026-08-17,2026-08-17
Колосівка,Вінницька,Жмеринський,49.077621,27.6813781,1,0.0,2025-10-04,2025-10-04
Комишанка,Сумська,Роменський,50.819687,34.022835,1,1.0,2026-06-13,2026-06-13
Компаніївка,Кіровоградська,Кропивницький,48.2497235,32.2043672,1,0.0,2026-01-23,2026-01-23
Комісарівка,Миколаївська,Миколаївський,46.8544054,31.3874915,1,0.0,2026-05-17,2026-05-17
Кононівка,Полтавська,Лубенський,50.0118206,33.0030821,1,0.0,2026-05-26,2026-05-26
Кононівка,Черкаська,Золотоніський,50.13714,32.1254,1,0.0,2025-10-05,2025-10-05
Конопелька,Волинська,Луцький,50.8333448,25.4648622,1,0.0,2026-02-06,2026-02-06
Конопляне,Одеська,Березівський,47.037708,30.479984,1,0.0,2026-03-06,2026-03-06
Контарне,Донецька,Горлівський,48.0550423,38.4459474,1,0.0,2025-11-09,2025-11-09
Кончаки,Київська,Фастівський,50.18726,29.80797,1,0.0,2026-03-23,2026-03-23
Короваї,Полтавська,Лубенський,50.1206044,32.4289258,1,0.0,2026-06-20,2026-06-20
Королівка,Хмельницька,Хмельницький,49.339939,26.88698,1,0.0,2023-11-28,2023-11-28
Костянтинівка,Дніпропетровська,Дніпровський,48.18399,34.565262,1,0.0,2026-03-08,2026-03-08
Костянтинівка,Запорізька,Мелітопольський,46.833878,35.425159,1,0.0,2026-06-21,2026-06-21
Кочеток,Харківська,Чугуївський,49.8363648,36.6898157,1,0.0,2026-03-03,2026-03-03
Кочубеївка,Херсонська,Бериславський,47.496677,33.212185,1,1.0,2022-08-03,2022-08-03
Кошари,Одеська,Одеський,46.6225029,31.0994897,1,0.0,2026-07-13,2026-07-13
Красногорівка,Дніпропетровська,Синельниківський,48.2553506,36.7322839,1,0.0,2025-11-11,2025-11-11
Краснопілля,Донецька,Краматорський,49.0355675,37.5653551,1,0.0,2026-02-17,2026-02-17
Краснопілля,Кіровоградська,Голованівський,48.3830239,30.4655894,1,0.0,2026-02-01,2026-02-01
Краснопіль,Одеська,Роздільнянський,47.3253391,29.8933262,1,1.0,2026-07-28,2026-07-28
Красностав,Волинська,Володимир-Волинський,50.926411,24.38899,1,0.0,2022-03-12,2022-03-12
Красноярка,Миколаївська,Вознесенський,47.8641873,31.5747875,1,0.0,2025-11-05,2025-11-05
Красноїлля,Івано-Франківська,Верховинський,48.1538102,24.82793,1,0.0,2026-02-07,2026-02-07
Кременець,Волинська,Луцький,50.8798116,25.2230391,1,0.0,2026-02-06,2026-02-06
Кременівка,Миколаївська,Вознесенський,47.356307,31.2367979,1,0.0,2025-01-05,2025-01-05
Кремидівка,Одеська,Одеський,46.8193867,30.943207,1,1.0,2026-08-27,2026-08-27
Кремський Бугор,Чернігівська,Новгород-Сіверський,52.004259,33.2779899,1,0.0,2026-03-31,2026-03-31
Криве,Житомирська,Житомирський,49.9452873,29.4594464,1,0.0,2025-11-29,2025-11-29
Кривець,Черкаська,Уманський,48.963662,30.3339811,1,0.0,2025-04-23,2025-04-23
Кривохижинці,Вінницька,Могилів-Подільський,48.7130055,27.5355762,1,0.0,2026-02-06,2026-02-06
Кривошиїнці,Київська,Білоцерківський,49.7337685,29.6624138,1,0.0,2025-02-12,2025-02-12
Кривуша,Чернігівська,Новгород-Сіверський,52.17853,32.57755,1,0.0,2026-01-12,2026-01-12
Кролевець-Слобідка,Чернігівська,Новгород-Сіверський,52.004259,33.2779899,1,0.0,2026-06-04,2026-06-04
Кропивники,Волинська,Ковельський,51.4909494,23.9219323,1,0.0,2026-02-06,2026-02-06
Кропивницьке,Донецька,Волноваський,47.4865084,37.4105964,1,0.0,2024-08-27,2024-08-27
Крюкове,Харківська,Лозівський,49.26566055,36.309462614397674,1,0.0,2025-11-27,2025-11-27
Куликівка,Черкаська,Черкаський,49.1179888,32.0728522,1,0.0,2025-12-27,2025-12-27
Кулішеве,Дніпропетровська,Дніпровський,48.7120245,34.6240969,1,0.0,2022-03-13,2022-03-13
Курилівка,Дніпропетровська,Дніпровський,48.7120245,34.6240969,1,0.0,2026-05-04,2026-05-04
Курортне,Харківська,Чугуївський,49.5989864,36.5242153,1,0.0,2025-12-21,2025-12-21
Курсики,Рівненська,Дубенський,50.266911,25.465281,1,0.0,2024-02-04,2024-02-04
Курулька,Харківська,Ізюмський,48.9070045,37.0287573,1,1.0,2022-07-14,2022-07-14
Ладижинка,Черкаська,Уманський,48.5465612,30.2385604,1,0.0,2025-07-16,2025-07-16
Лани,Вінницька,Вінницький,49.173946,28.495565,1,0.0,2026-04-01,2026-04-01
Лебедин,Черкаська,Звенигородський,49.0132605,31.393139,1,0.0,2026-03-23,2026-03-23
Лебедин,Чернігівська,Новгород-Сіверський,51.5671394,32.9520532,1,0.0,2026-06-01,2026-06-01
Лебединці,Житомирська,Бердичівський,50.0301392,29.0222111,1,0.0,2026-02-06,2026-02-06
Летичів,Хмельницька,Хмельницький,49.38286,27.62306,1,1.0,2026-08-27,2026-08-27
Лимареве,Сумська,Охтирський,50.303745,34.472309,1,0.0,2025-08-04,2025-08-04
Линове,Сумська,Конотопський,51.3749282,34.132125,1,1.0,2026-06-07,2026-06-07
Линовиця,Чернігівська,Прилуцький,50.4641,32.396339,1,0.0,2026-06-04,2026-06-04
Липове,Дніпропетровська,Кам’янський,48.68626,33.922,1,0.0,2026-03-24,2026-03-24
Липовець,Київська,Обухівський,49.8650658,30.8226786,1,0.0,2026-05-28,2026-05-28
Липівка,Житомирська,Житомирський,50.4690331,28.270617,1,0.0,2025-07-15,2025-07-15
Лисянка,Черкаська,Звенигородський,49.2525981,30.8277476,1,0.0,2026-03-14,2026-03-14
Лозова,Чернігівська,Корюківський,51.5244906,32.5028975,1,0.0,2026-03-18,2026-03-18
Лозове,Одеська,Роздільнянський,46.8546716,30.0711363,1,1.0,2026-08-07,2026-08-07
Лозовик,Київська,Бучанський,50.4639897,29.8068986,1,0.0,2026-06-01,2026-06-01
Лубенщина,Полтавська,Кременчуцький,49.392047,33.2507308,1,0.0,2024-12-31,2024-12-31
Лугини,Житомирська,Коростенський,51.07853,28.3976,1,1.0,2026-08-31,2026-08-31
Лукашеве,Запорізька,Запорізький,47.910351,34.901161,1,0.0,2026-02-21,2026-02-21
Любе,Дніпропетровська,Криворізький,48.103291,33.751369,1,0.0,2026-03-24,2026-03-24
Любешів,Волинська,Камінь-Каширський,51.7632795,25.5048264,1,0.0,2026-06-08,2026-06-08
Любимівка,Київська,Бучанський,50.4605965,30.1757337,1,0.0,2026-06-20,2026-06-20
Любомирівка,Запорізька,Запорізький,47.946049,35.463181,1,0.0,2026-02-20,2026-02-20
Люботаївка,Одеська,Березівський,47.037708,30.479984,1,0.0,2026-04-03,2026-04-03
Лісове,Київська,Вишгородський,51.0782874,29.6377868,1,1.0,2026-09-02,2026-09-02
Літин,Вінницька,Вінницький,49.3232593,28.0837586,1,0.0,2025-10-05,2025-10-05
Макарівка,Дніпропетровська,Криворізький,47.7582211,33.2364554,1,0.0,2026-03-29,2026-03-29
Макарівка,Житомирська,Житомирський,49.886509,29.329029,1,0.0,2026-01-12,2026-01-12
Маковецьке,Київська,Білоцерківський,49.555498,30.5023421,1,0.0,2026-06-04,2026-06-04
Маковиці,Житомирська,Новоград-Волинський,50.5917622,27.6066973,1,0.0,2026-01-10,2026-01-10
Макорти,Дніпропетровська,Криворізький,48.103291,33.751369,1,1.0,2026-07-31,2026-07-31
Макієве,Миколаївська,Первомайський,47.8594344,30.5891291,1,0.0,2026-02-16,2026-02-16
Мала Біла,Вінницька,Вінницький,49.339939,28.7260729,1,0.0,2026-03-29,2026-03-29
Мала Глуша,Волинська,Камінь-Каширський,51.6271153,24.961357,1,0.0,2022-03-17,2022-03-17
Мала Данилівка,Харківська,Харківський,50.0561227,36.1706244,1,0.0,2026-04-21,2026-04-21
Малий Обухів,Вінницька,Могилів-Подільський,48.7130055,27.5355762,1,0.0,2025-10-05,2025-10-05
Малинове,Дніпропетровська,Дніпровський,48.067799,34.613155,1,0.0,2026-01-23,2026-01-23
Маловарварівка,Миколаївська,Миколаївський,46.9428387,31.5534457,1,0.0,2025-11-07,2025-11-07
Малокозирщина,Дніпропетровська,Новомосковський,49.01825,35.35915,1,0.0,2026-03-10,2026-03-10
Малі Голоби,Волинська,Камінь-Каширський,51.6271153,24.961357,1,1.0,2022-07-15,2022-07-15
Маневичі,Волинська,Камінь-Каширський,51.2908106,25.537878,1,1.0,2026-08-30,2026-08-30
Маньківка,Вінницька,Тульчинський,48.6730485,28.8569476,1,0.0,2026-04-01,2026-04-01
Мар'їнка,Донецька,Покровський,47.9401242,37.5022312,1,1.0,2022-06-23,2022-06-23
Маяк,Дніпропетровська,Нікопольський,47.770885,34.729996,1,0.0,2026-06-13,2026-06-13
Маяк,Запорізька,Мелітопольський,46.894451,35.416489,1,0.0,2025-12-20,2025-12-20
Метьолкіне,Луганська,Сєвєродонецький,48.9478698,38.4936475,1,1.0,2022-06-03,2022-06-03
Миколаїв,Хмельницька,Хмельницький,49.5050201,26.756082,1,0.0,2026-05-06,2026-05-06
Миколаївка,Вінницька,Тульчинський,48.2077558,28.8864581,1,0.0,2024-03-21,2024-03-21
Миколаївка,Донецька,Волноваський,47.6976728,37.5003415,1,0.0,2026-04-23,2026-04-23
Миколаївка,Київська,Бучанський,50.4639897,29.8068986,1,0.0,2024-07-04,2024-07-04
Миколаївка,Миколаївська,Баштанський,47.835215,32.8241797,1,0.0,2026-08-08,2026-08-08
Мирноград,Донецька,Покровський,48.30791,37.2591,1,0.0,2025-12-24,2025-12-24
Мировичі,Волинська,Ковельський,51.08299,24.52389,1,0.0,2022-06-24,2022-06-24
Миролюбів,Житомирська,Коростенський,51.07853,28.3976,1,0.0,2025-05-07,2025-05-07
Миролюбівка,Дніпропетровська,Нікопольський,47.8128265,34.7523182,1,1.0,2026-06-28,2026-06-28
Миронівка,Київська,Обухівський,49.6583412,30.9824887,1,0.0,2025-05-07,2025-05-07
Мирославка,Волинська,Луцький,50.916332,25.2712543,1,1.0,2022-07-25,2022-07-25
Михайлівське,Сумська,Сумський,50.7712539,35.2563391,1,0.0,2026-04-03,2026-04-03
Могриця,Сумська,Сумський,51.1227143,35.032302,1,0.0,2026-03-14,2026-03-14
Мокіївка,Полтавська,Лубенський,50.2733333,32.9383333,1,1.0,2026-08-28,2026-08-28
Молдове,Одеська,Білгород-Дністровський,46.094894,29.715511,1,0.0,2025-12-26,2025-12-26
Монастирище,Черкаська,Уманський,48.9944069,29.8007253,1,0.0,2026-02-26,2026-02-26
Моспине,Донецька,Донецький,48.0158753,37.8013407,1,1.0,2022-07-30,2022-07-30
Мукачево,Закарпатська,Мукачівський,48.4421438,22.7185112,1,0.0,2024-06-01,2024-06-01
Муравище,Волинська,Луцький,50.8333448,25.4648622,1,1.0,2022-07-20,2022-07-20
Муровані Курилівці,Вінницька,Могилів-Подільський,48.7130055,27.5355762,1,0.0,2025-11-27,2025-11-27
Мідна Руда,Донецька,Бахмутський,48.5894123,38.0020994,1,1.0,2022-06-27,2022-06-27
Міжгір'я,Закарпатська,Хустський,48.5281184,23.5009289,1,0.0,2026-02-07,2026-02-07
Нагольно-Тарасівка,Луганська,Довжанський,48.0811324,39.642561,1,1.0,2022-07-15,2022-07-15
Немирівка,Житомирська,Коростенський,51.0060511,28.5875505,1,0.0,2024-08-21,2024-08-21
Нетішин,Хмельницька,Шепетівський,50.3338348,26.6496599,1,0.0,2026-06-02,2026-06-02
Нова Григорівка,Вінницька,Могилів-Подільський,48.442544,27.7991124,1,0.0,2026-04-01,2026-04-01
Нова Одеса,Миколаївська,Миколаївський,47.310996,31.7739735,1,0.0,2026-04-15,2026-04-15
Нова Руда,Волинська,Камінь-Каширський,51.2908106,25.537878,1,0.0,2022-03-25,2022-03-25
Нова Спарта,Сумська,Шосткинський,52.1886906,34.0306022,1,0.0,2025-11-11,2025-11-11
Нова Січ,Дніпропетровська,Криворізький,47.6617478,33.7180001,1,0.0,2025-11-05,2025-11-05
Новгород,Запорізька,Пологівський,47.3866992,37.0675861,1,0.0,2026-01-26,2026-01-26
Новгородка,Кіровоградська,Кропивницький,48.3658045,32.6572986,1,0.0,2025-02-17,2025-02-17
Новгородківка,Запорізька,Мелітопольський,46.894451,35.416489,1,0.0,2026-02-16,2026-02-16
Нове,Київська,Фастівський,50.3356709,30.2847595,1,1.0,2026-08-20,2026-08-20
Нове,Одеська,Білгород-Дністровський,46.228905,30.21216,1,1.0,2026-08-10,2026-08-10
Нове,Полтавська,Миргородський,50.3595181,33.2741725,1,1.0,2026-08-10,2026-08-10
Нове,Харківська,Харківський,50.107307,36.1205965,1,1.0,2026-08-26,2026-08-26
Новий Байрак,Полтавська,Лубенський,49.7822104,33.2740646,1,1.0,2026-09-01,2026-09-01
Новий Двір,Волинська,Ковельський,51.08299,24.52389,1,0.0,2022-03-23,2022-03-23
Новий Коротич,Харківська,Харківський,49.9622881,36.1239316,1,0.0,2026-06-02,2026-06-02
Новий Розділ,Львівська,Стрийський,49.4696071,24.1386133,1,0.0,2026-01-27,2026-01-27
Нововасилівка,Запорізька,Запорізький,47.946049,35.463181,1,0.0,2026-03-31,2026-03-31
Новоданилівка,Миколаївська,Баштанський,47.5752739,32.6213011,1,1.0,2026-06-04,2026-06-04
Новомиколаївка,Дніпропетровська,Синельниківський,48.4286465,35.6728255,1,0.0,2026-02-21,2026-02-21
Новомиколаївка,Донецька,Краматорський,48.8354023,37.3884068,1,0.0,2026-02-21,2026-02-21
Новомиргород,Кіровоградська,Новоукраїнський,48.7969701,31.6523837,1,0.0,2026-04-04,2026-04-04
Новомирівка,Київська,Бучанський,50.4639897,29.8068986,1,0.0,2024-09-24,2024-09-24
Новоселиця,Сумська,Сумський,50.831184,34.94207,1,1.0,2026-08-31,2026-08-31
Новоселиця,Чернівецька,Чернівецький,48.2179594,26.2664831,1,0.0,2022-07-19,2022-07-19
Новосілки,Волинська,Володимир-Волинський,50.8474669,24.319319,1,1.0,2022-08-13,2022-08-13
Новосілки,Київська,Фастівський,50.341434,30.427101,1,0.0,2025-12-06,2025-12-06
Новотроїцьке,Херсонська,Генічеський,46.3558121,34.3363579,1,1.0,2026-08-02,2026-08-02
Нові Обиходи,Вінницька,Гайсинський,48.875095,29.082228,1,0.0,2025-12-06,2025-12-06
Носівка,Чернігівська,Ніжинський,50.9377744,31.5812258,1,0.0,2026-01-10,2026-01-10
Нью-Йорк,Донецька,Бахмутський,48.3970469,37.8501378,1,1.0,2022-06-21,2022-06-21
Озерне,Донецька,Краматорський,48.9801314,37.8168012,1,0.0,2026-05-28,2026-05-28
Олександрівка,Кіровоградська,Кропивницький,48.563087,32.098663,1,0.0,2026-02-06,2026-02-06
Олександрівка,Миколаївська,Баштанський,47.5225573,32.923254,1,0.0,2025-11-05,2025-11-05
Олександрівка,Полтавська,Лубенський,50.2733333,32.9383333,1,0.0,2026-04-03,2026-04-03
Олександрівка,Харківська,Красноградський,49.1954572,35.2408676,1,0.0,2026-06-23,2026-06-23
Олександрійське,Кіровоградська,Олександрійський,48.670609,33.1169742,1,0.0,2026-08-26,2026-08-26
Олександрія,Дніпропетровська,Новомосковський,49.01825,35.35915,1,0.0,2024-11-25,2024-11-25
Ольгинка,Донецька,Волноваський,47.6976728,37.5003415,1,0.0,2022-03-12,2022-03-12
Омельне,Волинська,Ковельський,51.4909494,23.9219323,1,1.0,2022-07-25,2022-07-25
Оріхове,Донецька,Донецький,48.0448144,37.9635093,1,0.0,2026-02-10,2026-02-10
Осокорівка,Дніпропетровська,Синельниківський,48.1009562,35.5171714,1,0.0,2022-04-14,2022-04-14
Острів,Чернігівська,Ніжинський,51.1801374,32.8165107,1,1.0,2026-07-15,2026-07-15
Павлиш,Кіровоградська,Олександрійський,48.9046489,33.4472744,1,0.0,2024-07-20,2024-07-20
Павловичі,Житомирська,Коростенський,51.3259771,28.8026718,1,0.0,2025-03-21,2025-03-21
Павлівка,Волинська,Володимир-Волинський,50.6282366,24.4638426,1,1.0,2022-08-11,2022-08-11
Павлівка,Одеська,Болградський,45.962959,29.491703,1,0.0,2024-05-25,2024-05-25
Павлівка,Полтавська,Полтавський,49.7726802,35.0715767,1,0.0,2025-11-17,2025-11-17
Павлівка,Сумська,Сумський,51.1460449,34.3121992,1,0.0,2026-05-24,2026-05-24
Павлівка,Херсонська,Генічеський,46.1661695,34.8088828,1,0.0,2026-02-23,2026-02-23
Павлівське,Запорізька,Запорізький,47.946049,35.463181,1,0.0,2026-05-17,2026-05-17
Первомайське,Черкаська,Черкаський,49.52499,31.74053,1,0.0,2023-12-15,2023-12-15
Перебудова,Донецька,Волноваський,47.97781,36.74678,1,0.0,2026-02-21,2026-02-21
Перегонівка,Кіровоградська,Голованівський,48.5350601,30.5208753,1,0.0,2026-04-15,2026-04-15
Переліски,Вінницька,Жмеринський,48.85654,27.7985,1,0.0,2026-04-01,2026-04-01
Переліски,Полтавська,Полтавський,50.21026,34.35768,1,0.0,2025-01-18,2025-01-18
Перемишель,Хмельницька,Шепетівський,50.3421995,26.8585526,1,0.0,2024-01-02,2024-01-02
Перемишляни,Львівська,Львівський,49.6693553,24.5584141,1,0.0,2025-11-19,2025-11-19
Переможне,Запорізька,Мелітопольський,46.69636,35.15522,1,0.0,2026-06-01,2026-06-01
Пересічне,Харківська,Харківський,49.984881,36.0681717,1,0.0,2025-07-25,2025-07-25
Петрове,Волинська,Володимир-Волинський,50.751942,24.082321,1,1.0,2022-06-27,2022-06-27
Петрівка,Донецька,Краматорський,48.6198614,37.524945,1,0.0,2026-02-17,2026-02-17
Пилипчатине,Донецька,Бахмутський,48.6948731,38.0627964,1,1.0,2022-06-25,2022-06-25
Плішивець,Полтавська,Миргородський,50.458488,34.1396609,1,0.0,2026-03-09,2026-03-09
Повергів,Львівська,Стрийський,49.5253714,23.9788155,1,0.0,2026-05-28,2026-05-28
Познань,Рівненська,Сарненський,51.58424,27.350121,1,0.0,2026-01-19,2026-01-19
Покровське,Кіровоградська,Голованівський,48.3366182,29.8677468,1,0.0,2026-02-17,2026-02-17
Покровське,Миколаївська,Миколаївський,46.6145957,31.5452994,1,0.0,2024-09-27,2024-09-27
Полтава,Луганська,Сватівський,49.58027,38.16582,1,0.0,2024-06-06,2024-06-06
Полтавка,Кіровоградська,Кропивницький,48.2497235,32.2043672,1,0.0,2025-01-25,2025-01-25
Полісся,Чернігівська,Чернігівський,51.8915393,31.595545,1,0.0,2026-05-30,2026-05-30
Пономаренки,Харківська,Харківський,49.9035,36.479103,1,0.0,2025-12-18,2025-12-18
Попівка,Вінницька,Вінницький,49.2296415,29.0642148,1,0.0,2025-10-05,2025-10-05
Попільня,Житомирська,Житомирський,49.9452873,29.4594464,1,0.0,2025-10-07,2025-10-07
Поташня,Вінницька,Гайсинський,48.36594,29.51889,1,0.0,2025-08-20,2025-08-20
Потоцьке,Дніпропетровська,Криворізький,48.103291,33.751369,1,1.0,2022-07-16,2022-07-16
Почапинці,Вінницька,Жмеринський,49.0354593,28.1147317,1,0.0,2026-04-01,2026-04-01
Прибинь,Чернігівська,Корюківський,51.77444,32.2514,1,0.0,2025-10-06,2025-10-06
Придніпрянське,Дніпропетровська,Дніпровський,48.373829,35.172729,1,0.0,2026-06-03,2026-06-03
Приколотне,Харківська,Куп’янський,50.185158,37.5181193,1,0.0,2026-08-17,2026-08-17
Прилиманське,Одеська,Одеський,46.471085,30.613808,1,0.0,2024-10-01,2024-10-01
Проліски,Чернігівська,Прилуцький,50.8840075,32.6447189,1,0.0,2026-02-24,2026-02-24
Прудище,Сумська,Шосткинський,51.9481126,33.778454,1,0.0,2026-07-12,2026-07-12
Пустовіти,Київська,Обухівський,49.6583412,30.9824887,1,0.0,2026-01-15,2026-01-15
Путиловичі,Житомирська,Коростенський,51.07853,28.3976,1,0.0,2026-07-23,2026-07-23
Путилівка,Одеська,Роздільнянський,47.104568,29.990959,1,0.0,2026-06-07,2026-06-07
Північне,Донецька,Бахмутський,48.3970469,37.8501378,1,0.0,2023-10-05,2023-10-05
Пісківка,Київська,Бучанський,50.6968561,29.5931036,1,0.0,2025-07-21,2025-07-21
Пісочин,Харківська,Харківський,49.9622881,36.1239316,1,0.0,2026-02-28,2026-02-28
Піщанка,Вінницька,Тульчинський,48.2077558,28.8864581,1,0.0,2026-02-06,2026-02-06
Рава-Руська,Львівська,Львівський,50.230654,23.6240014,1,0.0,2026-03-24,2026-03-24
Радушне,Дніпропетровська,Криворізький,47.9559565,33.525732,1,0.0,2026-05-16,2026-05-16
Радіонівка,Дніпропетровська,Криворізький,48.061314,33.2810237,1,1.0,2026-08-16,2026-08-16
Рахни-Лісові,Вінницька,Тульчинський,48.7860654,28.5647525,1,0.0,2026-04-01,2026-04-01
Рибці,Сумська,Сумський,50.9119775,34.8027723,1,0.0,2026-06-20,2026-06-20
Рожище,Волинська,Луцький,50.916332,25.2712543,1,0.0,2026-01-01,2026-01-01
Роздолля,Запорізька,Запорізький,47.946049,35.463181,1,0.0,2026-08-21,2026-08-21
Рокитне,Житомирська,Коростенський,51.377941,28.358181,1,0.0,2026-03-29,2026-03-29
Рокитне,Київська,Бориспільський,50.2758913,31.7634861,1,0.0,2025-10-07,2025-10-07
Романів,Житомирська,Житомирський,50.146945,27.9214928,1,0.0,2024-11-17,2024-11-17
Росішки,Дніпропетровська,Синельниківський,48.45863,36.42483,1,0.0,2022-03-31,2022-03-31
Ружин,Житомирська,Бердичівський,49.72172,29.20475,1,0.0,2026-04-03,2026-04-03
Ружицьке,Вінницька,Гайсинський,48.6810505,29.2567642,1,0.0,2026-04-01,2026-04-01
Рівне,Полтавська,Лубенський,50.2361111,32.5011111,1,0.0,2025-09-10,2025-09-10
Рівне,Сумська,Конотопський,51.3749282,34.132125,1,0.0,2026-06-21,2026-06-21
Ріпки,Сумська,Роменський,50.74207,33.4877,1,0.0,2026-03-24,2026-03-24
Ріпки,Хмельницька,Шепетівський,50.1194691,26.8207625,1,0.0,2025-12-06,2025-12-06
Ріпки,Черкаська,Звенигородський,49.2379387,30.5494724,1,0.0,2026-01-20,2026-01-20
Сабанівка,Львівська,Червоноградський,50.2808744,24.6397908,1,0.0,2024-09-07,2024-09-07
Самбір,Львівська,Самбірський,49.5182487,23.1969805,1,0.0,2025-06-06,2025-06-06
Санжійка,Одеська,Одеський,46.2250393,30.531351,1,0.0,2026-02-14,2026-02-14
Сарни,Львівська,Яворівський,49.9456001,23.3886319,1,0.0,2026-02-06,2026-02-06
Сарнів,Хмельницька,Хмельницький,49.4932735,26.4448161,1,0.0,2026-01-11,2026-01-11
Сахни,Сумська,Конотопський,51.30048,33.429016,1,0.0,2026-07-20,2026-07-20
Сахнівщина,Полтавська,Полтавський,49.4441667,34.87,1,0.0,2026-06-20,2026-06-20
Сватове,Луганська,Сватівський,49.4176663,38.1456729,1,1.0,2022-04-12,2022-04-12
Світлогірське,Одеська,Одеський,46.577221,30.54817,1,1.0,2026-08-25,2026-08-25
Семенівка,Донецька,Краматорський,48.7389415,37.5843812,1,0.0,2026-03-08,2026-03-08
Семенівка,Запорізька,Мелітопольський,46.894451,35.416489,1,0.0,2024-10-09,2024-10-09
Семенівка,Київська,Обухівський,50.1101633,30.6269696,1,0.0,2024-10-02,2024-10-02
Семенівка,Львівська,Львівський,49.7189582,23.9047288,1,0.0,2025-10-05,2025-10-05
Семенівка,Харківська,Куп’янський,49.6949729,37.1753112,1,0.0,2026-01-05,2026-01-05
Сенкевичівка,Волинська,Луцький,50.5831266,25.0807256,1,0.0,2022-05-02,2022-05-02
Сергіївка,Донецька,Покровський,48.26294,37.37892,1,0.0,2026-06-22,2026-06-22
Сергіївка,Житомирська,Новоград-Волинський,50.872091,27.8047443,1,0.0,2026-07-05,2026-07-05
Сергіївка,Миколаївська,Вознесенський,47.8641873,31.5747875,1,0.0,2026-01-28,2026-01-28
Скороходове,Чернігівська,Прилуцький,50.83168,33.13442,1,0.0,2026-05-02,2026-05-02
Славне,Волинська,Луцький,50.8333448,25.4648622,1,0.0,2026-06-08,2026-06-08
Славне,Вінницька,Вінницький,49.3097584,28.4730593,1,0.0,2026-02-17,2026-02-17
Слобідка,Одеська,Роздільнянський,46.8546716,30.0711363,1,0.0,2026-08-17,2026-08-17
Смига,Рівненська,Дубенський,50.2382136,25.7629956,1,0.0,2026-04-01,2026-04-01
Смоліне,Кіровоградська,Новоукраїнський,48.6014602,31.2957107,1,0.0,2025-11-12,2025-11-12
Сміла,Вінницька,Хмільницький,49.6939529,28.1323125,1,0.0,2024-09-27,2024-09-27
Сміле,Запорізька,Пологівський,47.3624,36.65108,1,0.0,2026-03-22,2026-03-22
Снігурівка,Черкаська,Золотоніський,49.6689719,32.0427439,1,0.0,2025-07-20,2025-07-20
Соболівка,Одеська,Подільський,47.728851,29.562288,1,1.0,2026-08-01,2026-08-01
Соборне,Сумська,Охтирський,50.379852,34.584534,1,0.0,2026-07-24,2026-07-24
Солов'ї,Волинська,Ковельський,51.413324,24.6780485,1,1.0,2022-08-16,2022-08-16
Солодирі,Житомирська,Житомирський,50.5959845,28.445337,1,0.0,2026-05-30,2026-05-30
Соснове,Донецька,Краматорський,48.9801314,37.8168012,1,0.0,2025-11-30,2025-11-30
Соснівка,Волинська,Камінь-Каширський,51.6271153,24.961357,1,1.0,2022-07-07,2022-07-07
Соснівка,Дніпропетровська,Синельниківський,47.9741006,36.4563294,1,0.0,2026-03-17,2026-03-17
Соснівка,Житомирська,Коростенський,50.7677902,29.2414346,1,0.0,2025-12-27,2025-12-27
Срібровщина,Сумська,Конотопський,51.5548654,33.3875984,1,1.0,2026-08-06,2026-08-06
Ставище,Харківська,Куп’янський,49.6949729,37.1753112,1,0.0,2025-07-20,2025-07-20
Старий Хутір,Полтавська,Миргородський,50.3595181,33.2741725,1,0.0,2026-03-12,2026-03-12
Старобільськ,Луганська,Старобільський,49.2822424,38.897386,1,0.0,2026-01-13,2026-01-13
Стародніпровське,Дніпропетровська,Дніпровський,48.20423,34.87713,1,0.0,2026-02-02,2026-02-02
Старокасянівське,Дніпропетровська,Синельниківський,47.9808528,36.2333808,1,0.0,2024-08-27,2024-08-27
Старокозаче,Одеська,Білгород-Дністровський,46.337597,29.986652,1,1.0,2026-08-10,2026-08-10
Старомихайлівка,Донецька,Донецький,48.0158753,37.8013407,1,0.0,2024-08-27,2024-08-27
Старі Маяки,Одеська,Березівський,47.346951,30.30682,1,0.0,2026-01-17,2026-01-17
Степань,Рівненська,Сарненський,51.1331321,26.3058758,1,0.0,2026-06-21,2026-06-21
Степанівка,Житомирська,Коростенський,51.07853,28.3976,1,0.0,2026-06-01,2026-06-01
Степногірськ,Запорізька,Василівський,47.58694,35.35606,1,0.0,2026-06-08,2026-06-08
Степове,Київська,Фастівський,49.9711841,29.753739223479965,1,0.0,2026-02-02,2026-02-02
Сулигівка,Харківська,Ізюмський,49.173799,37.4273429,1,0.0,2022-04-20,2022-04-20
Сутиски,Вінницька,Вінницький,49.0453739,28.418232,1,0.0,2026-04-01,2026-04-01
Сєверне,Донецька,Горлівський,48.0220754,38.7634612,1,0.0,2022-03-13,2022-03-13
Таврійськ,Херсонська,Каховський,46.7550442,33.4248309,1,0.0,2025-12-15,2025-12-15
Теофілівка,Вінницька,Гайсинський,48.4439535,29.7482193,1,0.0,2026-02-17,2026-02-17
Теофіполь,Хмельницька,Хмельницький,49.84463,26.41525,1,0.0,2026-06-02,2026-06-02
Теребовля,Тернопільська,Тернопільський,49.2960742,25.692491,1,0.0,2026-02-07,2026-02-07
Тернові Поди,Миколаївська,Миколаївський,46.862518,32.191662,1,0.0,2026-05-14,2026-05-14
Тернівка,Донецька,Кальміуський,47.4124746,38.0187455,1,0.0,2026-02-17,2026-02-17
Тернівка,Житомирська,Новоград-Волинський,50.546719,27.4617,1,0.0,2026-02-08,2026-02-08
Тетерівка,Житомирська,Житомирський,50.237041,28.574751,1,1.0,2026-08-08,2026-08-08
Тиврів,Вінницька,Вінницький,49.0139727,28.507999,1,0.0,2025-07-21,2025-07-21
Тимофіївка,Полтавська,Миргородський,50.458488,34.1396609,1,0.0,2026-03-09,2026-03-09
Тиранівка,Хмельницька,Хмельницький,49.48061,27.021765,1,0.0,2024-09-26,2024-09-26
Тихотин,Волинська,Луцький,50.916332,25.2712543,1,0.0,2022-03-25,2022-03-25
Тишківка,Кіровоградська,Новоукраїнський,48.7969701,31.6523837,1,0.0,2026-01-06,2026-01-06
Токарів,Житомирська,Новоград-Волинський,50.546719,27.4617,1,0.0,2025-07-21,2025-07-21
Токарівка,Миколаївська,Вознесенський,47.356307,31.2367979,1,0.0,2026-08-13,2026-08-13
Токарівка,Харківська,Харківський,50.107307,36.1205965,1,0.0,2026-06-27,2026-06-27
Токмак,Запорізька,Пологівський,47.2557432,35.7021159,1,0.0,2026-05-04,2026-05-04
Томашівка,Сумська,Роменський,50.809021,33.767509,1,0.0,2026-01-28,2026-01-28
Тошківка,Луганська,Сєвєродонецький,48.7395184,38.4919701,1,1.0,2022-05-23,2022-05-23
Трипілля,Київська,Обухівський,50.1537167,30.7420742,1,0.0,2026-02-03,2026-02-03
Тростянець,Одеська,Роздільнянський,47.0128646,29.6667427,1,0.0,2026-04-08,2026-04-08
Трудове,Вінницька,Тульчинський,48.2077558,28.8864581,1,1.0,2022-08-02,2022-08-02
Угроїди,Сумська,Сумський,50.7712539,35.2563391,1,0.0,2026-03-24,2026-03-24
Удобне,Одеська,Одеський,46.413799,30.26836,1,1.0,2026-08-10,2026-08-10
Українка,Вінницька,Вінницький,49.3232593,28.0837586,1,0.0,2024-09-27,2024-09-27
Українка,Житомирська,Коростенський,50.7677902,29.2414346,1,0.0,2026-03-18,2026-03-18
Українка,Запорізька,Запорізький,47.905201,35.301819,1,0.0,2026-07-05,2026-07-05
Українка,Миколаївська,Миколаївський,46.6612599,31.2085145,1,0.0,2026-02-08,2026-02-08
Українка,Харківська,Ізюмський,49.39625,37.05036,1,0.0,2022-03-31,2022-03-31
Українка,Херсонська,Бериславський,47.267643,33.874374,1,0.0,2023-01-02,2023-01-02
Українськ,Донецька,Покровський,48.15015,37.3018921,1,0.0,2025-12-14,2025-12-14
Уманцівка,Полтавська,Полтавський,49.5897423,34.5507948,1,0.0,2023-10-31,2023-10-31
Устимівка,Київська,Білоцерківський,49.98402,30.007441,1,0.0,2026-09-01,2026-09-01
Устинівка,Житомирська,Коростенський,50.7677902,29.2414346,1,0.0,2025-11-29,2025-11-29
Устинівка,Кіровоградська,Кропивницький,47.9576049,32.5361354,1,0.0,2026-04-01,2026-04-01
Харківщина,Сумська,Сумський,50.881664,34.71088,1,0.0,2024-10-23,2024-10-23
Херсонес,Донецька,Маріупольський,47.303725,37.5980463,1,0.0,2025-12-19,2025-12-19
Хотин,Рівненська,Рівненський,51.0035653,26.7524487,1,0.0,2024-10-02,2024-10-02
Хотянівка,Київська,Вишгородський,50.5824332,30.485121,1,0.0,2026-01-15,2026-01-15
Хуст,Закарпатська,Хустський,48.1764917,23.291166,1,0.0,2026-04-01,2026-04-01
Хутірське,Дніпропетровська,Дніпровський,48.7120245,34.6240969,1,0.0,2026-02-21,2026-02-21
Царичанка,Дніпропетровська,Дніпровський,48.9434,34.48986,1,0.0,2025-10-04,2025-10-04
Цебрикове,Одеська,Роздільнянський,47.1470432,30.1054572,1,1.0,2026-08-10,2026-08-10
Циркуни,Харківська,Харківський,50.08289,36.385342,1,0.0,2026-03-08,2026-03-08
Чабани,Київська,Фастівський,50.341434,30.427101,1,1.0,2026-08-28,2026-08-28
Чайки,Київська,Обухівський,49.54765,30.8733,1,0.0,2026-04-15,2026-04-15
Чаплищі,Сумська,Конотопський,51.3749282,34.132125,1,0.0,2025-11-05,2025-11-05
Чемерівці,Хмельницька,Кам’янець-Подільський,49.0087176,26.3405624,1,0.0,2025-07-21,2025-07-21
Черемушне,Харківська,Чугуївський,49.6815177,36.354776,1,0.0,2026-02-22,2026-02-22
Черкаси,Волинська,Ковельський,51.18633,24.61933,1,0.0,2026-01-28,2026-01-28
Черкаси,Львівська,Львівський,49.6465416,23.8571249,1,0.0,2025-10-05,2025-10-05
Черкаські Тишки,Харківська,Харківський,50.08289,36.385342,1,0.0,2025-12-17,2025-12-17
Черкасівка,Київська,Бориспільський,50.2758913,31.7634861,1,0.0,2025-02-20,2025-02-20
Черкеси,Одеська,Білгород-Дністровський,46.128258,30.386766,1,1.0,2026-08-27,2026-08-27
Чернихівці,Тернопільська,Тернопільський,49.6607393,25.7768485,1,0.0,2025-03-07,2025-03-07
Черніївка,Хмельницька,Шепетівський,50.1194505,27.5085733,1,0.0,2024-11-28,2024-11-28
Чечельник,Вінницька,Гайсинський,48.2126987,29.3598689,1,0.0,2025-07-15,2025-07-15
Чорнобай,Черкаська,Золотоніський,49.6703225,32.3232732,1,0.0,2026-02-02,2026-02-02
Чорногорці,Чернігівська,Корюківський,51.52279,32.21638,1,0.0,2025-12-22,2025-12-22
Чорноплатове,Сумська,Конотопський,51.252941,33.124119,1,0.0,2026-02-16,2026-02-16
Чорнотичі,Чернігівська,Корюківський,51.5244906,32.5028975,1,0.0,2025-12-22,2025-12-22
Чортків,Тернопільська,Чортківський,49.0160555,25.7925191,1,0.0,2025-10-05,2025-10-05
Чортория,Вінницька,Гайсинський,49.0062062,29.4416807,1,0.0,2026-03-24,2026-03-24
Чугалі,Тернопільська,Кременецький,50.0960966,25.7260783,1,0.0,2026-01-18,2026-01-18
Шацьк,Волинська,Ковельський,51.4909494,23.9219323,1,0.0,2026-06-08,2026-06-08
Шевченко,Луганська,Сєвєродонецький,49.0329045,38.3725819,1,0.0,2026-06-21,2026-06-21
Шевченкове,Вінницька,Вінницький,49.1136358,29.2024356,1,0.0,2026-03-06,2026-03-06
Шевченкове,Миколаївська,Миколаївський,46.862518,32.191662,1,0.0,2026-06-19,2026-06-19
Шевченківське,Дніпропетровська,Криворізький,48.0477159,33.4276509,1,1.0,2026-07-13,2026-07-13
Широке,Миколаївська,Баштанський,47.09781,32.677599,1,0.0,2026-03-13,2026-03-13
Широке,Харківська,Чугуївський,50.0760423,36.7936724,1,0.0,2024-09-07,2024-09-07
Ширяєве,Одеська,Березівський,47.3843482,30.1895219,1,0.0,2026-01-16,2026-01-16
Шумськ,Тернопільська,Кременецький,50.1183638,26.1186214,1,0.0,2026-02-07,2026-02-07
Щербинівка,Донецька,Бахмутський,48.3970469,37.8501378,1,1.0,2022-07-25,2022-07-25
Южне,Чернігівська,Прилуцький,50.8840075,32.6447189,1,0.0,2024-01-06,2024-01-06
Яворів,Львівська,Яворівський,49.9456001,23.3886319,1,0.0,2022-03-14,2022-03-14
Ялта,Донецька,Маріупольський,47.0568106,37.3078191,1,0.0,2023-08-14,2023-08-14
Ямпіль,Хмельницька,Шепетівський,49.9562165,26.2274578,1,0.0,2026-06-02,2026-06-02
Ямпіль,Черкаська,Звенигородський,48.94329,30.9723848,1,0.0,2026-03-14,2026-03-14
Ясіня,Закарпатська,Рахівський,48.2722802,24.3611884,1,0.0,2026-02-07,2026-02-07
