settlement,oblast,raion,lat,lon,month,weapon_class,jet_count,mentions
Васильків,Київська,Обухівський,50.17387,30.32158,2022-02,,0,1
Коблеве,Миколаївська,Миколаївський,46.6612599,31.2085145,2022-02,,0,1
Коблеве,Миколаївська,Миколаївський,46.6612599,31.2085145,2022-02,cruise,0,1
Ізюм,Харківська,Ізюмський,49.1913721,37.2784125,2022-03,,0,1
Ізюм,Харківська,Ізюмський,49.1913721,37.2784125,2022-03,ballistic,0,1
Ізюм,Харківська,Ізюмський,49.1913721,37.2784125,2022-03,drone,0,1
Беседівка,Сумська,Роменський,50.809021,33.767509,2022-03,ballistic,0,1
Верхнів,Волинська,Володимир-Волинський,50.751942,24.082321,2022-03,,0,1
Веселе,Харківська,Ізюмський,49.39625,37.05036,2022-03,drone,0,1
Волноваха,Донецька,Волноваський,47.5984285,37.4998511,2022-03,,0,1
Волноваха,Донецька,Волноваський,47.5984285,37.4998511,2022-03,cruise,0,1
Гадяч,Полтавська,Миргородський,50.3701299,33.9950534,2022-03,,0,1
Гомельське,Дніпропетровська,Криворізький,48.0477159,33.4276509,2022-03,ballistic,0,1
Дніпро,Дніпропетровська,Дніпровський,48.4680221,35.0417711,2022-03,cruise,0,1
Залісся,Волинська,Камінь-Каширський,51.469231,24.88472,2022-03,,0,1
Кам'янка,Волинська,Ковельський,51.4909494,23.9219323,2022-03,drone,0,1
Капитолівка,Харківська,Ізюмський,49.173799,37.4273429,2022-03,,0,1
Київ,м. Київ,,50.4501,30.5234,2022-03,,0,1
Київ,м. Київ,,50.4501,30.5234,2022-03,drone,0,2
Красностав,Волинська,Володимир-Волинський,50.926411,24.38899,2022-03,,0,1
Кропивницький,Кіровоградська,Кропивницький,48.5105805,32.2656283,2022-03,,0,1
Кулішеве,Дніпропетровська,Дніпровський,48.7120245,34.6240969,2022-03,,0,1
Лисичанськ,Луганська,Сєвєродонецький,48.917267,38.4285981,2022-03,,0,1
Макарів,Київська,Бучанський,50.4639897,29.8068986,2022-03,,0,1
Мала Глуша,Волинська,Камінь-Каширський,51.6271153,24.961357,2022-03,,0,1
Маріуполь,Донецька,Маріупольський,47.0957648,37.5499621,2022-03,drone,0,1
Марія-Воля,Волинська,Володимир-Волинський,50.801533,24.337662,2022-03,,0,1
Микове,Волинська,Луцький,50.8333448,25.4648622,2022-03,,0,1
Нова Руда,Волинська,Камінь-Каширський,51.2908106,25.537878,2022-03,drone,0,1
Новий Двір,Волинська,Ковельський,51.08299,24.52389,2022-03,,0,1
Одеса,Одеська,Одеський,46.4843023,30.7322878,2022-03,cruise,0,1
Ольгинка,Донецька,Волноваський,47.6976728,37.5003415,2022-03,,0,1
Охтирка,Сумська,Охтирський,50.3115386,34.8868923,2022-03,,0,1
Попасна,Луганська,Сєвєродонецький,48.6322687,38.3777033,2022-03,,0,1
Росішки,Дніпропетровська,Синельниківський,48.45863,36.42483,2022-03,ballistic,0,1
Рубіжне,Луганська,Сєвєродонецький,49.0329045,38.3725819,2022-03,,0,1
Северинівка,Волинська,Камінь-Каширський,51.2908106,25.537878,2022-03,,0,2
Словатичі,Волинська,Луцький,50.8333448,25.4648622,2022-03,,0,1
Словатичі,Волинська,Луцький,50.8333448,25.4648622,2022-03,drone,0,1
Стара Вижівка,Волинська,Ковельський,51.4422955,24.438565,2022-03,,0,1
Суми,Сумська,Сумський,50.9119775,34.8027723,2022-03,,0,1
Сєверне,Донецька,Горлівський,48.0220754,38.7634612,2022-03,,0,1
Тихотин,Волинська,Луцький,50.916332,25.2712543,2022-03,drone,0,1
Українка,Харківська,Ізюмський,49.39625,37.05036,2022-03,ballistic,0,1
Фастів,Київська,Фастівський,50.0799307,29.9162821,2022-03,,0,1
Харкове,Запорізька,Пологівський,47.2557432,35.7021159,2022-03,,0,1
Чернігів,Чернігівська,Чернігівський,51.494099,31.294332,2022-03,,0,1
Чорноплеси,Волинська,Ковельський,51.2234546,24.0315783,2022-03,,0,1
Яворів,Львівська,Яворівський,49.9456001,23.3886319,2022-03,cruise,0,1
Авдіївка,Донецька,Покровський,48.1338824,37.7466719,2022-04,cruise,0,1
Донецьк,Донецька,Донецький,48.0158753,37.8013407,2022-04,,1,1
Діброва,Волинська,Камінь-Каширський,51.7632795,25.5048264,2022-04,cruise,0,1
Запоківне,Волинська,Ковельський,51.67145,24.52458,2022-04,,1,1
Золота Нива,Донецька,Волноваський,47.84091,36.83012,2022-04,drone,0,1
Маріуполь,Донецька,Маріупольський,47.0957648,37.5499621,2022-04,,0,1
Нововолинськ,Волинська,Володимир-Волинський,50.7224829,24.1648399,2022-04,,1,1
Олександрівка,Волинська,Луцький,50.8798116,25.2230391,2022-04,,0,2
Осокорівка,Дніпропетровська,Синельниківський,48.1009562,35.5171714,2022-04,,0,1
Сватове,Луганська,Сватівський,49.4176663,38.1456729,2022-04,drone,1,1
Северинівка,Волинська,Камінь-Каширський,51.2908106,25.537878,2022-04,,0,1
Сулигівка,Харківська,Ізюмський,49.173799,37.4273429,2022-04,cruise,0,1
Українка,Київська,Обухівський,50.1537167,30.7420742,2022-04,,0,2
Ізюм,Харківська,Ізюмський,49.1913721,37.2784125,2022-05,cruise,1,1
Авдіївка,Донецька,Покровський,48.1338824,37.7466719,2022-05,,0,1
Васильків,Київська,Обухівський,50.17387,30.32158,2022-05,,0,1
Гуляйполе,Запорізька,Пологівський,47.6655382,36.2656849,2022-05,,1,1
Давидівка,Луганська,Ровеньківський,48.1790971,38.8818684,2022-05,drone,1,1
Держанівка,Вінницька,Хмільницький,49.77356,28.72891,2022-05,ballistic,1,1
Довгоноси,Волинська,Ковельський,51.18633,24.61933,2022-05,,0,1
Довгоноси,Волинська,Ковельський,51.18633,24.61933,2022-05,drone,0,1
Зеленолужне,Волинська,Луцький,50.4986166,24.7600734,2022-05,drone,1,1
Київ,м. Київ,,50.4501,30.5234,2022-05,,0,1
Комишуваха,Запорізька,Запорізький,47.7141975,35.5322725,2022-05,,1,1
Комишуваха,Запорізька,Запорізький,47.7141975,35.5322725,2022-05,drone,1,1
Марія-Воля,Волинська,Володимир-Волинський,50.801533,24.337662,2022-05,,1,1
Марія-Воля,Волинська,Володимир-Волинський,50.801533,24.337662,2022-05,ballistic,0,1
Нововолинськ,Волинська,Володимир-Волинський,50.7224829,24.1648399,2022-05,drone,1,1
Олександрівка,Волинська,Луцький,50.8798116,25.2230391,2022-05,cruise,1,1
Попасна,Луганська,Сєвєродонецький,48.6322687,38.3777033,2022-05,cruise,1,1
Попасна,Луганська,Сєвєродонецький,48.6322687,38.3777033,2022-05,drone,0,1
Рубіжне,Луганська,Сєвєродонецький,49.0329045,38.3725819,2022-05,,0,1
Рубіжне,Луганська,Сєвєродонецький,49.0329045,38.3725819,2022-05,drone,1,1
Северинівка,Волинська,Камінь-Каширський,51.2908106,25.537878,2022-05,cruise,1,1
Сенкевичівка,Волинська,Луцький,50.5831266,25.0807256,2022-05,drone,0,1
Сіверськ,Донецька,Бахмутський,48.8676267,38.0902435,2022-05,,1,1
Тошківка,Луганська,Сєвєродонецький,48.7395184,38.4919701,2022-05,cruise,1,1
Устилуг,Волинська,Володимир-Волинський,50.8622192,24.1505139,2022-05,,0,1
Яковичі,Волинська,Володимир-Волинський,50.801533,24.337662,2022-05,drone,1,1
Ізюм,Харківська,Ізюмський,49.1913721,37.2784125,2022-06,drone,0,1
Берестечко,Волинська,Луцький,50.3585756,25.1209852,2022-06,cruise,2,3
Боголюби,Волинська,Луцький,50.7450733,25.320078,2022-06,cruise,1,1
Боровуха,Волинська,Ковельський,51.865421,24.61659,2022-06,,1,1
Василівка,Запорізька,Василівський,47.4431859,35.2803026,2022-06,drone,1,1
Вовчицьк,Волинська,Камінь-Каширський,51.2908106,25.537878,2022-06,,1,1
Вовчицьк,Волинська,Камінь-Каширський,51.2908106,25.537878,2022-06,cruise,1,1
Врубівка,Луганська,Сєвєродонецький,48.6322687,38.3777033,2022-06,cruise,1,1
Вуглегірськ,Донецька,Горлівський,48.3119524,38.2609048,2022-06,cruise,1,1
Гудове,Сумська,Шосткинський,51.575661,34.099838,2022-06,,1,1
Держанівка,Вінницька,Хмільницький,49.77356,28.72891,2022-06,cruise,2,2
Довгоноси,Волинська,Ковельський,51.18633,24.61933,2022-06,cruise,3,4
Клинове,Донецька,Бахмутський,48.5894123,38.0020994,2022-06,,1,1
Клинове,Донецька,Бахмутський,48.5894123,38.0020994,2022-06,cruise,1,1
Лиман,Донецька,Краматорський,48.9801314,37.8168012,2022-06,cruise,1,1
Лисичанськ,Луганська,Сєвєродонецький,48.917267,38.4285981,2022-06,cruise,4,5
Лозове,Хмельницька,Хмельницький,49.2688322,27.4327085,2022-06,cruise,0,1
Мазанівка,Донецька,Краматорський,49.0355675,37.5653551,2022-06,cruise,1,1
Мар'їнка,Донецька,Покровський,47.9401242,37.5022312,2022-06,drone,1,1
Марія-Воля,Волинська,Володимир-Волинський,50.801533,24.337662,2022-06,cruise,1,2
Метьолкіне,Луганська,Сєвєродонецький,48.9478698,38.4936475,2022-06,,1,1
Мировичі,Волинська,Ковельський,51.08299,24.52389,2022-06,cruise,0,1
Мідна Руда,Донецька,Бахмутський,48.5894123,38.0020994,2022-06,cruise,1,1
Нью-Йорк,Донецька,Бахмутський,48.3970469,37.8501378,2022-06,cruise,1,1
Очаків,Миколаївська,Миколаївський,46.6145957,31.5452994,2022-06,cruise,1,1
Петрове,Волинська,Володимир-Волинський,50.751942,24.082321,2022-06,cruise,1,1
Пилипчатине,Донецька,Бахмутський,48.6948731,38.0627964,2022-06,cruise,1,1
Покровськ,Донецька,Покровський,48.2771086,37.1772482,2022-06,cruise,1,1
Святогірськ,Донецька,Краматорський,49.0355675,37.5653551,2022-06,ballistic,1,1
Святогірськ,Донецька,Краматорський,49.0355675,37.5653551,2022-06,cruise,1,1
Северинівка,Волинська,Камінь-Каширський,51.2908106,25.537878,2022-06,cruise,1,1
Сіверськ,Донецька,Бахмутський,48.8676267,38.0902435,2022-06,drone,1,1
Іваничі,Волинська,Володимир-Волинський,50.6407709,24.3619629,2022-07,cruise,1,1
Іваничі,Волинська,Володимир-Волинський,50.6407709,24.3619629,2022-07,drone,1,1
Ізюм,Харківська,Ізюмський,49.1913721,37.2784125,2022-07,cruise,1,1
Авдіївка,Донецька,Покровський,48.1338824,37.7466719,2022-07,,1,1
Авдіївка,Донецька,Покровський,48.1338824,37.7466719,2022-07,cruise,1,1
Боголюби,Волинська,Луцький,50.7450733,25.320078,2022-07,drone,2,2
Бражине,Донецька,Горлівський,48.0220754,38.7634612,2022-07,cruise,1,1
Брусилів,Житомирська,Житомирський,50.28305,29.51889,2022-07,drone,1,1
Білопіль,Волинська,Володимир-Волинський,50.738946,24.6482949,2022-07,,1,1
Білопіль,Волинська,Володимир-Волинський,50.738946,24.6482949,2022-07,drone,1,1
Верхнів,Волинська,Володимир-Волинський,50.751942,24.082321,2022-07,cruise,2,2
Верхнів,Волинська,Володимир-Волинський,50.751942,24.082321,2022-07,drone,3,3
Веселе,Волинська,Луцький,50.769734,25.010768,2022-07,cruise,1,1
Вовковинці,Хмельницька,Хмельницький,49.2073568,27.6559732,2022-07,cruise,1,1
Вуглегірськ,Донецька,Горлівський,48.3119524,38.2609048,2022-07,cruise,3,3
Вуглегірськ,Донецька,Горлівський,48.3119524,38.2609048,2022-07,drone,2,2
Вугледар,Донецька,Волноваський,47.7805058,37.2484374,2022-07,drone,1,1
Григоровичі,Волинська,Луцький,50.5831266,25.0807256,2022-07,cruise,1,1
Гусарівка,Житомирська,Коростенський,51.337784,28.897268,2022-07,cruise,1,1
Дементіївка,Харківська,Харківський,50.107307,36.1205965,2022-07,cruise,2,2
Дементіївка,Харківська,Харківський,50.107307,36.1205965,2022-07,drone,1,1
Доломітне,Донецька,Бахмутський,48.43803,38.22349,2022-07,,1,1
Зілове,Волинська,Ковельський,51.229557,24.3449012,2022-07,drone,1,1
Кодема,Донецька,Бахмутський,48.43803,38.22349,2022-07,cruise,1,1
Кодема,Донецька,Бахмутський,48.43803,38.22349,2022-07,drone,1,1
Козача Лопань,Харківська,Харківський,50.107307,36.1205965,2022-07,drone,1,1
Краматорськ,Донецька,Краматорський,48.7389415,37.5843812,2022-07,cruise,1,1
Краматорськ,Донецька,Краматорський,48.7389415,37.5843812,2022-07,drone,1,1
Краснодуб'я,Волинська,Ковельський,51.18633,24.61933,2022-07,,1,1
Краснодуб'я,Волинська,Ковельський,51.18633,24.61933,2022-07,cruise,1,1
Курулька,Харківська,Ізюмський,48.9070045,37.0287573,2022-07,cruise,1,1
Лисичанськ,Луганська,Сєвєродонецький,48.917267,38.4285981,2022-07,drone,1,1
Лозова,Харківська,Лозівський,48.8842428,36.3160254,2022-07,cruise,1,1
Луганськ,Луганська,Луганський,48.64418345,39.49485081756206,2022-07,cruise,3,3
Луганськ,Луганська,Луганський,48.64418345,39.49485081756206,2022-07,drone,1,1
Мазанівка,Донецька,Краматорський,49.0355675,37.5653551,2022-07,,1,1
Малі Голоби,Волинська,Камінь-Каширський,51.6271153,24.961357,2022-07,drone,1,1
Марія-Воля,Волинська,Володимир-Волинський,50.801533,24.337662,2022-07,cruise,1,1
Марія-Воля,Волинська,Володимир-Волинський,50.801533,24.337662,2022-07,drone,1,1
Мирославка,Волинська,Луцький,50.916332,25.2712543,2022-07,cruise,1,1
Моспине,Донецька,Донецький,48.0158753,37.8013407,2022-07,drone,1,1
Муравище,Волинська,Луцький,50.8333448,25.4648622,2022-07,cruise,1,1
Нагольно-Тарасівка,Луганська,Довжанський,48.0811324,39.642561,2022-07,drone,1,1
Нововолинськ,Волинська,Володимир-Волинський,50.7224829,24.1648399,2022-07,,1,1
Нововолинськ,Волинська,Володимир-Волинський,50.7224829,24.1648399,2022-07,cruise,3,3
Нововолинськ,Волинська,Володимир-Волинський,50.7224829,24.1648399,2022-07,drone,1,1
Новоселиця,Чернівецька,Чернівецький,48.2179594,26.2664831,2022-07,drone,0,1
Омельне,Волинська,Ковельський,51.4909494,23.9219323,2022-07,cruise,1,1
Покровськ,Донецька,Покровський,48.2771086,37.1772482,2022-07,cruise,1,1
Покровськ,Донецька,Покровський,48.2771086,37.1772482,2022-07,drone,3,3
Потоцьке,Дніпропетровська,Криворізький,48.103291,33.751369,2022-07,,1,1
Серебряниця,Волинська,Ковельський,51.08299,24.52389,2022-07,cruise,1,1
Словатичі,Волинська,Луцький,50.8333448,25.4648622,2022-07,cruise,1,1
Соснівка,Волинська,Камінь-Каширський,51.6271153,24.961357,2022-07,cruise,1,1
Спірне,Донецька,Бахмутський,48.6948731,38.0627964,2022-07,cruise,1,1
Спірне,Донецька,Бахмутський,48.6948731,38.0627964,2022-07,drone,0,1
Сухий,Закарпатська,Ужгородський,48.992908,22.695318,2022-07,cruise,0,1
Харків,Харківська,Харківський,49.9923181,36.2310146,2022-07,,1,1
Чорноплеси,Волинська,Ковельський,51.2234546,24.0315783,2022-07,cruise,1,1
Щербинівка,Донецька,Бахмутський,48.3970469,37.8501378,2022-07,cruise,1,1
Авдіївка,Донецька,Покровський,48.1338824,37.7466719,2022-08,,1,1
Андрушівка,Житомирська,Бердичівський,50.0301392,29.0222111,2022-08,cruise,1,1
Берестечко,Волинська,Луцький,50.3585756,25.1209852,2022-08,cruise,1,1
Боголюби,Волинська,Луцький,50.7450733,25.320078,2022-08,cruise,1,1
Білопіль,Волинська,Володимир-Волинський,50.738946,24.6482949,2022-08,,1,1
Білопіль,Волинська,Володимир-Волинський,50.738946,24.6482949,2022-08,cruise,1,1
Верхнів,Волинська,Володимир-Волинський,50.751942,24.082321,2022-08,cruise,1,1
Верхнів,Волинська,Володимир-Волинський,50.751942,24.082321,2022-08,drone,1,1
Горлівка,Донецька,Горлівський,48.3058686,38.0027664,2022-08,cruise,1,1
Донецьк,Донецька,Донецький,48.0158753,37.8013407,2022-08,drone,1,1
Зайцеве,Донецька,Бахмутський,48.43803,38.22349,2022-08,drone,1,1
Зелена,Волинська,Ковельський,51.2120538,24.708894,2022-08,cruise,1,1
Кочубеївка,Херсонська,Бериславський,47.496677,33.212185,2022-08,cruise,1,1
Краматорськ,Донецька,Краматорський,48.7389415,37.5843812,2022-08,drone,1,1
Лозове,Хмельницька,Хмельницький,49.2688322,27.4327085,2022-08,cruise,2,2
Мазанівка,Донецька,Краматорський,49.0355675,37.5653551,2022-08,cruise,1,1
Марія-Воля,Волинська,Володимир-Волинський,50.801533,24.337662,2022-08,cruise,2,2
Нововолинськ,Волинська,Володимир-Волинський,50.7224829,24.1648399,2022-08,cruise,1,1
Новосілки,Волинська,Володимир-Волинський,50.8474669,24.319319,2022-08,cruise,1,1
Олександрівка,Волинська,Луцький,50.8798116,25.2230391,2022-08,cruise,1,1
Павлівка,Волинська,Володимир-Волинський,50.6282366,24.4638426,2022-08,cruise,1,1
Серебряниця,Волинська,Ковельський,51.08299,24.52389,2022-08,drone,1,1
Солов'ї,Волинська,Ковельський,51.413324,24.6780485,2022-08,cruise,1,1
Стара Вижівка,Волинська,Ковельський,51.4422955,24.438565,2022-08,cruise,1,1
Сухий,Закарпатська,Ужгородський,48.992908,22.695318,2022-08,cruise,1,1
Трудове,Вінницька,Тульчинський,48.2077558,28.8864581,2022-08,,1,1
Яковичі,Волинська,Володимир-Волинський,50.801533,24.337662,2022-08,cruise,1,1
Київ,м. Київ,,50.4501,30.5234,2022-09,,0,1
Синельникове,Дніпропетровська,Синельниківський,48.3269304,35.5246984,2022-09,guided_air,0,1
Вінниця,Вінницька,Вінницький,49.2320162,28.467975,2022-10,cruise,0,1
Миколаївка,Херсонська,Бериславський,47.4933112,33.528245,2022-12,shahed,0,1
Херсон,Херсонська,Херсонський,46.6412644,32.625794,2022-12,shahed,0,1
Українка,Херсонська,Бериславський,47.267643,33.874374,2023-01,shahed,0,1
Єнакієве,Донецька,Горлівський,48.2305107,38.185045,2023-03,,0,1
Київ,м. Київ,,50.4501,30.5234,2023-06,,0,1
Київ,м. Київ,,50.4501,30.5234,2023-06,cruise,0,1
Сумське,Харківська,Куп’янський,49.6949729,37.1753112,2023-06,cruise,0,1
Херсон,Херсонська,Херсонський,46.6412644,32.625794,2023-06,cruise,0,1
Одеса,Одеська,Одеський,46.4843023,30.7322878,2023-07,cruise,0,1
Білгород-Дністровський,Одеська,Білгород-Дністровський,46.1909823,30.345784,2023-08,cruise,0,1
Дніпро,Дніпропетровська,Дніпровський,48.4680221,35.0417711,2023-08,,0,1
Львів,Дніпропетровська,Криворізький,47.9559565,33.525732,2023-08,,0,1
Миргород,Полтавська,Миргородський,49.9658333,33.6113889,2023-08,missile_alert,0,1
Старокостянтинів,Хмельницька,Хмельницький,49.756163,27.2087889,2023-08,shahed,0,1
Сумське,Харківська,Куп’янський,49.6949729,37.1753112,2023-08,cruise,0,1
Умань,Черкаська,Уманський,48.7497621,30.2203052,2023-08,drone,0,1
Черкаси,Черкаська,Черкаський,49.4302723,32.0447228243568,2023-08,,0,1
Ялта,Донецька,Маріупольський,47.0568106,37.3078191,2023-08,cruise,0,1
Ізмаїл,Одеська,Ізмаїльський,45.3511307,28.8361514,2023-09,drone,0,6
Білгород-Дністровський,Одеська,Білгород-Дністровський,46.1909823,30.345784,2023-09,drone,0,1
Дніпро,Дніпропетровська,Дніпровський,48.4680221,35.0417711,2023-09,shahed,0,1
Затоки,Вінницька,Жмеринський,49.077621,27.6813781,2023-09,drone,0,1
Коблеве,Миколаївська,Миколаївський,46.6612599,31.2085145,2023-09,drone,0,1
Кривий Ріг,Дніпропетровська,Криворізький,47.9102734,33.3917703,2023-09,shahed,0,1
Миколаїв,Миколаївська,Миколаївський,46.9758615,31.9939666,2023-09,shahed,0,1
Миколаївка,Херсонська,Бериславський,47.4933112,33.528245,2023-09,shahed,0,1
Одеса,Одеська,Одеський,46.4843023,30.7322878,2023-09,shahed,0,5
Очаків,Миколаївська,Миколаївський,46.6145957,31.5452994,2023-09,drone,0,1
Ізмаїл,Одеська,Ізмаїльський,45.3511307,28.8361514,2023-10,shahed,0,1
Білгород-Дністровський,Одеська,Білгород-Дністровський,46.1909823,30.345784,2023-10,shahed,0,1
Дніпро,Дніпропетровська,Дніпровський,48.4680221,35.0417711,2023-10,drone,0,1
Запоріжжя,Запорізька,Запорізький,47.8507859,35.1182867,2023-10,drone,0,1
Запорізьке,Донецька,Волноваський,47.4242451,37.7344444,2023-10,drone,0,1
Коблеве,Миколаївська,Миколаївський,46.6612599,31.2085145,2023-10,drone,0,1
Коробівка,Черкаська,Золотоніський,49.6689719,32.0427439,2023-10,drone,0,1
Коровій Яр,Донецька,Краматорський,48.9801314,37.8168012,2023-10,drone,0,1
Кривий Ріг,Дніпропетровська,Криворізький,47.9102734,33.3917703,2023-10,shahed,0,1
Миргород,Полтавська,Миргородський,49.9658333,33.6113889,2023-10,,0,1
Одеса,Одеська,Одеський,46.4843023,30.7322878,2023-10,shahed,0,1
Павлоград,Дніпропетровська,Павлоградський,48.5316759,35.8703695,2023-10,shahed,0,1
Південне,Одеська,Білгород-Дністровський,46.337597,29.986652,2023-10,drone,0,1
Північне,Донецька,Бахмутський,48.3970469,37.8501378,2023-10,drone,0,1
Рені,Одеська,Ізмаїльський,45.455413,28.2790948,2023-10,drone,0,1
Старокостянтинів,Хмельницька,Хмельницький,49.756163,27.2087889,2023-10,drone,0,1
Уманцівка,Полтавська,Полтавський,49.5897423,34.5507948,2023-10,drone,0,1
Южне,Одеська,Одеський,46.6225029,31.0994897,2023-10,drone,0,1
Ізмаїл,Одеська,Ізмаїльський,45.3511307,28.8361514,2023-11,drone,0,1
Білгород-Дністровський,Одеська,Білгород-Дністровський,46.1909823,30.345784,2023-11,drone,0,1
Дніпро,Дніпропетровська,Дніпровський,48.4680221,35.0417711,2023-11,,0,1
Дніпро,Дніпропетровська,Дніпровський,48.4680221,35.0417711,2023-11,drone,0,2
Запоріжжя,Запорізька,Запорізький,47.8507859,35.1182867,2023-11,drone,0,1
Затоки,Вінницька,Жмеринський,49.077621,27.6813781,2023-11,,0,1
Канів,Черкаська,Черкаський,49.7551031,31.4610802,2023-11,shahed,0,1
Київ,м. Київ,,50.4501,30.5234,2023-11,drone,0,1
Королівка,Хмельницька,Хмельницький,49.339939,26.88698,2023-11,drone,0,1
Кривий Ріг,Дніпропетровська,Криворізький,47.9102734,33.3917703,2023-11,,0,1
Кропивницький,Кіровоградська,Кропивницький,48.5105805,32.2656283,2023-11,,0,1
Кропивницький,Кіровоградська,Кропивницький,48.5105805,32.2656283,2023-11,drone,0,1
Лубни,Полтавська,Лубенський,50.0118206,33.0030821,2023-11,drone,0,2
Миколаївка,Херсонська,Бериславський,47.4933112,33.528245,2023-11,drone,0,1
Миргород,Полтавська,Миргородський,49.9658333,33.6113889,2023-11,,0,1
Ніжиловичі,Київська,Бучанський,50.4639897,29.8068986,2023-11,shahed,0,1
Обухів,Київська,Обухівський,50.1101633,30.6269696,2023-11,shahed,0,1
Одеса,Одеська,Одеський,46.4843023,30.7322878,2023-11,guided_air,0,1
Одеса,Одеська,Одеський,46.4843023,30.7322878,2023-11,missile_alert,0,1
Полтава,Полтавська,Полтавський,49.5897423,34.5507948,2023-11,,0,1
Полтавка,Сумська,Конотопський,51.132481,33.37846,2023-11,,0,2
Полтавка,Сумська,Конотопський,51.132481,33.37846,2023-11,drone,0,1
Стара Осота,Кіровоградська,Кропивницький,48.9656487,32.2383382,2023-11,drone,0,1
Тернопіль,Тернопільська,Тернопільський,49.5557716,25.591886,2023-11,drone,0,1
Чернеча Слобода,Сумська,Конотопський,51.132481,33.37846,2023-11,,0,1
Шепетівка,Хмельницька,Шепетівський,50.1809437,27.0651783,2023-11,drone,0,1
Білгород-Дністровський,Одеська,Білгород-Дністровський,46.1909823,30.345784,2023-12,drone,0,1
Білгород-Дністровський,Одеська,Білгород-Дністровський,46.1909823,30.345784,2023-12,shahed,0,1
Дніпро,Дніпропетровська,Дніпровський,48.4680221,35.0417711,2023-12,cruise,0,1
Дніпро,Дніпропетровська,Дніпровський,48.4680221,35.0417711,2023-12,guided_air,0,1
Запоріжжя,Запорізька,Запорізький,47.8507859,35.1182867,2023-12,drone,0,2
Київ,м. Київ,,50.4501,30.5234,2023-12,,0,1
Київ,м. Київ,,50.4501,30.5234,2023-12,cruise,0,1
Київ,м. Київ,,50.4501,30.5234,2023-12,drone,0,2
Коблеве,Миколаївська,Миколаївський,46.6612599,31.2085145,2023-12,drone,0,4
Коробчине,Кіровоградська,Новоукраїнський,48.7969701,31.6523837,2023-12,,0,1
Коростишів,Житомирська,Житомирський,50.3201518,29.0584885,2023-12,drone,0,2
Краснопілля,Сумська,Сумський,50.7712539,35.2563391,2023-12,drone,0,1
Криве Озеро,Миколаївська,Первомайський,47.9532217,30.3425878,2023-12,drone,0,1
Миколаївка,Херсонська,Бериславський,47.4933112,33.528245,2023-12,drone,0,1
Миргород,Полтавська,Миргородський,49.9658333,33.6113889,2023-12,drone,0,1
Павлоград,Дніпропетровська,Павлоградський,48.5316759,35.8703695,2023-12,,0,1
Первомайське,Черкаська,Черкаський,49.52499,31.74053,2023-12,drone,0,1
Полтавка,Сумська,Конотопський,51.132481,33.37846,2023-12,guided_air,0,1
Полтавське,Харківська,Лозівський,48.8842428,36.3160254,2023-12,guided_air,0,1
Старокостянтинів,Хмельницька,Хмельницький,49.756163,27.2087889,2023-12,drone,0,3
Старочуднівська Гута,Житомирська,Житомирський,50.146945,27.9214928,2023-12,drone,0,1
Татарбунари,Одеська,Білгород-Дністровський,45.8398696,29.6166537,2023-12,drone,0,1
Татарбунари,Одеська,Білгород-Дністровський,45.8398696,29.6166537,2023-12,shahed,0,1
Тернопіль,Тернопільська,Тернопільський,49.5557716,25.591886,2023-12,drone,0,1
Умань,Черкаська,Уманський,48.7497621,30.2203052,2023-12,drone,0,1
Чернеча Слобода,Сумська,Конотопський,51.132481,33.37846,2023-12,,0,1
Чернеча Слобода,Сумська,Конотопський,51.132481,33.37846,2023-12,shahed,0,1
Чернівці,Вінницька,Могилів-Подільський,48.5406973,28.1221153,2023-12,drone,0,2
Чугуїв,Харківська,Чугуївський,49.8363648,36.6898157,2023-12,drone,0,1
Южне,Одеська,Одеський,46.6225029,31.0994897,2023-12,drone,0,2
Ірпінь,Київська,Бучанський,50.5206777,30.2448725,2024-01,shahed,0,1
Бердичів,Житомирська,Бердичівський,49.8940442,28.5814912,2024-01,,0,1
Білгород-Дністровський,Одеська,Білгород-Дністровський,46.1909823,30.345784,2024-01,,0,1
Васильків,Київська,Обухівський,50.17387,30.32158,2024-01,drone,0,1
Вознесенськ,Миколаївська,Вознесенський,47.5679582,31.3338636,2024-01,drone,0,1
Вінниця,Вінницька,Вінницький,49.2320162,28.467975,2024-01,,0,1
Дніпро,Дніпропетровська,Дніпровський,48.4680221,35.0417711,2024-01,,0,3
Дніпро,Дніпропетровська,Дніпровський,48.4680221,35.0417711,2024-01,ballistic,0,1
Дніпро,Дніпропетровська,Дніпровський,48.4680221,35.0417711,2024-01,cruise,0,1
Дніпро,Дніпропетровська,Дніпровський,48.4680221,35.0417711,2024-01,guided_air,0,2
Дніпро,Дніпропетровська,Дніпровський,48.4680221,35.0417711,2024-01,kinzhal,0,1
Дніпро,Дніпропетровська,Дніпровський,48.4680221,35.0417711,2024-01,shahed,0,1
Золотоноша,Черкаська,Золотоніський,49.6689719,32.0427439,2024-01,drone,0,1
Калинівка,Вінницька,Хмільницький,49.4583688,28.5262638,2024-01,,0,1
Канафости,Львівська,Самбірський,49.6544518,23.4873856,2024-01,ballistic,0,1
Київ,м. Київ,,50.4501,30.5234,2024-01,,0,5
Київ,м. Київ,,50.4501,30.5234,2024-01,drone,0,5
Київ,м. Київ,,50.4501,30.5234,2024-01,kinzhal,0,1
Київ,м. Київ,,50.4501,30.5234,2024-01,shahed,0,1
Коростишів,Житомирська,Житомирський,50.3201518,29.0584885,2024-01,shahed,0,1
Кременчувате,Кіровоградська,Кропивницький,48.2497235,32.2043672,2024-01,drone,0,1
Кременчук,Полтавська,Кременчуцький,49.0629553,33.403516,2024-01,,0,1
Кропивницький,Кіровоградська,Кропивницький,48.5105805,32.2656283,2024-01,,0,1
Кропивницький,Кіровоградська,Кропивницький,48.5105805,32.2656283,2024-01,ballistic,0,1
Кропивницький,Кіровоградська,Кропивницький,48.5105805,32.2656283,2024-01,drone,0,2
Луцьк,Волинська,Луцький,50.7450733,25.320078,2024-01,cruise,0,1
Миколаїв,Чернігівська,Ніжинський,50.7415033,31.3860852,2024-01,drone,0,1
Миколаївка,Херсонська,Бериславський,47.4933112,33.528245,2024-01,drone,0,1
Миргород,Полтавська,Миргородський,49.9658333,33.6113889,2024-01,,0,1
Миргород,Полтавська,Миргородський,49.9658333,33.6113889,2024-01,guided_air,0,1
Миргород,Полтавська,Миргородський,49.9658333,33.6113889,2024-01,shahed,0,1
Одеса,Одеська,Одеський,46.4843023,30.7322878,2024-01,drone,0,1
Одеса,Одеська,Одеський,46.4843023,30.7322878,2024-01,shahed,0,2
Охтирка,Сумська,Охтирський,50.3115386,34.8868923,2024-01,,0,1
Павлоград,Дніпропетровська,Павлоградський,48.5316759,35.8703695,2024-01,,0,1
Павлоград,Дніпропетровська,Павлоградський,48.5316759,35.8703695,2024-01,drone,0,1
Перемишель,Хмельницька,Шепетівський,50.3421995,26.8585526,2024-01,,0,1
Полтавка,Сумська,Конотопський,51.132481,33.37846,2024-01,,0,1
Старокостянтинів,Хмельницька,Хмельницький,49.756163,27.2087889,2024-01,drone,0,1
Сумське,Харківська,Куп’янський,49.6949729,37.1753112,2024-01,,0,1
Харків,Харківська,Харківський,49.9923181,36.2310146,2024-01,,0,1
Харків,Харківська,Харківський,49.9923181,36.2310146,2024-01,ballistic,0,1
Харків,Харківська,Харківський,49.9923181,36.2310146,2024-01,shahed,0,1
Хмельницьке,Вінницька,Тульчинський,48.6730485,28.8569476,2024-01,cruise,0,1
Чернігів,Чернігівська,Чернігівський,51.494099,31.294332,2024-01,cruise,0,1
Южне,Чернігівська,Прилуцький,50.8840075,32.6447189,2024-01,drone,0,1
Бориспіль,Київська,Бориспільський,50.3512101,30.95077,2024-02,,0,1
Білгород-Дністровський,Одеська,Білгород-Дністровський,46.1909823,30.345784,2024-02,drone,0,2
Васильків,Київська,Обухівський,50.17387,30.32158,2024-02,drone,0,1
Ворожба,Сумська,Сумський,51.1722411,34.2245008,2024-02,kab,0,1
Десна,Чернігівська,Чернігівський,50.9247792,30.7729799,2024-02,drone,0,1
Дніпро,Дніпропетровська,Дніпровський,48.4680221,35.0417711,2024-02,,0,2
Дніпро,Дніпропетровська,Дніпровський,48.4680221,35.0417711,2024-02,drone,0,1
Дніпро,Дніпропетровська,Дніпровський,48.4680221,35.0417711,2024-02,guided_air,0,3
Кам'янське,Дніпропетровська,Кам’янський,48.5167748,34.6068797,2024-02,drone,0,1
Київ,м. Київ,,50.4501,30.5234,2024-02,,0,2
Коблеве,Миколаївська,Миколаївський,46.6612599,31.2085145,2024-02,drone,0,1
Коробчине,Кіровоградська,Новоукраїнський,48.7969701,31.6523837,2024-02,drone,0,1
Кременчувате,Кіровоградська,Кропивницький,48.2497235,32.2043672,2024-02,drone,0,1
Кременчук,Полтавська,Кременчуцький,49.0629553,33.403516,2024-02,drone,0,1
Кривий Ріг,Дніпропетровська,Криворізький,47.9102734,33.3917703,2024-02,,0,3
Кривий Ріг,Дніпропетровська,Криворізький,47.9102734,33.3917703,2024-02,guided_air,0,1
Кропивницький,Кіровоградська,Кропивницький,48.5105805,32.2656283,2024-02,,0,1
Курсики,Рівненська,Дубенський,50.266911,25.465281,2024-02,kab,0,1
Миргород,Полтавська,Миргородський,49.9658333,33.6113889,2024-02,,0,3
Миргород,Полтавська,Миргородський,49.9658333,33.6113889,2024-02,drone,0,1
Миргород,Полтавська,Миргородський,49.9658333,33.6113889,2024-02,guided_air,0,1
Новомосковськ,Дніпропетровська,Новомосковський,48.6358512,35.2595541,2024-02,drone,0,1
Одеса,Одеська,Одеський,46.4843023,30.7322878,2024-02,ballistic,0,1
Одеса,Одеська,Одеський,46.4843023,30.7322878,2024-02,drone,0,1
Одеса,Одеська,Одеський,46.4843023,30.7322878,2024-02,shahed,0,1
Павлоград,Дніпропетровська,Павлоградський,48.5316759,35.8703695,2024-02,,0,1
Павлоград,Дніпропетровська,Павлоградський,48.5316759,35.8703695,2024-02,drone,0,1
Умань,Черкаська,Уманський,48.7497621,30.2203052,2024-02,drone,0,1
Харків,Харківська,Харківський,49.9923181,36.2310146,2024-02,,0,1
Харків,Харківська,Харківський,49.9923181,36.2310146,2024-02,drone,0,3
Харківка,Сумська,Шосткинський,51.767231,34.06345,2024-02,shahed,0,1
Чугуїв,Харківська,Чугуївський,49.8363648,36.6898157,2024-02,drone,0,1
Іване-Золоте,Тернопільська,Чортківський,48.6402658,25.735898,2024-03,,0,1
Біла,Вінницька,Вінницький,49.339939,28.7260729,2024-03,drone,0,1
Білгород-Дністровський,Одеська,Білгород-Дністровський,46.1909823,30.345784,2024-03,,0,1
Дніпро,Дніпропетровська,Дніпровський,48.4680221,35.0417711,2024-03,,0,1
Запоріжжя,Запорізька,Запорізький,47.8507859,35.1182867,2024-03,drone,0,1
Кам'янське,Одеська,Болградський,45.9962017,29.431517,2024-03,drone,0,1
Київ,м. Київ,,50.4501,30.5234,2024-03,,0,4
Київ,м. Київ,,50.4501,30.5234,2024-03,kinzhal,0,2
Кременчувате,Кіровоградська,Кропивницький,48.2497235,32.2043672,2024-03,,0,1
Кременівка,Дніпропетровська,Новомосковський,49.118382,34.773186,2024-03,drone,0,1
Кривий Ріг,Дніпропетровська,Криворізький,47.9102734,33.3917703,2024-03,drone,0,2
Кривий Ріг,Дніпропетровська,Криворізький,47.9102734,33.3917703,2024-03,guided_air,0,2
Кропивницький,Кіровоградська,Кропивницький,48.5105805,32.2656283,2024-03,shahed,0,1
Львів,Миколаївська,Первомайський,48.0380198,30.9538321,2024-03,,0,1
Миколаївка,Вінницька,Тульчинський,48.2077558,28.8864581,2024-03,drone,0,1
Ніжин,Чернігівська,Ніжинський,51.0464747,31.8806289,2024-03,,0,1
Нікополь,Дніпропетровська,Нікопольський,47.5692061,34.3917272,2024-03,drone,0,1
Одеса,Одеська,Одеський,46.4843023,30.7322878,2024-03,drone,0,4
Одеса,Одеська,Одеський,46.4843023,30.7322878,2024-03,shahed,0,3
Охтирка,Сумська,Охтирський,50.3115386,34.8868923,2024-03,,0,1
Полтава,Полтавська,Полтавський,49.5897423,34.5507948,2024-03,,0,1
Харків,Харківська,Харківський,49.9923181,36.2310146,2024-03,drone,0,1
Чугуєве,Дніпропетровська,Синельниківський,48.13591,36.79047,2024-03,shahed,0,1
Шостка,Сумська,Шосткинський,51.8643223,33.4728213,2024-03,,0,1
Борисівка,Вінницька,Вінницький,49.1136358,29.2024356,2024-04,,0,1
Дніпро,Дніпропетровська,Дніпровський,48.4680221,35.0417711,2024-04,,0,1
Дніпро,Дніпропетровська,Дніпровський,48.4680221,35.0417711,2024-04,missile_alert,0,1
Дніпровське,Миколаївська,Миколаївський,46.6529086,31.6211184,2024-04,drone,0,1
Запоріжжя,Дніпропетровська,Кам’янський,48.4124318,33.7016613,2024-04,shahed,0,1
Запоріжжя,Запорізька,Запорізький,47.8507859,35.1182867,2024-04,drone,0,1
Канів,Черкаська,Черкаський,49.7551031,31.4610802,2024-04,drone,0,1
Київ,м. Київ,,50.4501,30.5234,2024-04,,0,1
Кременчук,Полтавська,Кременчуцький,49.0629553,33.403516,2024-04,cruise,0,1
Кременівка,Дніпропетровська,Новомосковський,49.118382,34.773186,2024-04,shahed,0,1
Кривий Ріг,Дніпропетровська,Криворізький,47.9102734,33.3917703,2024-04,drone,0,1
Кропивницький,Кіровоградська,Кропивницький,48.5105805,32.2656283,2024-04,,0,1
Львів,Миколаївська,Первомайський,48.0380198,30.9538321,2024-04,kinzhal,0,1
Миколаївка,Кіровоградська,Кропивницький,48.473549,32.192291,2024-04,drone,0,1
Миргород,Полтавська,Миргородський,49.9658333,33.6113889,2024-04,,0,1
Миргород,Полтавська,Миргородський,49.9658333,33.6113889,2024-04,cruise,0,1
Миргород,Полтавська,Миргородський,49.9658333,33.6113889,2024-04,drone,0,1
Нікополь,Дніпропетровська,Нікопольський,47.5692061,34.3917272,2024-04,drone,0,1
Одеса,Одеська,Одеський,46.4843023,30.7322878,2024-04,,0,1
Одеса,Одеська,Одеський,46.4843023,30.7322878,2024-04,drone,0,1
Одеса,Одеська,Одеський,46.4843023,30.7322878,2024-04,shahed,0,1
Павлоград,Дніпропетровська,Павлоградський,48.5316759,35.8703695,2024-04,drone,0,1
Павлоградське,Донецька,Донецький,48.0158753,37.8013407,2024-04,drone,0,1
Полтава,Полтавська,Полтавський,49.5897423,34.5507948,2024-04,shahed,0,1
Рівне,Кіровоградська,Новоукраїнський,48.2450076,31.7477038,2024-04,kinzhal,0,1
Старокостянтинів,Хмельницька,Хмельницький,49.756163,27.2087889,2024-04,drone,0,2
Стрий,Львівська,Стрийський,49.255875,23.8530863,2024-04,,0,1
Черкасівка,Полтавська,Полтавський,49.627499,34.687222,2024-04,cruise,0,1
Чернігів,Чернігівська,Чернігівський,51.494099,31.294332,2024-04,,0,1
Ізмаїл,Одеська,Ізмаїльський,45.3511307,28.8361514,2024-05,drone,0,1
Баштанка,Миколаївська,Баштанський,47.4033486,32.4388921,2024-05,cruise,0,1
Біла,Вінницька,Могилів-Подільський,48.2400683,28.2779272,2024-05,drone,0,1
Білопілля,Сумська,Сумський,51.1460449,34.3121992,2024-05,,0,1
Вінниця,Вінницька,Вінницький,49.2320162,28.467975,2024-05,drone,0,1
Дніпро,Дніпропетровська,Дніпровський,48.4680221,35.0417711,2024-05,,0,2
Дніпро,Дніпропетровська,Дніпровський,48.4680221,35.0417711,2024-05,drone,0,1
Дніпро,Дніпропетровська,Дніпровський,48.4680221,35.0417711,2024-05,shahed,0,1
Дніпряни,Херсонська,Каховський,46.7583404,33.3566678,2024-05,drone,0,1
Житомир,Житомирська,Житомирський,50.2598298,28.6692345,2024-05,,0,1
Канів,Черкаська,Черкаський,49.7551031,31.4610802,2024-05,drone,0,1
Кривий Ріг,Дніпропетровська,Криворізький,47.9102734,33.3917703,2024-05,,0,1
Кривий Ріг,Дніпропетровська,Криворізький,47.9102734,33.3917703,2024-05,drone,0,1
Кропивницький,Кіровоградська,Кропивницький,48.5105805,32.2656283,2024-05,,0,1
Кропивницький,Кіровоградська,Кропивницький,48.5105805,32.2656283,2024-05,drone,0,1
Кропивня,Вінницька,Жмеринський,48.7498267,28.08317,2024-05,drone,0,2
Ладижин,Вінницька,Гайсинський,48.6810505,29.2567642,2024-05,,0,1
Лубни,Полтавська,Лубенський,50.0118206,33.0030821,2024-05,cruise,0,1
Львів,Миколаївська,Первомайський,48.0380198,30.9538321,2024-05,,0,1
Миколаїв,Миколаївська,Миколаївський,46.9758615,31.9939666,2024-05,drone,0,1
Миргород,Полтавська,Миргородський,49.9658333,33.6113889,2024-05,,0,1
Нікополь,Дніпропетровська,Нікопольський,47.5692061,34.3917272,2024-05,drone,0,3
Одеса,Одеська,Одеський,46.4843023,30.7322878,2024-05,,0,2
Одеса,Одеська,Одеський,46.4843023,30.7322878,2024-05,drone,0,2
Павлівка,Одеська,Болградський,45.962959,29.491703,2024-05,drone,0,1
Полтава,Полтавська,Полтавський,49.5897423,34.5507948,2024-05,drone,0,1
Полтавка,Сумська,Конотопський,51.132481,33.37846,2024-05,,0,1
Полтавка,Сумська,Конотопський,51.132481,33.37846,2024-05,cruise,0,1
Полтавка,Сумська,Конотопський,51.132481,33.37846,2024-05,drone,0,1
Старокостянтинів,Хмельницька,Хмельницький,49.756163,27.2087889,2024-05,shahed,0,1
Старостинці,Вінницька,Вінницький,49.4848166,29.2579157,2024-05,drone,0,1
Умань,Черкаська,Уманський,48.7497621,30.2203052,2024-05,,0,2
Харків,Харківська,Харківський,49.9923181,36.2310146,2024-05,drone,0,2
Черкаси,Черкаська,Черкаський,49.4302723,32.0447228243568,2024-05,drone,0,1
Чернівці,Вінницька,Могилів-Подільський,48.5406973,28.1221153,2024-05,drone,0,1
Чорноморськ,Одеська,Одеський,46.3020943,30.653466,2024-05,drone,0,3
Богуслав,Київська,Обухівський,49.54765,30.8733,2024-06,,0,1
Болган,Вінницька,Тульчинський,48.1457286,28.8527159,2024-06,drone,0,1
Бурштин,Івано-Франківська,Івано-Франківський,49.2516287,24.6341893,2024-06,,0,1
Білгород-Дністровський,Одеська,Білгород-Дністровський,46.1909823,30.345784,2024-06,drone,0,1
Біле,Луганська,Алчевський,48.4806933,38.792133294414555,2024-06,drone,0,1
Вінниця,Вінницька,Вінницький,49.2320162,28.467975,2024-06,,0,1
Вінниця,Вінницька,Вінницький,49.2320162,28.467975,2024-06,cruise,0,1
Дніпро,Дніпропетровська,Дніпровський,48.4680221,35.0417711,2024-06,,0,1
Дніпро,Дніпропетровська,Дніпровський,48.4680221,35.0417711,2024-06,drone,0,3
Дніпрорудне,Запорізька,Василівський,47.3899205,35.0028481,2024-06,,0,1
Жмеринка,Вінницька,Жмеринський,49.0354593,28.1147317,2024-06,,0,1
Запоріжжя,Запорізька,Запорізький,47.8507859,35.1182867,2024-06,drone,0,1
Затоки,Вінницька,Жмеринський,49.077621,27.6813781,2024-06,drone,0,2
Канів,Черкаська,Черкаський,49.7551031,31.4610802,2024-06,,0,1
Київ,м. Київ,,50.4501,30.5234,2024-06,,0,2
Київ,м. Київ,,50.4501,30.5234,2024-06,cruise,0,1
Коломия,Івано-Франківська,Коломийський,48.5259211,25.0380538,2024-06,,0,1
Коростишів,Житомирська,Житомирський,50.3201518,29.0584885,2024-06,cruise,0,2
Кривий Ріг,Дніпропетровська,Криворізький,47.9102734,33.3917703,2024-06,drone,0,4
Кривошиї,Вінницька,Хмільницький,49.556175,27.9491205,2024-06,drone,0,1
Кропивницький,Кіровоградська,Кропивницький,48.5105805,32.2656283,2024-06,cruise,0,1
Львів,Львівська,Львівський,49.841952,24.0315921,2024-06,cruise,0,1
Львів,Львівська,Львівський,49.841952,24.0315921,2024-06,drone,0,1
Миколаїв,Миколаївська,Миколаївський,46.9758615,31.9939666,2024-06,,0,1
Миргород,Полтавська,Миргородський,49.9658333,33.6113889,2024-06,shahed,0,1
Мукачево,Закарпатська,Мукачівський,48.4421438,22.7185112,2024-06,,0,1
Ніжин,Чернігівська,Ніжинський,51.0464747,31.8806289,2024-06,cruise,0,1
Нікополь,Дніпропетровська,Нікопольський,47.5692061,34.3917272,2024-06,drone,0,1
Одеса,Одеська,Одеський,46.4843023,30.7322878,2024-06,,0,2
Одеса,Одеська,Одеський,46.4843023,30.7322878,2024-06,drone,0,1
Оржиця,Полтавська,Лубенський,49.7875449,32.6997311,2024-06,drone,0,1
Павлоград,Дніпропетровська,Павлоградський,48.5316759,35.8703695,2024-06,drone,0,2
Полтава,Луганська,Сватівський,49.58027,38.16582,2024-06,drone,0,1
Полтавка,Сумська,Конотопський,51.132481,33.37846,2024-06,,0,4
Полтавка,Сумська,Конотопський,51.132481,33.37846,2024-06,drone,0,1
Полтавське,Харківська,Лозівський,48.8842428,36.3160254,2024-06,,0,1
Рівне,Вінницька,Могилів-Подільський,48.7130055,27.5355762,2024-06,,0,1
Старокостянтинів,Хмельницька,Хмельницький,49.756163,27.2087889,2024-06,,0,1
Старостинці,Вінницька,Вінницький,49.4848166,29.2579157,2024-06,,0,1
Старочуднівська Гута,Житомирська,Житомирський,50.146945,27.9214928,2024-06,shahed,0,1
Стрий,Львівська,Стрийський,49.255875,23.8530863,2024-06,,0,1
Харківське,Донецька,Донецький,47.7952806,38.4798317,2024-06,ballistic,0,1
Хмельницьке,Вінницька,Тульчинський,48.6730485,28.8569476,2024-06,,0,1
Хмельницький,Хмельницька,Хмельницький,49.4196404,26.9793793,2024-06,cruise,0,1
Шаргород,Вінницька,Жмеринський,48.7498267,28.08317,2024-06,cruise,0,1
Ізмаїл,Одеська,Ізмаїльський,45.3511307,28.8361514,2024-07,drone,0,1
Ізюм,Харківська,Ізюмський,49.1913721,37.2784125,2024-07,drone,0,1
Бориспіль,Київська,Бориспільський,50.3512101,30.95077,2024-07,drone,0,2
Бровари,Київська,Броварський,50.5111168,30.7900482,2024-07,drone,0,2
Васильків,Київська,Обухівський,50.17387,30.32158,2024-07,drone,0,1
Вилкове,Одеська,Ізмаїльський,45.40306,29.58309,2024-07,drone,0,1
Вознесенськ,Миколаївська,Вознесенський,47.5679582,31.3338636,2024-07,drone,0,1
Вінниця,Вінницька,Вінницький,49.2320162,28.467975,2024-07,drone,0,1
Глухів,Сумська,Шосткинський,51.67831,33.9093,2024-07,,0,1
Гостре,Донецька,Покровський,47.9835214,37.2826414,2024-07,,0,1
Дніпро,Дніпропетровська,Дніпровський,48.4680221,35.0417711,2024-07,,0,4
Дніпро,Дніпропетровська,Дніпровський,48.4680221,35.0417711,2024-07,drone,0,3
Дніпроенергія,Донецька,Волноваський,47.97781,36.74678,2024-07,drone,0,1
Дніпрорудне,Запорізька,Василівський,47.3899205,35.0028481,2024-07,,0,1
Енергодар,Запорізька,Василівський,47.4900575,34.6602709,2024-07,drone,0,1
Житомир,Житомирська,Житомирський,50.2598298,28.6692345,2024-07,,0,1
Житомир,Житомирська,Житомирський,50.2598298,28.6692345,2024-07,drone,0,1
Запоріжжя,Запорізька,Запорізький,47.8507859,35.1182867,2024-07,drone,0,1
Кам'янське,Дніпропетровська,Кам’янський,48.5167748,34.6068797,2024-07,drone,0,1
Канів,Черкаська,Черкаський,49.7551031,31.4610802,2024-07,drone,0,1
Київ,м. Київ,,50.4501,30.5234,2024-07,,0,1
Київ,м. Київ,,50.4501,30.5234,2024-07,drone,0,5
Конотоп,Сумська,Конотопський,51.2397495,33.206675,2024-07,drone,0,1
Коростишів,Житомирська,Житомирський,50.3201518,29.0584885,2024-07,shahed,0,1
Кременчук,Полтавська,Кременчуцький,49.0629553,33.403516,2024-07,drone,0,1
Кривий Ріг,Дніпропетровська,Криворізький,47.9102734,33.3917703,2024-07,drone,0,1
Кривоносівка,Сумська,Шосткинський,52.264019,33.598251,2024-07,drone,0,1
Миколаївка,Дніпропетровська,Дніпровський,48.5495226,34.8545508,2024-07,drone,0,1
Миколаївка,Київська,Бучанський,50.4639897,29.8068986,2024-07,kinzhal,0,1
Миколаївка,Сумська,Сумський,50.9395138,34.3729195,2024-07,drone,0,1
Миргород,Полтавська,Миргородський,49.9658333,33.6113889,2024-07,drone,0,3
Нікополь,Дніпропетровська,Нікопольський,47.5692061,34.3917272,2024-07,drone,0,1
Одеса,Одеська,Одеський,46.4843023,30.7322878,2024-07,,0,3
Павлиш,Кіровоградська,Олександрійський,48.9046489,33.4472744,2024-07,drone,0,1
Павлоград,Дніпропетровська,Павлоградський,48.5316759,35.8703695,2024-07,drone,0,1
Павлівка,Харківська,Богодухівський,50.0625892,35.1647821,2024-07,drone,0,1
Полтавка,Сумська,Конотопський,51.132481,33.37846,2024-07,,0,1
Черкаси,Черкаська,Черкаський,49.4302723,32.0447228243568,2024-07,drone,0,1
Чернеча Слобода,Сумська,Конотопський,51.132481,33.37846,2024-07,drone,0,1
Чернігів,Чернігівська,Чернігівський,51.494099,31.294332,2024-07,drone,0,1
Шостакове,Миколаївська,Миколаївський,47.18486,31.793865,2024-07,drone,0,1
Шостка,Сумська,Шосткинський,51.8643223,33.4728213,2024-07,drone,0,1
Іванопіль,Житомирська,Бердичівський,49.833641,28.0529,2024-08,drone,0,1
Апостолове,Дніпропетровська,Криворізький,47.6617478,33.7180001,2024-08,drone,0,1
Бориспіль,Київська,Бориспільський,50.3512101,30.95077,2024-08,drone,0,3
Бровари,Київська,Броварський,50.5111168,30.7900482,2024-08,drone,0,2
Біле,Луганська,Алчевський,48.4806933,38.792133294414555,2024-08,shahed,0,1
Біле,Рівненська,Сарненський,51.674639,26.7442186,2024-08,drone,0,1
Білозерське,Дніпропетровська,Павлоградський,48.74599,36.01833,2024-08,drone,0,1
Білозерське,Донецька,Покровський,48.53313,37.05791,2024-08,shahed,0,1
Білошиці,Житомирська,Коростенський,50.862558199999995,28.589190512469205,2024-08,drone,0,1
Васильків,Київська,Обухівський,50.17387,30.32158,2024-08,drone,0,1
Васильків,Київська,Обухівський,50.17387,30.32158,2024-08,shahed,0,1
Дніпро,Дніпропетровська,Дніпровський,48.4680221,35.0417711,2024-08,,0,1
Дніпро,Дніпропетровська,Дніпровський,48.4680221,35.0417711,2024-08,drone,0,5
Запоріжжя,Запорізька,Запорізький,47.8507859,35.1182867,2024-08,shahed,0,1
Кам'янка,Черкаська,Черкаський,49.0401185,32.1008691,2024-08,drone,0,1
Київ,м. Київ,,50.4501,30.5234,2024-08,,0,1
Київ,м. Київ,,50.4501,30.5234,2024-08,drone,0,5
Королівка,Київська,Бучанський,50.4639897,29.8068986,2024-08,drone,0,3
Коростишів,Житомирська,Житомирський,50.3201518,29.0584885,2024-08,drone,0,2
Крем'янка,Житомирська,Новоград-Волинський,50.712551,28.029209,2024-08,drone,0,1
Кременівка,Дніпропетровська,Новомосковський,49.118382,34.773186,2024-08,drone,0,1
Кременівка,Дніпропетровська,Новомосковський,49.118382,34.773186,2024-08,shahed,0,1
Кременівка,Донецька,Маріупольський,47.303725,37.5980463,2024-08,drone,0,1
Кривець,Київська,Білоцерківський,49.3897213,30.1921389,2024-08,drone,0,1
Кривець,Київська,Білоцерківський,49.3897213,30.1921389,2024-08,shahed,0,1
Кропивницьке,Донецька,Волноваський,47.4865084,37.4105964,2024-08,shahed,0,1
Миколаївка,Дніпропетровська,Дніпровський,48.5495226,34.8545508,2024-08,drone,0,1
Миргород,Полтавська,Миргородський,49.9658333,33.6113889,2024-08,drone,0,2
Миргород,Полтавська,Миргородський,49.9658333,33.6113889,2024-08,shahed,0,1
Немирівка,Житомирська,Коростенський,51.0060511,28.5875505,2024-08,drone,0,1
Ніжин,Чернігівська,Ніжинський,51.0464747,31.8806289,2024-08,,0,1
Нікополь,Дніпропетровська,Нікопольський,47.5692061,34.3917272,2024-08,drone,0,1
Одеса,Одеська,Одеський,46.4843023,30.7322878,2024-08,drone,0,1
Очаків,Миколаївська,Миколаївський,46.6145957,31.5452994,2024-08,drone,0,1
Переяслав,Київська,Бориспільський,50.0643984,31.4447327,2024-08,drone,0,1
Полтава,Полтавська,Полтавський,49.5897423,34.5507948,2024-08,drone,0,2
Полтава,Полтавська,Полтавський,49.5897423,34.5507948,2024-08,shahed,0,1
Полтавка,Сумська,Конотопський,51.132481,33.37846,2024-08,,0,1
Старокасянівське,Дніпропетровська,Синельниківський,47.9808528,36.2333808,2024-08,shahed,0,1
Старомихайлівка,Донецька,Донецький,48.0158753,37.8013407,2024-08,shahed,0,1
Суми,Сумська,Сумський,50.9119775,34.8027723,2024-08,,0,1
Суми,Сумська,Сумський,50.9119775,34.8027723,2024-08,drone,0,1
Українка,Київська,Обухівський,50.1537167,30.7420742,2024-08,cruise,0,1
Харківське,Донецька,Донецький,47.7952806,38.4798317,2024-08,shahed,0,1
Черкас,Київська,Білоцерківський,49.694134,30.082663,2024-08,drone,0,1
Черкаси,Черкаська,Черкаський,49.4302723,32.0447228243568,2024-08,drone,0,3
Черняхів,Житомирська,Житомирський,50.45299,28.66573,2024-08,drone,0,1
Черняхівка,Київська,Бориспільський,50.2758913,31.7634861,2024-08,drone,0,1
Чорне,Харківська,Куп’янський,50.185158,37.5181193,2024-08,ballistic,0,1
Іванівка,Миколаївська,Миколаївський,46.6529086,31.6211184,2024-09,drone,0,1
Баштанка,Миколаївська,Баштанський,47.4033486,32.4388921,2024-09,drone,0,2
Бориспіль,Київська,Бориспільський,50.3512101,30.95077,2024-09,drone,0,1
Борисівка,Дніпропетровська,Нікопольський,47.62161,34.52453,2024-09,drone,0,1
Бровари,Київська,Броварський,50.5111168,30.7900482,2024-09,drone,0,1
Білогородка,Київська,Бучанський,50.390171,30.22785,2024-09,drone,0,1
Білозір'я,Черкаська,Черкаський,49.2975805,31.8935819,2024-09,,0,1
Білозірка,Вінницька,Вінницький,49.3232593,28.0837586,2024-09,shahed,0,1
Білошиці,Житомирська,Коростенський,50.862558199999995,28.589190512469205,2024-09,drone,0,1
Вилкове,Одеська,Ізмаїльський,45.40306,29.58309,2024-09,drone,0,1
Волиця,Волинська,Володимир-Волинський,50.6282366,24.4638426,2024-09,drone,0,2
Дніпро,Дніпропетровська,Дніпровський,48.4680221,35.0417711,2024-09,drone,0,2
Житомир,Житомирська,Житомирський,50.2598298,28.6692345,2024-09,,0,1
Житомир,Житомирська,Житомирський,50.2598298,28.6692345,2024-09,drone,0,1
Житомир,Житомирська,Житомирський,50.2598298,28.6692345,2024-09,shahed,0,1
Запоріжжя,Запорізька,Запорізький,47.8507859,35.1182867,2024-09,drone,0,1
Запоріжжя,Запорізька,Запорізький,47.8507859,35.1182867,2024-09,kab,0,1
Запоріжжя,Чернігівська,Ніжинський,50.7415033,31.3860852,2024-09,shahed,0,1
Кам'яногірка,Вінницька,Жмеринський,48.97121,28.10989,2024-09,drone,0,1
Київ,м. Київ,,50.4501,30.5234,2024-09,,0,1
Київ,м. Київ,,50.4501,30.5234,2024-09,ballistic,0,1
Київ,м. Київ,,50.4501,30.5234,2024-09,cruise,0,1
Київ,м. Київ,,50.4501,30.5234,2024-09,drone,0,4
Кременчувате,Кіровоградська,Кропивницький,48.2497235,32.2043672,2024-09,shahed,0,2
Кременівка,Дніпропетровська,Новомосковський,49.118382,34.773186,2024-09,drone,0,1
Кривий Ріг,Дніпропетровська,Криворізький,47.9102734,33.3917703,2024-09,drone,0,1
Кривий Ріг,Херсонська,Генічеський,46.3558121,34.3363579,2024-09,drone,0,1
Кривоносівка,Сумська,Шосткинський,52.264019,33.598251,2024-09,drone,0,1
Кривошиї,Вінницька,Хмільницький,49.556175,27.9491205,2024-09,drone,0,1
Кропивницький,Кіровоградська,Кропивницький,48.5105805,32.2656283,2024-09,,0,1
Миколаївка,Херсонська,Генічеський,46.1661695,34.8088828,2024-09,drone,0,3
Миргород,Полтавська,Миргородський,49.9658333,33.6113889,2024-09,drone,0,4
Новомирівка,Київська,Бучанський,50.4639897,29.8068986,2024-09,drone,0,1
Одеса,Одеська,Одеський,46.4843023,30.7322878,2024-09,,0,1
Олександрівка,Вінницька,Вінницький,49.1117881,28.6889425,2024-09,drone,0,1
Оржиця,Полтавська,Лубенський,50.1206044,32.4289258,2024-09,drone,0,1
Очаків,Миколаївська,Миколаївський,46.6145957,31.5452994,2024-09,drone,0,1
Перещепине,Дніпропетровська,Новомосковський,49.01825,35.35915,2024-09,drone,0,1
Покровське,Миколаївська,Миколаївський,46.6145957,31.5452994,2024-09,drone,0,1
Полтава,Полтавська,Полтавський,49.5897423,34.5507948,2024-09,,0,2
Полтава,Полтавська,Полтавський,49.5897423,34.5507948,2024-09,drone,0,1
Полтавка,Сумська,Конотопський,51.132481,33.37846,2024-09,shahed,0,1
Полтавське,Харківська,Лозівський,48.8842428,36.3160254,2024-09,drone,0,1
Рівне,Кіровоградська,Новоукраїнський,48.2450076,31.7477038,2024-09,drone,0,1
Сабанівка,Львівська,Червоноградський,50.2808744,24.6397908,2024-09,shahed,0,1
Сарата,Одеська,Білгород-Дністровський,46.0220664,29.6648751,2024-09,drone,0,1
Сміла,Вінницька,Хмільницький,49.6939529,28.1323125,2024-09,drone,0,1
Старокостянтинів,Хмельницька,Хмельницький,49.756163,27.2087889,2024-09,drone,0,1
Суми,Сумська,Сумський,50.9119775,34.8027723,2024-09,,0,1
Суми,Сумська,Сумський,50.9119775,34.8027723,2024-09,drone,0,1
Татарбунари,Одеська,Білгород-Дністровський,45.8398696,29.6166537,2024-09,drone,0,1
Тиранівка,Хмельницька,Хмельницький,49.48061,27.021765,2024-09,drone,0,1
Українка,Вінницька,Вінницький,49.3232593,28.0837586,2024-09,drone,0,1
Харків,Харківська,Харківський,49.9923181,36.2310146,2024-09,drone,0,2
Черкас,Київська,Білоцерківський,49.694134,30.082663,2024-09,drone,0,2
Черкаси,Черкаська,Черкаський,49.4302723,32.0447228243568,2024-09,drone,0,1
Черкасівка,Полтавська,Полтавський,49.627499,34.687222,2024-09,,0,1
Черкасівка,Полтавська,Полтавський,49.627499,34.687222,2024-09,drone,0,1
Черняхівка,Київська,Бориспільський,50.2758913,31.7634861,2024-09,drone,0,1
Чернігів,Чернігівська,Чернігівський,51.494099,31.294332,2024-09,,0,1
Чугуїв,Харківська,Чугуївський,49.8363648,36.6898157,2024-09,drone,0,1
Широке,Харківська,Чугуївський,50.0760423,36.7936724,2024-09,drone,0,1
Шостка,Сумська,Шосткинський,51.8643223,33.4728213,2024-09,drone,0,1
Южноукраїнськ,Миколаївська,Вознесенський,47.824269,31.1786814,2024-09,drone,0,1
Бориспіль,Київська,Бориспільський,50.3512101,30.95077,2024-10,drone,0,2
Борисівка,Вінницька,Вінницький,49.1136358,29.2024356,2024-10,drone,0,1
Бровари,Київська,Броварський,50.5111168,30.7900482,2024-10,drone,0,2
Біла Церква,Київська,Білоцерківський,49.7969703,30.1158069,2024-10,drone,0,1
Білогородка,Київська,Бучанський,50.390171,30.22785,2024-10,shahed,0,1
Білогуби,Полтавська,Кременчуцький,49.5972685,33.179559,2024-10,drone,0,1
Білозір'я,Черкаська,Черкаський,49.2975805,31.8935819,2024-10,guided_air,0,1
Білошиці,Житомирська,Коростенський,50.862558199999995,28.589190512469205,2024-10,drone,0,1
Вінницькі Стави,Київська,Білоцерківський,49.98402,30.007441,2024-10,drone,0,1
Вінниця,Вінницька,Вінницький,49.2320162,28.467975,2024-10,drone,0,3
Гадяч,Полтавська,Миргородський,50.3701299,33.9950534,2024-10,drone,0,1
Глухів,Сумська,Шосткинський,51.67831,33.9093,2024-10,drone,0,1
Гребінки,Київська,Білоцерківський,49.95346,30.1763499,2024-10,drone,0,1
Дніпро,Дніпропетровська,Дніпровський,48.4680221,35.0417711,2024-10,drone,0,8
Дніпро,Дніпропетровська,Дніпровський,48.4680221,35.0417711,2024-10,shahed,0,1
Дніпроенергія,Донецька,Волноваський,47.97781,36.74678,2024-10,shahed,0,1
Дубівка,Кіровоградська,Кропивницький,48.3658045,32.6572986,2024-10,drone,0,1
Житомир,Житомирська,Житомирський,50.2598298,28.6692345,2024-10,drone,0,1
Житомир,Житомирська,Житомирський,50.2598298,28.6692345,2024-10,shahed,0,1
Запоріжжя,Дніпропетровська,Новомосковський,48.9145571,34.9291661,2024-10,shahed,0,1
Запоріжжя,Запорізька,Запорізький,47.8507859,35.1182867,2024-10,drone,0,2
Запоріжжя,Запорізька,Запорізький,47.8507859,35.1182867,2024-10,guided_air,0,6
Запоріжжя,Запорізька,Запорізький,47.8507859,35.1182867,2024-10,kab,0,5
Запоріжжя,Запорізька,Запорізький,47.8507859,35.1182867,2024-10,shahed,0,1
Затока,Одеська,Білгород-Дністровський,46.1458339,30.5255473,2024-10,shahed,0,1
Затоки,Вінницька,Жмеринський,49.077621,27.6813781,2024-10,shahed,0,1
Зачепилівка,Харківська,Красноградський,49.1954572,35.2408676,2024-10,shahed,0,1
Київ,м. Київ,,50.4501,30.5234,2024-10,drone,0,4
Київ,м. Київ,,50.4501,30.5234,2024-10,shahed,0,1
Коробівка,Черкаська,Золотоніський,49.6689719,32.0427439,2024-10,drone,0,2
Короленківка,Полтавська,Полтавський,49.4537175,35.1374845,2024-10,drone,0,1
Королівка,Київська,Бучанський,50.4639897,29.8068986,2024-10,drone,0,1
Краснопілля,Дніпропетровська,Новомосковський,49.118382,34.773186,2024-10,drone,0,1
Кременище,Київська,Обухівський,50.272751,30.522079,2024-10,drone,0,1
Кременище,Київська,Обухівський,50.272751,30.522079,2024-10,shahed,0,1
Кременчук,Полтавська,Кременчуцький,49.0629553,33.403516,2024-10,drone,0,4
Кременчук,Полтавська,Кременчуцький,49.0629553,33.403516,2024-10,shahed,0,1
Кременівка,Дніпропетровська,Новомосковський,49.118382,34.773186,2024-10,drone,0,3
Кривий Ріг,Дніпропетровська,Криворізький,47.9102734,33.3917703,2024-10,drone,0,1
Кривий Ріг,Дніпропетровська,Криворізький,47.9102734,33.3917703,2024-10,shahed,0,1
Кропивня,Вінницька,Жмеринський,48.7498267,28.08317,2024-10,drone,0,1
Кропивня,Житомирська,Житомирський,50.3201518,29.0584885,2024-10,shahed,0,1
Кропивня,Київська,Вишгородський,50.93301,29.9042867,2024-10,drone,0,1
Кропивня,Київська,Вишгородський,50.93301,29.9042867,2024-10,shahed,0,1
Лубни,Полтавська,Лубенський,50.0118206,33.0030821,2024-10,drone,0,2
Миколаївка,Херсонська,Бериславський,47.4933112,33.528245,2024-10,drone,0,1
Миргород,Полтавська,Миргородський,49.9658333,33.6113889,2024-10,drone,0,5
Новий Буг,Миколаївська,Баштанський,47.6933814,32.5106596,2024-10,drone,0,1
Нові Санжари,Полтавська,Полтавський,49.3338321,34.3148631,2024-10,drone,0,1
Ніжин,Чернігівська,Ніжинський,51.0464747,31.8806289,2024-10,drone,0,2
Обухівка,Дніпропетровська,Дніпровський,48.5495226,34.8545508,2024-10,drone,0,1
Одеса,Одеська,Одеський,46.4843023,30.7322878,2024-10,,0,1
Одеса,Одеська,Одеський,46.4843023,30.7322878,2024-10,drone,0,4
Одеса,Одеська,Одеський,46.4843023,30.7322878,2024-10,shahed,0,1
Павлоград,Дніпропетровська,Павлоградський,48.5316759,35.8703695,2024-10,drone,0,3
Павлоград,Дніпропетровська,Павлоградський,48.5316759,35.8703695,2024-10,shahed,0,1
Погребище,Вінницька,Вінницький,49.4848166,29.2579157,2024-10,drone,0,1
Полтава,Полтавська,Полтавський,49.5897423,34.5507948,2024-10,drone,0,1
Полтава,Полтавська,Полтавський,49.5897423,34.5507948,2024-10,shahed,0,1
Полтавка,Дніпропетровська,Криворізький,47.66556,33.1152,2024-10,shahed,0,1
Полтавка,Донецька,Краматорський,48.49425,37.66654,2024-10,shahed,0,1
Полтавка,Сумська,Конотопський,51.132481,33.37846,2024-10,drone,0,1
Полтавка,Сумська,Конотопський,51.132481,33.37846,2024-10,shahed,0,1
Прилиманське,Одеська,Одеський,46.471085,30.613808,2024-10,shahed,0,1
Прилуки,Чернігівська,Прилуцький,50.5950864,32.3866658,2024-10,drone,0,2
Путилівка,Дніпропетровська,Нікопольський,47.546421,34.15443,2024-10,drone,0,1
Південне,Харківська,Харківський,49.8847449,36.0666511,2024-10,drone,0,1
Сарни,Рівненська,Сарненський,51.3350028,26.6171275,2024-10,drone,0,1
Семенівка,Дніпропетровська,Кам’янський,48.345341,33.84235,2024-10,drone,0,1
Семенівка,Запорізька,Мелітопольський,46.894451,35.416489,2024-10,drone,0,1
Семенівка,Київська,Обухівський,50.1101633,30.6269696,2024-10,drone,0,1
Семенівка,Полтавська,Миргородський,49.7852778,33.7213889,2024-10,drone,0,1
Суми,Сумська,Сумський,50.9119775,34.8027723,2024-10,drone,0,4
Суми,Сумська,Сумський,50.9119775,34.8027723,2024-10,guided_air,0,1
Суми,Сумська,Сумський,50.9119775,34.8027723,2024-10,shahed,0,2
Умань,Черкаська,Уманський,48.7497621,30.2203052,2024-10,shahed,0,1
Харків,Харківська,Харківський,49.9923181,36.2310146,2024-10,drone,0,2
Харків,Харківська,Харківський,49.9923181,36.2310146,2024-10,shahed,0,1
Харківщина,Сумська,Сумський,50.881664,34.71088,2024-10,drone,0,1
Хотин,Рівненська,Рівненський,51.0035653,26.7524487,2024-10,drone,0,1
Черкас,Київська,Білоцерківський,49.694134,30.082663,2024-10,drone,0,1
Черкаси,Черкаська,Черкаський,49.4302723,32.0447228243568,2024-10,drone,0,1
Чернеччина,Сумська,Охтирський,50.308109,34.80949,2024-10,drone,0,1
Черняхівка,Київська,Бориспільський,50.2758913,31.7634861,2024-10,drone,0,1
Чернівці,Вінницька,Могилів-Подільський,48.5406973,28.1221153,2024-10,drone,0,1
Чернігів,Чернігівська,Чернігівський,51.494099,31.294332,2024-10,drone,0,2
Чорноморськ,Одеська,Одеський,46.3020943,30.653466,2024-10,drone,0,2
Южноукраїнськ,Миколаївська,Вознесенський,47.824269,31.1786814,2024-10,drone,0,2
Балта,Одеська,Подільський,47.9363162,29.6225979,2024-11,,0,1
Батурин,Чернігівська,Ніжинський,51.3413087,32.8778317,2024-11,,0,1
Бориспіль,Київська,Бориспільський,50.3512101,30.95077,2024-11,drone,0,1
Бориспіль,Київська,Бориспільський,50.3512101,30.95077,2024-11,guided_air,0,1
Борисівка,Вінницька,Вінницький,49.1136358,29.2024356,2024-11,drone,0,1
Бровари,Київська,Броварський,50.5111168,30.7900482,2024-11,drone,0,6
Білгород-Дністровський,Одеська,Білгород-Дністровський,46.1909823,30.345784,2024-11,drone,0,1
Біле,Луганська,Алчевський,48.4806933,38.792133294414555,2024-11,drone,0,2
Білозірка,Вінницька,Вінницький,49.3232593,28.0837586,2024-11,drone,0,1
Білопілля,Вінницька,Хмільницький,49.77356,28.72891,2024-11,,0,1
Волиця,Волинська,Володимир-Волинський,50.6282366,24.4638426,2024-11,,0,3
Вінниця,Вінницька,Вінницький,49.2320162,28.467975,2024-11,,0,3
Вінниця,Вінницька,Вінницький,49.2320162,28.467975,2024-11,drone,0,2
Вінниця,Вінницька,Вінницький,49.2320162,28.467975,2024-11,shahed,0,1
Глухова,Житомирська,Коростенський,51.07853,28.3976,2024-11,drone,0,1
Глухів,Сумська,Шосткинський,51.67831,33.9093,2024-11,drone,0,1
Дніпро,Дніпропетровська,Дніпровський,48.4680221,35.0417711,2024-11,,0,2
Дніпро,Дніпропетровська,Дніпровський,48.4680221,35.0417711,2024-11,drone,0,2
Дніпро,Дніпропетровська,Дніпровський,48.4680221,35.0417711,2024-11,guided_air,0,1
Дніпро,Дніпропетровська,Дніпровський,48.4680221,35.0417711,2024-11,shahed,0,1
Житомир,Житомирська,Житомирський,50.2598298,28.6692345,2024-11,,0,1
Житомир,Житомирська,Житомирський,50.2598298,28.6692345,2024-11,drone,0,1
Запоріжжя,Дніпропетровська,Кам’янський,48.4124318,33.7016613,2024-11,drone,0,3
Запоріжжя,Дніпропетровська,Кам’янський,48.4124318,33.7016613,2024-11,shahed,0,1
Запоріжжя,Запорізька,Запорізький,47.8507859,35.1182867,2024-11,drone,0,2
Запоріжжя,Запорізька,Запорізький,47.8507859,35.1182867,2024-11,guided_air,0,1
Запоріжжя,Запорізька,Запорізький,47.8507859,35.1182867,2024-11,kab,0,4
Зеленодольськ,Дніпропетровська,Криворізький,47.5668051,33.6474574,2024-11,cruise,0,1
Знам'янка,Миколаївська,Миколаївський,46.862518,32.191662,2024-11,,0,1
Кам'янське,Дніпропетровська,Нікопольський,47.62161,34.52453,2024-11,drone,0,1
Кам'янське,Дніпропетровська,Кам’янський,48.5167748,34.6068797,2024-11,shahed,0,1
Канів,Черкаська,Черкаський,49.7551031,31.4610802,2024-11,,0,1
Каховка,Херсонська,Каховський,46.8054626,33.4817825,2024-11,cruise,0,1
Київ,м. Київ,,50.4501,30.5234,2024-11,,0,3
Київ,м. Київ,,50.4501,30.5234,2024-11,drone,0,26
Козятин,Вінницька,Хмільницький,49.7195867,28.8354279,2024-11,drone,0,1
Красилів,Хмельницька,Хмельницький,49.6544431,26.9709084,2024-11,,0,1
Кременчук,Полтавська,Кременчуцький,49.0629553,33.403516,2024-11,cruise,0,1
Кременівка,Дніпропетровська,Новомосковський,49.118382,34.773186,2024-11,drone,0,1
Криворіжжя,Донецька,Покровський,48.4441378,36.9162268,2024-11,guided_air,0,1
Кривошиї,Вінницька,Хмільницький,49.556175,27.9491205,2024-11,drone,0,1
Кропивницький,Кіровоградська,Кропивницький,48.5105805,32.2656283,2024-11,,0,1
Лубни,Полтавська,Лубенський,50.0118206,33.0030821,2024-11,,0,1
Лубни,Полтавська,Лубенський,50.0118206,33.0030821,2024-11,drone,0,1
Луцьк,Волинська,Луцький,50.7450733,25.320078,2024-11,,0,1
Миколаїв,Миколаївська,Миколаївський,46.9758615,31.9939666,2024-11,,0,2
Миколаїв,Чернігівська,Ніжинський,50.7415033,31.3860852,2024-11,drone,0,1
Миргород,Полтавська,Миргородський,49.9658333,33.6113889,2024-11,drone,0,2
Новоград-Волинський,Житомирська,Новоград-Волинський,50.5917622,27.6066973,2024-11,drone,0,1
Ніжин,Чернігівська,Ніжинський,51.0464747,31.8806289,2024-11,,0,1
Ніжин,Чернігівська,Ніжинський,51.0464747,31.8806289,2024-11,cruise,0,1
Обухівка,Житомирська,Бердичівський,49.826771,28.377001,2024-11,drone,0,1
Одеса,Одеська,Одеський,46.4843023,30.7322878,2024-11,,0,1
Одеса,Одеська,Одеський,46.4843023,30.7322878,2024-11,drone,0,5
Олександрія,Дніпропетровська,Новомосковський,49.01825,35.35915,2024-11,drone,0,1
Павлоград,Дніпропетровська,Павлоградський,48.5316759,35.8703695,2024-11,drone,0,1
Пирятин,Полтавська,Лубенський,50.2361111,32.5011111,2024-11,,0,1
Полтава,Полтавська,Полтавський,49.5897423,34.5507948,2024-11,drone,0,1
Полтавське,Дніпропетровська,Синельниківський,48.399643,36.709404,2024-11,drone,0,1
Прилуки,Чернігівська,Прилуцький,50.5950864,32.3866658,2024-11,,0,2
Південне,Одеська,Білгород-Дністровський,46.337597,29.986652,2024-11,drone,0,1
Романів,Житомирська,Житомирський,50.146945,27.9214928,2024-11,,0,1
Ромни,Сумська,Роменський,50.74207,33.4877,2024-11,drone,0,1
Рівне,Кіровоградська,Новоукраїнський,48.7969701,31.6523837,2024-11,,0,2
Старокостянтинів,Хмельницька,Хмельницький,49.756163,27.2087889,2024-11,drone,0,2
Старочуднівська Гута,Житомирська,Житомирський,50.146945,27.9214928,2024-11,shahed,0,1
Стримба,Івано-Франківська,Надвірнянський,48.6335887,24.5684038,2024-11,,0,2
Суми,Сумська,Сумський,50.9119775,34.8027723,2024-11,,0,1
Суми,Сумська,Сумський,50.9119775,34.8027723,2024-11,drone,0,4
Тернопіль,Тернопільська,Тернопільський,49.5557716,25.591886,2024-11,drone,0,1
Умань,Черкаська,Уманський,48.7497621,30.2203052,2024-11,,0,1
Умань,Черкаська,Уманський,48.7497621,30.2203052,2024-11,drone,0,1
Харків,Харківська,Харківський,49.9923181,36.2310146,2024-11,,0,1
Харків,Харківська,Харківський,49.9923181,36.2310146,2024-11,drone,0,4
Харківці,Київська,Бориспільський,50.0643984,31.4447327,2024-11,drone,0,1
Хмельницький,Хмельницька,Хмельницький,49.4196404,26.9793793,2024-11,,0,1
Черкас,Київська,Білоцерківський,49.694134,30.082663,2024-11,drone,0,3
Черкаси,Черкаська,Черкаський,49.4302723,32.0447228243568,2024-11,drone,0,2
Чернецьке,Сумська,Сумський,50.5814148,34.4761301,2024-11,drone,0,1
Чернеча Слобода,Сумська,Конотопський,51.132481,33.37846,2024-11,,0,1
Черняхів,Житомирська,Житомирський,50.45299,28.66573,2024-11,drone,0,1
Чернігів,Чернігівська,Чернігівський,51.494099,31.294332,2024-11,,0,1
Чернігів,Чернігівська,Чернігівський,51.494099,31.294332,2024-11,drone,0,3
Черніївка,Хмельницька,Шепетівський,50.1194505,27.5085733,2024-11,,0,1
Чорноморськ,Одеська,Одеський,46.3020943,30.653466,2024-11,drone,0,1
Чорнорудка,Житомирська,Бердичівський,49.868717,29.14735,2024-11,drone,0,1
Шаргород,Вінницька,Жмеринський,48.7498267,28.08317,2024-11,drone,0,1
Шостка,Сумська,Шосткинський,51.8643223,33.4728213,2024-11,drone,0,1
Шпола,Черкаська,Звенигородський,49.0132605,31.393139,2024-11,,0,1
Бориспіль,Київська,Бориспільський,50.3512101,30.95077,2024-12,drone,0,1
Бориспіль,Київська,Бориспільський,50.3512101,30.95077,2024-12,shahed,0,1
Бровари,Київська,Броварський,50.5111168,30.7900482,2024-12,drone,0,3
Бровари,Київська,Броварський,50.5111168,30.7900482,2024-12,shahed,0,1
Білгород-Дністровський,Одеська,Білгород-Дністровський,46.1909823,30.345784,2024-12,ballistic,0,1
Білгород-Дністровський,Одеська,Білгород-Дністровський,46.1909823,30.345784,2024-12,drone,0,3
Біле,Луганська,Алчевський,48.4806933,38.792133294414555,2024-12,drone,0,2
Білопілля,Сумська,Сумський,51.1460449,34.3121992,2024-12,,0,1
Білошиці,Житомирська,Коростенський,50.862558199999995,28.589190512469205,2024-12,drone,0,1
Васильків,Черкаська,Звенигородський,49.0132605,31.393139,2024-12,,0,1
Вилкове,Одеська,Ізмаїльський,45.40306,29.58309,2024-12,drone,0,1
Вишгород,Київська,Вишгородський,50.5824332,30.485121,2024-12,shahed,0,1
Глухів,Сумська,Шосткинський,51.67831,33.9093,2024-12,drone,0,1
Дніпро,Дніпропетровська,Дніпровський,48.4680221,35.0417711,2024-12,drone,0,2
Дніпро,Дніпропетровська,Дніпровський,48.4680221,35.0417711,2024-12,shahed,0,2
Дністровець,Одеська,Подільський,47.5399,29.45881,2024-12,drone,0,1
Дунаївці,Хмельницька,Кам’янець-Подільський,48.886649,26.8476798,2024-12,,0,1
Житомир,Житомирська,Житомирський,50.2598298,28.6692345,2024-12,drone,0,3
Запоріжжя,Дніпропетровська,Кам’янський,48.4124318,33.7016613,2024-12,drone,0,2
Запоріжжя,Запорізька,Запорізький,47.8507859,35.1182867,2024-12,,0,1
Запоріжжя,Запорізька,Запорізький,47.8507859,35.1182867,2024-12,drone,0,2
Запоріжжя,Запорізька,Запорізький,47.8507859,35.1182867,2024-12,kab,0,2
Затока,Одеська,Білгород-Дністровський,46.1458339,30.5255473,2024-12,shahed,0,1
Золотоноша,Черкаська,Золотоніський,49.6689719,32.0427439,2024-12,drone,0,1
Кам'янське,Дніпропетровська,Кам’янський,48.5167748,34.6068797,2024-12,drone,0,1
Київ,м. Київ,,50.4501,30.5234,2024-12,drone,0,5
Конотоп,Сумська,Конотопський,51.2397495,33.206675,2024-12,drone,0,1
Коробчине,Дніпропетровська,Кам’янський,48.3747353,34.4569858,2024-12,drone,0,1
Костянтинівка,Донецька,Покровський,47.9401242,37.5022312,2024-12,guided_air,0,1
Котельва,Полтавська,Полтавський,50.0621097,34.7496951,2024-12,shahed,0,1
Кременище,Київська,Обухівський,50.272751,30.522079,2024-12,drone,0,1
Кременчук,Полтавська,Кременчуцький,49.0629553,33.403516,2024-12,ballistic,0,1
Кременівка,Дніпропетровська,Новомосковський,49.118382,34.773186,2024-12,,0,1
Кременівка,Дніпропетровська,Новомосковський,49.118382,34.773186,2024-12,drone,0,1
Кривенкове,Сумська,Шосткинський,51.7311446,33.8753315,2024-12,drone,0,1
Кривий,Закарпатська,Хустський,48.1764917,23.291166,2024-12,drone,0,1
Кривий Ріг,Дніпропетровська,Криворізький,47.9102734,33.3917703,2024-12,,0,1
Лубенщина,Полтавська,Кременчуцький,49.392047,33.2507308,2024-12,drone,0,1
Миргород,Полтавська,Миргородський,49.9658333,33.6113889,2024-12,drone,0,4
Миргород,Полтавська,Миргородський,49.9658333,33.6113889,2024-12,guided_air,0,1
Миргород,Полтавська,Миргородський,49.9658333,33.6113889,2024-12,shahed,0,1
Новомосковськ,Дніпропетровська,Новомосковський,48.6358512,35.2595541,2024-12,shahed,0,1
Ніжиловичі,Київська,Бучанський,50.4639897,29.8068986,2024-12,drone,0,1
Ніжиловичі,Київська,Бучанський,50.4639897,29.8068986,2024-12,shahed,0,3
Ніжинське,Сумська,Конотопський,51.5548654,33.3875984,2024-12,drone,0,1
Одеса,Одеська,Одеський,46.4843023,30.7322878,2024-12,drone,0,1
Одеса,Одеська,Одеський,46.4843023,30.7322878,2024-12,shahed,0,1
Павлоград,Дніпропетровська,Павлоградський,48.5316759,35.8703695,2024-12,drone,0,2
Полтава,Полтавська,Полтавський,49.5897423,34.5507948,2024-12,drone,0,1
Полтава,Харківська,Куп’янський,49.6949729,37.1753112,2024-12,ballistic,0,1
Полтавка,Дніпропетровська,Криворізький,47.66556,33.1152,2024-12,drone,0,1
Полтавка,Сумська,Конотопський,51.132481,33.37846,2024-12,drone,0,1
Славутич,Київська,Вишгородський,51.5201397,30.7562301,2024-12,shahed,0,1
Слов'янськ,Донецька,Краматорський,48.8522691,37.6058241,2024-12,drone,0,1
Старовичі,Київська,Вишгородський,50.93301,29.9042867,2024-12,drone,0,1
Тернова,Хмельницька,Кам’янець-Подільський,49.02305,26.84338,2024-12,,0,1
Українка,Київська,Обухівський,50.1537167,30.7420742,2024-12,ballistic,0,1
Фастів,Київська,Фастівський,50.0799307,29.9162821,2024-12,drone,0,1
Харків,Харківська,Харківський,49.9923181,36.2310146,2024-12,drone,0,3
Харків,Харківська,Харківський,49.9923181,36.2310146,2024-12,shahed,0,1
Харківці,Полтавська,Миргородський,50.3595181,33.2741725,2024-12,drone,0,1
Херсон,Херсонська,Херсонський,46.6412644,32.625794,2024-12,guided_air,0,1
Черняхівка,Київська,Бориспільський,50.2758913,31.7634861,2024-12,drone,0,1
Черняхівка,Київська,Бориспільський,50.2758913,31.7634861,2024-12,shahed,0,1
Чернігів,Чернігівська,Чернігівський,51.494099,31.294332,2024-12,,0,1
Чернігів,Чернігівська,Чернігівський,51.494099,31.294332,2024-12,drone,0,2
Чернігівка,Дніпропетровська,Дніпровський,48.18399,34.565262,2024-12,drone,0,1
Чорноморка,Миколаївська,Миколаївський,46.649658,31.506041,2024-12,drone,0,1
Чорноморське,Одеська,Одеський,46.5849122,30.9334115,2024-12,drone,0,1
Ізмаїл,Одеська,Ізмаїльський,45.3511307,28.8361514,2025-01,drone,0,1
Бар,Вінницька,Жмеринський,49.077621,27.6813781,2025-01,drone,0,1
Березань,Київська,Броварський,50.3132713,31.4689158,2025-01,drone,0,1
Болган,Вінницька,Тульчинський,48.1457286,28.8527159,2025-01,drone,0,1
Бориспіль,Київська,Бориспільський,50.3512101,30.95077,2025-01,drone,0,1
Борисівка,Вінницька,Вінницький,49.1136358,29.2024356,2025-01,drone,0,1
Бровари,Київська,Броварський,50.5111168,30.7900482,2025-01,drone,0,1
Білгород-Дністровський,Одеська,Білгород-Дністровський,46.1909823,30.345784,2025-01,drone,0,2
Вишгород,Київська,Вишгородський,50.5824332,30.485121,2025-01,drone,0,1
Вінницькі Стави,Київська,Білоцерківський,49.98402,30.007441,2025-01,drone,0,1
Гончарі,Полтавська,Миргородський,49.8764366,34.0069282,2025-01,drone,0,1
Дніпро,Дніпропетровська,Дніпровський,48.4680221,35.0417711,2025-01,drone,0,4
Житомир,Житомирська,Житомирський,50.2598298,28.6692345,2025-01,drone,0,2
Запоріжжя,Дніпропетровська,Кам’янський,48.4124318,33.7016613,2025-01,drone,0,1
Запоріжжя,Запорізька,Запорізький,47.8507859,35.1182867,2025-01,drone,0,1
Запілля,Житомирська,Коростенський,51.07853,28.3976,2025-01,drone,0,1
Затока,Одеська,Білгород-Дністровський,46.1458339,30.5255473,2025-01,drone,0,1
Кам'яний Брід,Житомирська,Новоград-Волинський,50.371498,27.985924,2025-01,drone,0,1
Київ,м. Київ,,50.4501,30.5234,2025-01,drone,0,4
Коростишів,Житомирська,Житомирський,50.3201518,29.0584885,2025-01,drone,0,2
Кременівка,Дніпропетровська,Новомосковський,49.118382,34.773186,2025-01,drone,0,1
Кременівка,Миколаївська,Вознесенський,47.356307,31.2367979,2025-01,drone,0,1
Кривий Ріг,Дніпропетровська,Криворізький,47.9102734,33.3917703,2025-01,drone,0,1
Кілія,Одеська,Ізмаїльський,45.4409767,29.2652788,2025-01,drone,0,1
Мена,Чернігівська,Корюківський,51.52279,32.21638,2025-01,drone,0,1
Миколаївка,Херсонська,Бериславський,47.4933112,33.528245,2025-01,drone,0,1
Миргород,Полтавська,Миргородський,49.9658333,33.6113889,2025-01,,0,1
Миргород,Полтавська,Миргородський,49.9658333,33.6113889,2025-01,drone,0,1
Ніжин,Чернігівська,Ніжинський,51.0464747,31.8806289,2025-01,drone,0,1
Нікополь,Дніпропетровська,Нікопольський,47.5692061,34.3917272,2025-01,drone,0,1
Обухів,Київська,Обухівський,50.1101633,30.6269696,2025-01,drone,0,1
Одеса,Одеська,Одеський,46.4843023,30.7322878,2025-01,,0,1
Оріхів,Запорізька,Пологівський,47.5691902,35.7789871,2025-01,guided_air,0,2
Павлоград,Дніпропетровська,Павлоградський,48.5316759,35.8703695,2025-01,ballistic,0,1
Переліски,Полтавська,Полтавський,50.21026,34.35768,2025-01,drone,0,1
Переяслав,Київська,Бориспільський,50.0643984,31.4447327,2025-01,drone,0,1
Полтава,Полтавська,Полтавський,49.5897423,34.5507948,2025-01,drone,0,1
Полтавка,Кіровоградська,Кропивницький,48.2497235,32.2043672,2025-01,drone,0,1
Полтавка,Сумська,Конотопський,51.132481,33.37846,2025-01,drone,0,1
Полтавське,Харківська,Лозівський,48.8842428,36.3160254,2025-01,drone,0,1
Ржищів,Київська,Обухівський,49.96822,31.04118,2025-01,drone,0,1
Синельникове,Дніпропетровська,Синельниківський,48.3269304,35.5246984,2025-01,drone,0,1
Старокостянтинів,Хмельницька,Хмельницький,49.756163,27.2087889,2025-01,drone,0,2
Суми,Сумська,Сумський,50.9119775,34.8027723,2025-01,drone,0,1
Суми,Сумська,Сумський,50.9119775,34.8027723,2025-01,guided_air,0,1
Фастів,Київська,Фастівський,50.0799307,29.9162821,2025-01,drone,0,1
Харків,Харківська,Харківський,49.9923181,36.2310146,2025-01,,0,1
Харків,Харківська,Харківський,49.9923181,36.2310146,2025-01,drone,0,5
Харківці,Київська,Бориспільський,50.0643984,31.4447327,2025-01,drone,0,1
Хмельницьке,Вінницька,Тульчинський,48.6730485,28.8569476,2025-01,drone,0,1
Хмельницьке,Вінницька,Тульчинський,48.6730485,28.8569476,2025-01,shahed,0,1
Хорол,Полтавська,Лубенський,49.7822104,33.2740646,2025-01,drone,0,1
Черкасівка,Полтавська,Полтавський,49.627499,34.687222,2025-01,drone,0,1
Чернещина,Полтавська,Полтавський,49.8227778,34.5386111,2025-01,drone,0,1
Чернігівка,Дніпропетровська,Дніпровський,48.18399,34.565262,2025-01,drone,0,1
Шишаки,Полтавська,Миргородський,49.8764366,34.0069282,2025-01,drone,0,1
Бершадь,Вінницька,Гайсинський,48.36594,29.51889,2025-02,drone,0,1
Богуслав,Київська,Обухівський,49.54765,30.8733,2025-02,drone,0,1
Бровари,Київська,Броварський,50.5111168,30.7900482,2025-02,drone,0,1
Бровари,Київська,Броварський,50.5111168,30.7900482,2025-02,shahed,0,2
Буки,Черкаська,Уманський,49.091744,30.4026306,2025-02,cruise,0,1
Біле,Луганська,Алчевський,48.4806933,38.792133294414555,2025-02,cruise,0,1
Васильків,Київська,Обухівський,50.17387,30.32158,2025-02,drone,0,1
Вишгород,Київська,Вишгородський,50.5824332,30.485121,2025-02,drone,0,1
Вінницькі Стави,Київська,Білоцерківський,49.98402,30.007441,2025-02,drone,0,1
Глухова,Житомирська,Коростенський,51.07853,28.3976,2025-02,drone,0,1
Горіхівка,Кіровоградська,Кропивницький,47.90897,32.172771,2025-02,drone,0,1
Дніпро,Дніпропетровська,Дніпровський,48.4680221,35.0417711,2025-02,drone,0,3
Житомир,Житомирська,Житомирський,50.2598298,28.6692345,2025-02,drone,0,1
Житомир,Житомирська,Житомирський,50.2598298,28.6692345,2025-02,guided_air,0,1
Житомир,Житомирська,Житомирський,50.2598298,28.6692345,2025-02,shahed,0,1
Запоріжжя,Дніпропетровська,Кам’янський,48.4124318,33.7016613,2025-02,guided_air,0,1
Згурівка,Київська,Броварський,50.4950666,31.7691817,2025-02,shahed,0,1
Кам'яний Брід,Житомирська,Новоград-Волинський,50.371498,27.985924,2025-02,drone,0,1
Капітанівка,Кіровоградська,Новоукраїнський,48.7969701,31.6523837,2025-02,cruise,0,1
Київ,м. Київ,,50.4501,30.5234,2025-02,ballistic,0,1
Київ,м. Київ,,50.4501,30.5234,2025-02,drone,0,4
Київ,м. Київ,,50.4501,30.5234,2025-02,shahed,0,1
Коробчине,Кіровоградська,Новоукраїнський,48.7969701,31.6523837,2025-02,drone,0,1
Короленківка,Полтавська,Полтавський,49.4537175,35.1374845,2025-02,drone,0,1
Кременчук,Полтавська,Кременчуцький,49.0629553,33.403516,2025-02,shahed,0,1
Кривошиїнці,Київська,Білоцерківський,49.7337685,29.6624138,2025-02,shahed,0,1
Миколаївка,Дніпропетровська,Криворізький,47.66556,33.1152,2025-02,drone,0,2
Миколаївка,Дніпропетровська,Дніпровський,48.5495226,34.8545508,2025-02,shahed,0,1
Миколаївка,Полтавська,Миргородський,50.4361716,33.975914,2025-02,drone,0,1
Миколаївка,Херсонська,Бериславський,47.4933112,33.528245,2025-02,drone,0,1
Новгородка,Кіровоградська,Кропивницький,48.3658045,32.6572986,2025-02,drone,0,1
Нікополь,Дніпропетровська,Нікопольський,47.5692061,34.3917272,2025-02,drone,0,1
Одеса,Одеська,Одеський,46.4843023,30.7322878,2025-02,drone,0,3
Одеса,Одеська,Одеський,46.4843023,30.7322878,2025-02,shahed,0,1
Оржиця,Полтавська,Лубенський,49.7875449,32.6997311,2025-02,drone,0,1
Павлоград,Дніпропетровська,Павлоградський,48.5316759,35.8703695,2025-02,kab,0,1
Полтава,Полтавська,Полтавський,49.5897423,34.5507948,2025-02,shahed,0,1
Ставище,Київська,Білоцерківський,49.3897213,30.1921389,2025-02,cruise,0,1
Старовичі,Київська,Вишгородський,50.93301,29.9042867,2025-02,drone,0,1
Суми,Сумська,Сумський,50.9119775,34.8027723,2025-02,drone,0,2
Харківці,Київська,Бориспільський,50.0643984,31.4447327,2025-02,drone,0,1
Харківці,Київська,Бориспільський,50.0643984,31.4447327,2025-02,shahed,0,1
Черкас,Київська,Білоцерківський,49.694134,30.082663,2025-02,drone,0,1
Черкасівка,Київська,Бориспільський,50.2758913,31.7634861,2025-02,drone,0,1
Черняхів,Житомирська,Житомирський,50.45299,28.66573,2025-02,drone,0,1
Черняхівка,Київська,Бориспільський,50.2758913,31.7634861,2025-02,drone,0,1
Черняхівка,Київська,Бориспільський,50.2758913,31.7634861,2025-02,shahed,0,1
Чорнорудка,Житомирська,Бердичівський,49.868717,29.14735,2025-02,drone,0,1
Шаргород,Вінницька,Жмеринський,48.7498267,28.08317,2025-02,drone,0,1
Бориспіль,Київська,Бориспільський,50.3512101,30.95077,2025-03,drone,0,1
Білгород-Дністровський,Одеська,Білгород-Дністровський,46.1909823,30.345784,2025-03,drone,0,1
Білозірка,Вінницька,Вінницький,49.3232593,28.0837586,2025-03,shahed,0,1
Дніпро,Дніпропетровська,Дніпровський,48.4680221,35.0417711,2025-03,drone,0,2
Дніпро,Дніпропетровська,Дніпровський,48.4680221,35.0417711,2025-03,shahed,0,1
Житомир,Житомирська,Житомирський,50.2598298,28.6692345,2025-03,shahed,0,1
Запоріжжя,Дніпропетровська,Синельниківський,48.389278,36.315651,2025-03,shahed,0,1
Запоріжжя,Запорізька,Запорізький,47.8507859,35.1182867,2025-03,drone,0,4
Запоріжжя,Запорізька,Запорізький,47.8507859,35.1182867,2025-03,guided_air,0,1
Запорізьке,Дніпропетровська,Криворізький,47.6617478,33.7180001,2025-03,drone,0,1
Київ,м. Київ,,50.4501,30.5234,2025-03,drone,0,1
Київ,м. Київ,,50.4501,30.5234,2025-03,guided_air,0,1
Київ,м. Київ,,50.4501,30.5234,2025-03,shahed,0,1
Коробчине,Дніпропетровська,Кам’янський,48.3747353,34.4569858,2025-03,drone,0,2
Кременище,Київська,Обухівський,50.272751,30.522079,2025-03,drone,0,1
Кременчук,Полтавська,Кременчуцький,49.0629553,33.403516,2025-03,drone,0,2
Кривий Ріг,Дніпропетровська,Криворізький,47.9102734,33.3917703,2025-03,drone,0,1
Кривий Ріг,Дніпропетровська,Криворізький,47.9102734,33.3917703,2025-03,guided_air,0,1
Кривоносове,Кіровоградська,Кропивницький,47.90897,32.172771,2025-03,shahed,0,1
Лубни,Полтавська,Лубенський,50.0118206,33.0030821,2025-03,ballistic,0,1
Лубни,Полтавська,Лубенський,50.0118206,33.0030821,2025-03,shahed,0,1
Миргород,Полтавська,Миргородський,49.9658333,33.6113889,2025-03,drone,0,1
Ніжин,Чернігівська,Ніжинський,51.0464747,31.8806289,2025-03,shahed,0,1
Одеса,Одеська,Одеський,46.4843023,30.7322878,2025-03,drone,0,1
Павловичі,Житомирська,Коростенський,51.3259771,28.8026718,2025-03,shahed,0,1
Павлоград,Дніпропетровська,Павлоградський,48.5316759,35.8703695,2025-03,ballistic,0,1
Павлоград,Дніпропетровська,Павлоградський,48.5316759,35.8703695,2025-03,drone,0,1
Полтава,Полтавська,Полтавський,49.5897423,34.5507948,2025-03,shahed,0,1
Полтава,Харківська,Куп’янський,49.6949729,37.1753112,2025-03,shahed,0,1
Полтавка,Дніпропетровська,Криворізький,47.66556,33.1152,2025-03,shahed,0,2
Полтавка,Сумська,Конотопський,51.132481,33.37846,2025-03,drone,0,1
Старокостянтинів,Хмельницька,Хмельницький,49.756163,27.2087889,2025-03,drone,0,1
Старокостянтинів,Хмельницька,Хмельницький,49.756163,27.2087889,2025-03,shahed,0,1
Суми,Сумська,Сумський,50.9119775,34.8027723,2025-03,drone,0,2
Суми,Сумська,Сумський,50.9119775,34.8027723,2025-03,shahed,0,1
Умань,Черкаська,Уманський,48.7497621,30.2203052,2025-03,drone,0,1
Харків,Харківська,Харківський,49.9923181,36.2310146,2025-03,drone,0,3
Харків,Харківська,Харківський,49.9923181,36.2310146,2025-03,shahed,0,3
Хмельницьке,Вінницька,Тульчинський,48.6730485,28.8569476,2025-03,shahed,0,1
Чернихівці,Тернопільська,Тернопільський,49.6607393,25.7768485,2025-03,,0,1
Чернігів,Чернігівська,Чернігівський,51.494099,31.294332,2025-03,drone,0,1
Чернігівка,Дніпропетровська,Дніпровський,48.18399,34.565262,2025-03,shahed,0,1
Чорноглазівка,Дніпропетровська,Павлоградський,48.74599,36.01833,2025-03,shahed,0,1
Чорнопарівка,Дніпропетровська,Дніпровський,48.18399,34.565262,2025-03,shahed,0,1
Бердичів,Житомирська,Бердичівський,49.8940442,28.5814912,2025-04,drone,0,1
Бориспіль,Київська,Бориспільський,50.3512101,30.95077,2025-04,shahed,0,1
Боромля,Сумська,Охтирський,50.619511,34.967079,2025-04,drone,0,1
Біла,Вінницька,Вінницький,49.339939,28.7260729,2025-04,drone,0,1
Білозерське,Дніпропетровська,Павлоградський,48.74599,36.01833,2025-04,,0,1
Васильківка,Дніпропетровська,Синельниківський,48.21041,36.03035,2025-04,drone,0,1
Вінниця,Вінницька,Вінницький,49.2320162,28.467975,2025-04,shahed,0,1
Гадяч,Полтавська,Миргородський,50.3701299,33.9950534,2025-04,drone,0,1
Дніпро,Дніпропетровська,Дніпровський,48.4680221,35.0417711,2025-04,drone,0,5
Дніпро,Дніпропетровська,Дніпровський,48.4680221,35.0417711,2025-04,shahed,0,2
Запоріжжя,Дніпропетровська,Кам’янський,48.4124318,33.7016613,2025-04,drone,0,2
Запоріжжя,Запорізька,Запорізький,47.8507859,35.1182867,2025-04,drone,0,5
Запоріжжя,Запорізька,Запорізький,47.8507859,35.1182867,2025-04,guided_air,0,1
Запоріжжя,Чернігівська,Ніжинський,51.236801,32.149078,2025-04,shahed,0,1
Золотоноша,Черкаська,Золотоніський,49.6689719,32.0427439,2025-04,drone,0,1
Канів,Черкаська,Черкаський,49.7551031,31.4610802,2025-04,shahed,0,1
Київ,м. Київ,,50.4501,30.5234,2025-04,,0,1
Київ,м. Київ,,50.4501,30.5234,2025-04,drone,0,2
Київ,м. Київ,,50.4501,30.5234,2025-04,shahed,0,1
Конотоп,Сумська,Конотопський,51.2397495,33.206675,2025-04,shahed,0,2
Корсунь-Шевченківський,Черкаська,Черкаський,49.418037,31.2556741,2025-04,shahed,0,1
Краматорськ,Донецька,Краматорський,48.7389415,37.5843812,2025-04,drone,0,1
Кременівка,Дніпропетровська,Новомосковський,49.118382,34.773186,2025-04,drone,0,1
Кривець,Черкаська,Уманський,48.963662,30.3339811,2025-04,shahed,0,1
Кривий,Закарпатська,Хустський,48.1764917,23.291166,2025-04,drone,0,1
Кривий Ріг,Дніпропетровська,Криворізький,47.9102734,33.3917703,2025-04,drone,0,1
Кривий Ріг,Дніпропетровська,Криворізький,47.9102734,33.3917703,2025-04,shahed,0,1
Кривий Ріг,Херсонська,Генічеський,46.3558121,34.3363579,2025-04,drone,0,1
Кропивницький,Кіровоградська,Кропивницький,48.5105805,32.2656283,2025-04,drone,0,2
Лебединське,Дніпропетровська,Нікопольський,47.748482,34.380531,2025-04,shahed,0,1
Лубни,Полтавська,Лубенський,50.0118206,33.0030821,2025-04,drone,0,1
Лубни,Полтавська,Лубенський,50.0118206,33.0030821,2025-04,shahed,0,1
Мена,Чернігівська,Корюківський,51.52279,32.21638,2025-04,shahed,0,1
Миколаїв,Миколаївська,Миколаївський,46.9758615,31.9939666,2025-04,drone,0,1
Миргород,Полтавська,Миргородський,49.9658333,33.6113889,2025-04,drone,0,1
Миргород,Полтавська,Миргородський,49.9658333,33.6113889,2025-04,shahed,0,1
Новоград-Волинський,Житомирська,Новоград-Волинський,50.5917622,27.6066973,2025-04,drone,0,1
Одеса,Одеська,Одеський,46.4843023,30.7322878,2025-04,drone,0,2
Охтирка,Сумська,Охтирський,50.3115386,34.8868923,2025-04,drone,0,2
Очаків,Миколаївська,Миколаївський,46.6145957,31.5452994,2025-04,,0,1
Павлоград,Дніпропетровська,Павлоградський,48.5316759,35.8703695,2025-04,drone,0,3
Павлоград,Дніпропетровська,Павлоградський,48.5316759,35.8703695,2025-04,shahed,0,2
Первомайськ,Миколаївська,Первомайський,48.045745,30.8475997,2025-04,drone,0,1
Первомайське,Дніпропетровська,Синельниківський,48.4043673,35.275539,2025-04,drone,0,1
Погребище,Вінницька,Вінницький,49.4848166,29.2579157,2025-04,drone,0,2
Полтава,Полтавська,Полтавський,49.5897423,34.5507948,2025-04,shahed,0,1
Полтава,Харківська,Куп’янський,49.6949729,37.1753112,2025-04,,0,1
Полтава,Харківська,Куп’янський,49.6949729,37.1753112,2025-04,shahed,0,1
Полтавка,Дніпропетровська,Криворізький,47.66556,33.1152,2025-04,shahed,0,1
Путилівка,Дніпропетровська,Нікопольський,47.546421,34.15443,2025-04,drone,0,1
Ромни,Сумська,Роменський,50.74207,33.4877,2025-04,shahed,0,1
Слов'янка,Дніпропетровська,Синельниківський,48.399643,36.709404,2025-04,drone,0,1
Сміла,Черкаська,Черкаський,49.2336897,31.8829216,2025-04,drone,0,1
Староаврамівка,Полтавська,Лубенський,49.7822104,33.2740646,2025-04,shahed,0,1
Старокостянтинів,Хмельницька,Хмельницький,49.756163,27.2087889,2025-04,drone,0,1
Суми,Сумська,Сумський,50.9119775,34.8027723,2025-04,drone,0,7
Суми,Сумська,Сумський,50.9119775,34.8027723,2025-04,shahed,0,1
Умань,Черкаська,Уманський,48.7497621,30.2203052,2025-04,,0,2
Харків,Харківська,Харківський,49.9923181,36.2310146,2025-04,drone,0,4
Харків,Харківська,Харківський,49.9923181,36.2310146,2025-04,shahed,0,2
Херсон,Херсонська,Херсонський,46.6412644,32.625794,2025-04,,0,1
Черкаси,Черкаська,Черкаський,49.4302723,32.0447228243568,2025-04,drone,0,1
Черняхівка,Київська,Бориспільський,50.2758913,31.7634861,2025-04,shahed,0,1
Чернівці,Вінницька,Могилів-Подільський,48.5406973,28.1221153,2025-04,shahed,0,2
Чигирин,Черкаська,Черкаський,49.0775098,32.6664089,2025-04,shahed,0,1
Чорногородка,Київська,Фастівський,50.266571,29.88693,2025-04,shahed,0,1
Яготин,Київська,Бориспільський,50.2758913,31.7634861,2025-04,shahed,0,1
Івано-Михайлівка,Дніпропетровська,Новомосковський,48.8082927,35.2563381,2025-05,shahed,0,1
Ізюм,Харківська,Ізюмський,49.1913721,37.2784125,2025-05,drone,0,1
Балаклія,Харківська,Ізюмський,49.4521336,36.8397826,2025-05,drone,0,2
Бердичів,Житомирська,Бердичівський,49.8940442,28.5814912,2025-05,shahed,0,1
Бишів,Київська,Фастівський,50.266571,29.88693,2025-05,drone,0,1
Бобриця,Київська,Фастівський,50.2257254,30.2261781,2025-05,drone,0,1
Болган,Вінницька,Тульчинський,48.1457286,28.8527159,2025-05,drone,0,2
Бровари,Київська,Броварський,50.5111168,30.7900482,2025-05,drone,0,1
Бігунь,Житомирська,Коростенський,51.377941,28.358181,2025-05,drone,0,1
Білгород-Дністровський,Одеська,Білгород-Дністровський,46.1909823,30.345784,2025-05,drone,0,1
Біле,Рівненська,Сарненський,51.674639,26.7442186,2025-05,drone,0,2
Біле,Харківська,Куп’янський,49.6604248,37.6984775,2025-05,shahed,0,1
Білогородка,Київська,Бучанський,50.390171,30.22785,2025-05,shahed,0,1
Білопілля,Сумська,Сумський,51.1460449,34.3121992,2025-05,,0,1
Васильків,Київська,Обухівський,50.17387,30.32158,2025-05,drone,0,3
Васильків,Київська,Обухівський,50.17387,30.32158,2025-05,shahed,0,1
Великокозирщина,Дніпропетровська,Новомосковський,49.0814029,35.218048,2025-05,shahed,0,1
Вільнянськ,Запорізька,Запорізький,47.9433,35.43159,2025-05,drone,0,1
Вінницькі Стави,Київська,Білоцерківський,49.98402,30.007441,2025-05,drone,0,1
Вінниця,Вінницька,Вінницький,49.2320162,28.467975,2025-05,drone,0,2
Гадяч,Харківська,Красноградський,49.346809,35.47588,2025-05,drone,0,1
Глеваха,Київська,Фастівський,50.259673,30.3059171,2025-05,drone,0,1
Глобине,Полтавська,Кременчуцький,49.392047,33.2507308,2025-05,drone,0,1
Глібівка,Київська,Вишгородський,50.7835487,30.3078042,2025-05,drone,0,1
Димер,Київська,Вишгородський,50.7835487,30.3078042,2025-05,drone,0,1
Дніпро,Дніпропетровська,Дніпровський,48.4680221,35.0417711,2025-05,drone,0,5
Дніпро,Дніпропетровська,Дніпровський,48.4680221,35.0417711,2025-05,shahed,0,3
Дніпровське,Миколаївська,Миколаївський,46.6529086,31.6211184,2025-05,shahed,0,1
Дніпроенергія,Донецька,Волноваський,47.97781,36.74678,2025-05,drone,0,1
Добропілля,Донецька,Покровський,48.4441378,36.9162268,2025-05,drone,0,1
Драбів,Черкаська,Золотоніський,49.9615236,32.1520869,2025-05,drone,0,1
Житомир,Житомирська,Житомирський,50.2598298,28.6692345,2025-05,drone,0,4
Житомир,Житомирська,Житомирський,50.2598298,28.6692345,2025-05,shahed,0,3
Запоріжжя,Дніпропетровська,Кам’янський,48.4124318,33.7016613,2025-05,shahed,0,1
Запоріжжя,Запорізька,Запорізький,47.8507859,35.1182867,2025-05,drone,0,3
Запорізьке,Дніпропетровська,Криворізький,48.0482032,33.8668627,2025-05,drone,0,2
Звенигородка,Черкаська,Звенигородський,49.0767158,30.96138,2025-05,drone,0,2
Златопіль,Дніпропетровська,Криворізький,47.9559565,33.525732,2025-05,drone,0,1
Золотуха,Київська,Білоцерківський,49.7337685,29.6624138,2025-05,drone,0,1
Канів,Черкаська,Черкаський,49.7551031,31.4610802,2025-05,drone,0,6
Канів,Черкаська,Черкаський,49.7551031,31.4610802,2025-05,shahed,0,1
Київ,м. Київ,,50.4501,30.5234,2025-05,drone,0,7
Київ,м. Київ,,50.4501,30.5234,2025-05,shahed,0,5
Козелець,Чернігівська,Чернігівський,50.9160647,31.1167509,2025-05,drone,0,1
Козятин,Вінницька,Хмільницький,49.7195867,28.8354279,2025-05,drone,0,1
Конотоп,Сумська,Конотопський,51.2397495,33.206675,2025-05,drone,0,1
Королівка,Київська,Фастівський,49.9711841,29.753739223479965,2025-05,drone,0,1
Коростишів,Житомирська,Житомирський,50.3201518,29.0584885,2025-05,shahed,0,1
Корсунь-Шевченківський,Черкаська,Черкаський,49.418037,31.2556741,2025-05,drone,0,2
Костянтинівка,Донецька,Покровський,47.9401242,37.5022312,2025-05,drone,0,1
Крамарка,Дніпропетровська,Новомосковський,48.9145571,34.9291661,2025-05,shahed,0,1
Краматорськ,Донецька,Краматорський,48.7389415,37.5843812,2025-05,drone,0,1
Крем'янка,Житомирська,Новоград-Волинський,50.712551,28.029209,2025-05,shahed,0,1
Кременище,Київська,Обухівський,50.272751,30.522079,2025-05,drone,0,2
Кременчук,Полтавська,Кременчуцький,49.0629553,33.403516,2025-05,,0,1
Кременчук,Полтавська,Кременчуцький,49.0629553,33.403516,2025-05,drone,0,3
Кременівка,Дніпропетровська,Новомосковський,49.118382,34.773186,2025-05,drone,0,2
Кременівка,Дніпропетровська,Новомосковський,49.118382,34.773186,2025-05,shahed,0,3
Кривий Ріг,Дніпропетровська,Криворізький,47.9102734,33.3917703,2025-05,drone,0,1
Кривий Ріг,Дніпропетровська,Криворізький,47.9102734,33.3917703,2025-05,shahed,0,1
Кропивницький,Кіровоградська,Кропивницький,48.5105805,32.2656283,2025-05,drone,0,1
Лебедин,Київська,Бориспільський,50.3512101,30.95077,2025-05,drone,0,1
Лебедин,Сумська,Сумський,50.5814148,34.4761301,2025-05,,0,2
Лебедине,Полтавська,Полтавський,49.1433333,34.2002778,2025-05,drone,0,1
Лебедівка,Одеська,Білгород-Дністровський,45.871349,30.08778,2025-05,drone,0,1
Мена,Чернігівська,Корюківський,51.52279,32.21638,2025-05,drone,0,1
Миколаїв,Миколаївська,Миколаївський,46.9758615,31.9939666,2025-05,shahed,0,1
Миколаїв,Чернігівська,Ніжинський,50.7415033,31.3860852,2025-05,drone,0,2
Миколаївка,Житомирська,Коростенський,51.07853,28.3976,2025-05,shahed,0,1
Миргород,Полтавська,Миргородський,49.9658333,33.6113889,2025-05,drone,0,4
Миргород,Полтавська,Миргородський,49.9658333,33.6113889,2025-05,shahed,0,3
Миролюбів,Житомирська,Коростенський,51.07853,28.3976,2025-05,drone,0,1
Миронівка,Київська,Обухівський,49.6583412,30.9824887,2025-05,drone,0,1
Новоград-Волинський,Житомирська,Новоград-Волинський,50.5917622,27.6066973,2025-05,shahed,0,1
Ніжин,Чернігівська,Ніжинський,51.0464747,31.8806289,2025-05,shahed,0,1
Нікополь,Дніпропетровська,Нікопольський,47.5692061,34.3917272,2025-05,shahed,0,1
Обухів,Київська,Обухівський,50.1101633,30.6269696,2025-05,drone,0,1
Одеса,Одеська,Одеський,46.4843023,30.7322878,2025-05,drone,0,2
Одеса,Одеська,Одеський,46.4843023,30.7322878,2025-05,shahed,0,3
Павлоград,Дніпропетровська,Павлоградський,48.5316759,35.8703695,2025-05,,0,1
Павлоград,Дніпропетровська,Павлоградський,48.5316759,35.8703695,2025-05,drone,0,1
Павлоград,Дніпропетровська,Павлоградський,48.5316759,35.8703695,2025-05,shahed,0,3
Павлоградське,Донецька,Донецький,48.0158753,37.8013407,2025-05,drone,0,1
Павлоградське,Донецька,Донецький,48.0158753,37.8013407,2025-05,shahed,0,1
Переяслав,Київська,Бориспільський,50.0643984,31.4447327,2025-05,drone,0,1
Пирятин,Полтавська,Лубенський,50.2361111,32.5011111,2025-05,drone,0,2
Погребище,Вінницька,Вінницький,49.4848166,29.2579157,2025-05,drone,0,1
Покровськ,Донецька,Покровський,48.2771086,37.1772482,2025-05,drone,0,1
Полтава,Полтавська,Полтавський,49.5897423,34.5507948,2025-05,drone,0,5
Полтавка,Дніпропетровська,Криворізький,47.66556,33.1152,2025-05,shahed,0,1
Полтавка,Миколаївська,Баштанський,47.5752739,32.6213011,2025-05,shahed,0,1
Ромни,Сумська,Роменський,50.74207,33.4877,2025-05,drone,0,2
Сквира,Київська,Білоцерківський,49.7337685,29.6624138,2025-05,drone,0,1
Ставище,Київська,Білоцерківський,49.3897213,30.1921389,2025-05,drone,0,1
Старостинці,Вінницька,Вінницький,49.4848166,29.2579157,2025-05,drone,0,1
Старостинці,Вінницька,Вінницький,49.4848166,29.2579157,2025-05,shahed,0,1
Суми,Сумська,Сумський,50.9119775,34.8027723,2025-05,drone,0,5
Сумське,Харківська,Куп’янський,49.6949729,37.1753112,2025-05,shahed,0,1
Тальне,Черкаська,Звенигородський,48.8889723,30.6980137,2025-05,drone,0,1
Умань,Черкаська,Уманський,48.7497621,30.2203052,2025-05,drone,0,2
Фастів,Київська,Фастівський,50.0799307,29.9162821,2025-05,drone,0,2
Харків,Харківська,Харківський,49.9923181,36.2310146,2025-05,drone,0,3
Харків,Харківська,Харківський,49.9923181,36.2310146,2025-05,shahed,0,5
Харківці,Київська,Бориспільський,50.0643984,31.4447327,2025-05,shahed,0,1
Харківці,Полтавська,Миргородський,50.3595181,33.2741725,2025-05,drone,0,1
Харківці,Полтавська,Лубенський,50.2361111,32.5011111,2025-05,shahed,0,1
Херсон,Херсонська,Херсонський,46.6412644,32.625794,2025-05,drone,0,2
Херсон,Херсонська,Херсонський,46.6412644,32.625794,2025-05,shahed,0,2
Черкаси,Черкаська,Черкаський,49.4302723,32.0447228243568,2025-05,drone,0,1
Черкаси,Черкаська,Черкаський,49.4302723,32.0447228243568,2025-05,shahed,0,2
Черкаське,Дніпропетровська,Новомосковський,48.7061619,35.379844,2025-05,shahed,0,1
Черкасівка,Полтавська,Полтавський,49.627499,34.687222,2025-05,shahed,0,1
Чернігівка,Дніпропетровська,Дніпровський,48.18399,34.565262,2025-05,shahed,0,1
Чернігівка,Миколаївська,Баштанський,47.5752739,32.6213011,2025-05,shahed,0,1
Чигирин,Черкаська,Черкаський,49.0775098,32.6664089,2025-05,drone,0,1
Чорноморськ,Одеська,Одеський,46.3020943,30.653466,2025-05,drone,0,3
Чугуїв,Харківська,Чугуївський,49.8363648,36.6898157,2025-05,drone,0,1
Шпола,Черкаська,Звенигородський,49.0132605,31.393139,2025-05,drone,0,1
Шпола,Черкаська,Звенигородський,49.0132605,31.393139,2025-05,shahed,0,1
Балабине,Запорізька,Запорізький,47.71671,35.20981,2025-06,drone,0,1
Балаган,Донецька,Покровський,48.26294,37.37892,2025-06,shahed,0,1
Балаклія,Полтавська,Миргородський,49.6792533,33.7820696,2025-06,drone,0,1
Балаклія,Харківська,Ізюмський,49.4521336,36.8397826,2025-06,drone,0,1
Баришівка,Київська,Броварський,50.3645295,31.3256722,2025-06,drone,0,1
Бровари,Київська,Броварський,50.5111168,30.7900482,2025-06,drone,0,2
Бровки,Дніпропетровська,Синельниківський,48.238911,36.217121,2025-06,drone,0,1
Броди,Львівська,Золочівський,50.0833041,25.1437921,2025-06,cruise,0,1
Білгород-Дністровський,Одеська,Білгород-Дністровський,46.1909823,30.345784,2025-06,drone,0,3
Васильків,Київська,Обухівський,50.17387,30.32158,2025-06,drone,0,1
Вишгород,Київська,Вишгородський,50.5824332,30.485121,2025-06,drone,0,1
Вознесенськ,Миколаївська,Вознесенський,47.5679582,31.3338636,2025-06,,0,1
Волинське,Херсонська,Каховський,46.5515874,33.8199563,2025-06,shahed,0,2
Вінниця,Вінницька,Вінницький,49.2320162,28.467975,2025-06,shahed,0,1
Десна,Чернігівська,Чернігівський,50.9247792,30.7729799,2025-06,drone,0,1
Дніпро,Дніпропетровська,Дніпровський,48.4680221,35.0417711,2025-06,,0,1
Дніпро,Дніпропетровська,Дніпровський,48.4680221,35.0417711,2025-06,drone,0,2
Дніпро,Дніпропетровська,Дніпровський,48.4680221,35.0417711,2025-06,shahed,0,1
Дубно,Рівненська,Дубенський,50.4187918,25.7455972,2025-06,,0,1
Дубно,Рівненська,Дубенський,50.4187918,25.7455972,2025-06,shahed,0,2
Житомир,Житомирська,Житомирський,50.2598298,28.6692345,2025-06,drone,0,1
Запоріжжя,Дніпропетровська,Кам’янський,48.4124318,33.7016613,2025-06,drone,0,1
Запоріжжя,Дніпропетровська,Криворізький,47.6846511,33.2645369,2025-06,shahed,0,1
Запоріжжя,Донецька,Покровський,48.2771086,37.1772482,2025-06,drone,0,1
Запоріжжя,Запорізька,Запорізький,47.8507859,35.1182867,2025-06,drone,0,3
Запорізьке,Дніпропетровська,Криворізький,47.6617478,33.7180001,2025-06,drone,0,1
Зарічне,Дніпропетровська,Павлоградський,48.74599,36.01833,2025-06,drone,0,1
Затока,Одеська,Білгород-Дністровський,46.1458339,30.5255473,2025-06,drone,0,1
Звенигородка,Черкаська,Звенигородський,49.0767158,30.96138,2025-06,,0,1
Кам'янка,Полтавська,Полтавський,49.8227778,34.5386111,2025-06,drone,0,1
Київ,м. Київ,,50.4501,30.5234,2025-06,cruise,0,1
Київ,м. Київ,,50.4501,30.5234,2025-06,drone,0,10
Конотоп,Сумська,Конотопський,51.2397495,33.206675,2025-06,drone,0,1
Корсунь-Шевченківський,Черкаська,Черкаський,49.418037,31.2556741,2025-06,drone,0,2
Кременчук,Полтавська,Кременчуцький,49.0629553,33.403516,2025-06,,0,2
Кременчук,Полтавська,Кременчуцький,49.0629553,33.403516,2025-06,drone,0,1
Кривий Ріг,Дніпропетровська,Криворізький,47.9102734,33.3917703,2025-06,shahed,0,1
Куп'янськ,Харківська,Куп’янський,49.7132963,37.6141992,2025-06,drone,0,1
Лозова,Харківська,Лозівський,48.8842428,36.3160254,2025-06,drone,0,1
Луцьк,Волинська,Луцький,50.7450733,25.320078,2025-06,cruise,0,1
Луцьк,Волинська,Луцький,50.7450733,25.320078,2025-06,drone,0,2
Люботин,Харківська,Харківський,49.9435604,35.9185185,2025-06,drone,0,1
Миколаїв,Миколаївська,Миколаївський,46.9758615,31.9939666,2025-06,drone,0,1
Миргород,Полтавська,Миргородський,49.9658333,33.6113889,2025-06,drone,0,3
Новомосковськ,Дніпропетровська,Новомосковський,48.6358512,35.2595541,2025-06,drone,0,1
Ніжин,Чернігівська,Ніжинський,51.0464747,31.8806289,2025-06,drone,0,1
Нікополь,Дніпропетровська,Нікопольський,47.5692061,34.3917272,2025-06,drone,0,1
Овідіополь,Одеська,Одеський,46.2473734,30.4448614,2025-06,drone,0,1
Одеса,Одеська,Одеський,46.4843023,30.7322878,2025-06,drone,0,4
Олишівка,Чернігівська,Чернігівський,51.217918,31.32992,2025-06,drone,0,1
Оріхове,Дніпропетровська,Дніпровський,48.20423,34.87713,2025-06,drone,0,1
Очаків,Миколаївська,Миколаївський,46.6145957,31.5452994,2025-06,drone,0,1
Павлоград,Дніпропетровська,Павлоградський,48.5316759,35.8703695,2025-06,,0,1
Первомайськ,Миколаївська,Первомайський,48.045745,30.8475997,2025-06,drone,0,1
Покровське,Дніпропетровська,Синельниківський,47.9808528,36.2333808,2025-06,drone,0,2
Полтавське,Дніпропетровська,Синельниківський,48.399643,36.709404,2025-06,shahed,0,1
Південне,Одеська,Білгород-Дністровський,46.337597,29.986652,2025-06,drone,0,2
Південне,Харківська,Харківський,49.8847449,36.0666511,2025-06,drone,0,1
Рівне,Вінницька,Могилів-Подільський,48.7130055,27.5355762,2025-06,shahed,0,2
Рівне,Дніпропетровська,Синельниківський,48.238911,36.217121,2025-06,shahed,0,1
Самбір,Львівська,Самбірський,49.5182487,23.1969805,2025-06,cruise,0,1
Синельникове,Дніпропетровська,Синельниківський,48.3269304,35.5246984,2025-06,drone,0,1
Славгород,Дніпропетровська,Синельниківський,48.1009562,35.5171714,2025-06,drone,0,1
Сміла,Черкаська,Черкаський,49.2336897,31.8829216,2025-06,drone,0,1
Старий Крим,Донецька,Маріупольський,47.0957648,37.5499621,2025-06,shahed,0,1
Старозаводське,Дніпропетровська,Нікопольський,47.546421,34.15443,2025-06,drone,0,1
Старокостянтинів,Хмельницька,Хмельницький,49.756163,27.2087889,2025-06,drone,0,1
Суми,Сумська,Сумський,50.9119775,34.8027723,2025-06,drone,0,4
Харків,Харківська,Харківський,49.9923181,36.2310146,2025-06,drone,0,8
Харків,Харківська,Харківський,49.9923181,36.2310146,2025-06,shahed,0,2
Харківка,Сумська,Шосткинський,51.767231,34.06345,2025-06,drone,0,1
Харківське,Донецька,Донецький,47.7952806,38.4798317,2025-06,drone,0,1
Харківці,Полтавська,Миргородський,50.3701299,33.9950534,2025-06,drone,0,1
Чернігів,Чернігівська,Чернігівський,51.494099,31.294332,2025-06,drone,0,1
Чернігівка,Дніпропетровська,Дніпровський,48.18399,34.565262,2025-06,drone,0,1
Чернігівка,Дніпропетровська,Дніпровський,48.18399,34.565262,2025-06,shahed,0,1
Чорноморськ,Одеська,Одеський,46.3020943,30.653466,2025-06,drone,0,3
Чутове,Полтавська,Полтавський,49.7216667,35.1694444,2025-06,drone,0,1
Івано-Франківськ,Івано-Франківська,Івано-Франківський,48.9225224,24.7103188,2025-07,drone,0,1
Іванівка,Дніпропетровська,Синельниківський,48.352551,35.45631,2025-07,drone,0,1
Ізмаїл,Одеська,Ізмаїльський,45.3511307,28.8361514,2025-07,drone,0,1
Ізюм,Харківська,Ізюмський,49.1913721,37.2784125,2025-07,drone,0,1
Базар,Житомирська,Коростенський,51.2037677,29.0913215,2025-07,drone,0,1
Балаклія,Полтавська,Миргородський,49.6792533,33.7820696,2025-07,drone,0,1
Баланівка,Вінницька,Гайсинський,48.36594,29.51889,2025-07,drone,0,1
Бережани,Тернопільська,Тернопільський,49.4450296,24.938854,2025-07,drone,0,1
Божедарівка,Дніпропетровська,Кам’янський,48.3601,34.11392,2025-07,drone,0,1
Болгарка,Миколаївська,Первомайський,47.8594344,30.5891291,2025-07,drone,0,1
Болград,Одеська,Болградський,45.6779137,28.6132404,2025-07,drone,0,1
Борзна,Чернігівська,Ніжинський,51.2534475,32.4263156,2025-07,drone,0,1
Бориспіль,Київська,Бориспільський,50.3512101,30.95077,2025-07,drone,0,1
Борисівка,Вінницька,Вінницький,49.1136358,29.2024356,2025-07,drone,0,1
Боровиця,Житомирська,Коростенський,50.8977565,28.3085694,2025-07,drone,0,1
Бородянка,Київська,Бучанський,50.6437677,29.9278296,2025-07,drone,0,2
Брага,Хмельницька,Кам’янець-Подільський,48.550991,26.488041,2025-07,drone,0,1
Бровари,Київська,Броварський,50.5111168,30.7900482,2025-07,drone,0,3
Бурштин,Івано-Франківська,Івано-Франківський,49.2516287,24.6341893,2025-07,drone,0,1
Буськ,Львівська,Золочівський,49.965355,24.6089531,2025-07,drone,0,1
Біла Криниця,Житомирська,Житомирський,50.5929252,29.4530965,2025-07,drone,0,1
Білгород-Дністровський,Одеська,Білгород-Дністровський,46.1909823,30.345784,2025-07,drone,0,1
Біле,Львівська,Львівський,49.6693553,24.5584141,2025-07,shahed,0,1
Біле,Харківська,Куп’янський,49.6604248,37.6984775,2025-07,drone,0,1
Білопілля,Сумська,Сумський,51.1460449,34.3121992,2025-07,drone,0,1
Васильків,Київська,Обухівський,50.17387,30.32158,2025-07,drone,0,1
Василівка,Вінницька,Вінницький,49.1136358,29.2024356,2025-07,drone,0,1
Вилкове,Одеська,Ізмаїльський,45.40306,29.58309,2025-07,drone,0,1
Вишеньки,Київська,Бориспільський,50.328709,30.705759,2025-07,drone,0,1
Волиця,Волинська,Володимир-Волинський,50.6282366,24.4638426,2025-07,shahed,0,2
Вінниця,Вінницька,Вінницький,49.2320162,28.467975,2025-07,drone,0,2
Глеваха,Київська,Фастівський,50.259673,30.3059171,2025-07,drone,0,1
Гірник,Донецька,Покровський,47.9835214,37.2826414,2025-07,drone,0,1
Десна,Чернігівська,Чернігівський,50.9247792,30.7729799,2025-07,drone,0,1
Дніпро,Дніпропетровська,Дніпровський,48.4680221,35.0417711,2025-07,drone,0,6
Дніпро,Дніпропетровська,Дніпровський,48.4680221,35.0417711,2025-07,shahed,0,2
Драбів,Черкаська,Золотоніський,49.9615236,32.1520869,2025-07,drone,0,1
Дубов'язівка,Сумська,Конотопський,51.132481,33.37846,2025-07,drone,0,1
Дунайка,Київська,Білоцерківський,49.7337685,29.6624138,2025-07,drone,0,1
Дунаївці,Хмельницька,Кам’янець-Подільський,49.02305,26.84338,2025-07,drone,0,1
Житомир,Житомирська,Житомирський,50.2598298,28.6692345,2025-07,,0,2
Житомир,Житомирська,Житомирський,50.2598298,28.6692345,2025-07,drone,0,3
Житомир,Житомирська,Житомирський,50.2598298,28.6692345,2025-07,shahed,0,1
Запоріжжя,Дніпропетровська,Новомосковський,48.9145571,34.9291661,2025-07,drone,0,2
Запоріжжя,Запорізька,Запорізький,47.8507859,35.1182867,2025-07,drone,0,6
Звенигородка,Кіровоградська,Олександрійський,48.670609,33.1169742,2025-07,cruise,0,1
Згурівка,Київська,Броварський,50.4950666,31.7691817,2025-07,drone,0,2
Золотницьке,Дніпропетровська,Кам’янський,48.68626,33.922,2025-07,drone,0,1
Золотогірка,Вінницька,Могилів-Подільський,48.7130055,27.5355762,2025-07,drone,0,1
Золотоноша,Черкаська,Золотоніський,49.6689719,32.0427439,2025-07,drone,0,1
Золотуха,Київська,Білоцерківський,49.7337685,29.6624138,2025-07,drone,0,1
Кам'янка,Полтавська,Полтавський,49.8227778,34.5386111,2025-07,drone,0,1
Кам'янське,Дніпропетровська,Кам’янський,48.5167748,34.6068797,2025-07,drone,0,1
Канів,Черкаська,Черкаський,49.7551031,31.4610802,2025-07,drone,0,2
Київ,м. Київ,,50.4501,30.5234,2025-07,drone,0,7
Козятин,Вінницька,Хмільницький,49.7195867,28.8354279,2025-07,drone,0,1
Конотоп,Сумська,Конотопський,51.2397495,33.206675,2025-07,drone,0,2
Коробчине,Дніпропетровська,Кам’янський,48.3747353,34.4569858,2025-07,drone,0,1
Коростівці,Вінницька,Жмеринський,49.0354593,28.1147317,2025-07,drone,0,1
Крамарка,Дніпропетровська,Новомосковський,48.9145571,34.9291661,2025-07,drone,0,1
Кременчук,Полтавська,Кременчуцький,49.0629553,33.403516,2025-07,,0,1
Кременчук,Полтавська,Кременчуцький,49.0629553,33.403516,2025-07,cruise,0,1
Кременчук,Полтавська,Кременчуцький,49.0629553,33.403516,2025-07,shahed,0,1
Кременівка,Дніпропетровська,Новомосковський,49.118382,34.773186,2025-07,drone,0,2
Кривий,Закарпатська,Хустський,48.1764917,23.291166,2025-07,drone,0,1
Кривий Ріг,Дніпропетровська,Криворізький,47.9102734,33.3917703,2025-07,drone,0,2
Криворіжжя,Донецька,Покровський,48.4441378,36.9162268,2025-07,drone,0,1
Кривці,Полтавська,Лубенський,49.7822104,33.2740646,2025-07,drone,0,1
Кривці,Полтавська,Лубенський,49.7822104,33.2740646,2025-07,shahed,0,1
Кропивницький,Кіровоградська,Кропивницький,48.5105805,32.2656283,2025-07,drone,0,1
Кропивницький,Кіровоградська,Кропивницький,48.5105805,32.2656283,2025-07,shahed,0,1
Ладижинка,Черкаська,Уманський,48.5465612,30.2385604,2025-07,drone,0,1
Лебединське,Дніпропетровська,Нікопольський,47.748482,34.380531,2025-07,drone,0,1
Липовець,Вінницька,Вінницький,49.2296415,29.0642148,2025-07,drone,0,1
Липівка,Житомирська,Житомирський,50.4690331,28.270617,2025-07,drone,0,1
Лозове,Дніпропетровська,Синельниківський,48.45863,36.42483,2025-07,drone,0,1
Луцьк,Волинська,Луцький,50.7450733,25.320078,2025-07,,0,1
Луцьк,Волинська,Луцький,50.7450733,25.320078,2025-07,drone,0,7
Луцьк,Волинська,Луцький,50.7450733,25.320078,2025-07,shahed,0,1
Львів,Львівська,Львівський,49.841952,24.0315921,2025-07,drone,0,1
Люботин,Харківська,Харківський,49.9435604,35.9185185,2025-07,drone,0,1
Магдалинівка,Дніпропетровська,Новомосковський,48.9145571,34.9291661,2025-07,drone,0,1
Макарів,Київська,Бучанський,50.4639897,29.8068986,2025-07,drone,0,1
Малин,Житомирська,Коростенський,50.7677902,29.2414346,2025-07,drone,0,1
Малинівка,Харківська,Чугуївський,49.8006602,36.7180703,2025-07,drone,0,1
Мена,Чернігівська,Корюківський,51.52279,32.21638,2025-07,drone,0,4
Мерефа,Харківська,Харківський,49.8183386,36.0628675,2025-07,drone,0,1
Миколаїв,Миколаївська,Миколаївський,46.9758615,31.9939666,2025-07,drone,0,1
Миколаївка,Дніпропетровська,Дніпровський,48.3615514,34.6844602,2025-07,shahed,0,1
Миргород,Полтавська,Миргородський,49.9658333,33.6113889,2025-07,shahed,0,1
Михайло-Коцюбинське,Чернігівська,Чернігівський,51.4502116,31.0792876,2025-07,drone,0,1
Монастирок,Вінницька,Вінницький,48.9654035,28.8430131,2025-07,drone,0,1
Новгород-Сіверський,Чернігівська,Новгород-Сіверський,52.004259,33.2779899,2025-07,drone,0,1
Новгородське,Сумська,Охтирський,50.619511,34.967079,2025-07,drone,0,1
Нове,Дніпропетровська,Синельниківський,48.4286465,35.6728255,2025-07,drone,0,1
Новоград-Волинський,Житомирська,Новоград-Волинський,50.5917622,27.6066973,2025-07,drone,0,1
Новомосковськ,Дніпропетровська,Новомосковський,48.6358512,35.2595541,2025-07,drone,0,3
Ніжин,Чернігівська,Ніжинський,51.0464747,31.8806289,2025-07,drone,0,2
Нікополь,Дніпропетровська,Нікопольський,47.5692061,34.3917272,2025-07,drone,0,2
Нікополь,Дніпропетровська,Нікопольський,47.5692061,34.3917272,2025-07,shahed,0,1
Обухівка,Житомирська,Бердичівський,49.826771,28.377001,2025-07,drone,0,1
Одеса,Одеська,Одеський,46.4843023,30.7322878,2025-07,drone,0,4
Олевськ,Житомирська,Коростенський,51.22272,27.64881,2025-07,drone,0,1
Олишівка,Чернігівська,Чернігівський,51.217918,31.32992,2025-07,,0,1
Олишівка,Чернігівська,Чернігівський,51.217918,31.32992,2025-07,drone,0,1
Остер,Чернігівська,Ніжинський,51.0601711,32.1022103,2025-07,drone,0,1
Очаків,Миколаївська,Миколаївський,46.6145957,31.5452994,2025-07,drone,0,2
Павловичі,Волинська,Володимир-Волинський,50.7799387,24.8430189,2025-07,shahed,0,1
Павлоград,Дніпропетровська,Павлоградський,48.5316759,35.8703695,2025-07,drone,0,4
Пересічне,Харківська,Харківський,49.984881,36.0681717,2025-07,drone,0,1
Перещепине,Дніпропетровська,Новомосковський,49.01825,35.35915,2025-07,drone,0,1
Погребище,Вінницька,Вінницький,49.4848166,29.2579157,2025-07,drone,0,1
Полтавка,Дніпропетровська,Криворізький,47.66556,33.1152,2025-07,drone,0,1
Прилуки,Запорізька,Пологівський,47.747269,36.079788,2025-07,drone,0,1
Прилуки,Чернігівська,Прилуцький,50.5950864,32.3866658,2025-07,drone,0,1
Південне,Харківська,Харківський,49.8847449,36.0666511,2025-07,drone,0,1
Пісківка,Київська,Бучанський,50.6968561,29.5931036,2025-07,drone,0,1
Решетилівка,Полтавська,Полтавський,49.5586111,34.0791667,2025-07,drone,0,1
Ромни,Сумська,Роменський,50.74207,33.4877,2025-07,drone,0,2
Савинці,Харківська,Ізюмський,49.39625,37.05036,2025-07,drone,0,1
Сарнівка,Житомирська,Коростенський,51.22272,27.64881,2025-07,drone,0,1
Синельникове,Дніпропетровська,Синельниківський,48.3269304,35.5246984,2025-07,drone,0,2
Снігурівка,Черкаська,Золотоніський,49.6689719,32.0427439,2025-07,drone,0,1
Солоне,Дніпропетровська,Дніпровський,48.20423,34.87713,2025-07,drone,0,1
Ставище,Київська,Білоцерківський,49.3897213,30.1921389,2025-07,cruise,0,1
Ставище,Харківська,Куп’янський,49.6949729,37.1753112,2025-07,drone,0,1
Староаврамівка,Полтавська,Лубенський,49.7822104,33.2740646,2025-07,drone,0,1
Старокостянтинів,Хмельницька,Хмельницький,49.756163,27.2087889,2025-07,,0,1
Старокостянтинів,Хмельницька,Хмельницький,49.756163,27.2087889,2025-07,drone,0,1
Старочуднівська Гута,Житомирська,Житомирський,50.146945,27.9214928,2025-07,,0,1
Суми,Сумська,Сумський,50.9119775,34.8027723,2025-07,drone,0,7
Суми,Сумська,Сумський,50.9119775,34.8027723,2025-07,shahed,0,1
Сумці,Харківська,Лозівський,49.394455,36.284039,2025-07,drone,0,1
Татарбунари,Одеська,Білгород-Дністровський,45.8398696,29.6166537,2025-07,drone,0,1
Теплик,Вінницька,Гайсинський,48.6636,29.74686,2025-07,drone,0,1
Теплодар,Одеська,Одеський,46.5050729,30.3272329,2025-07,drone,0,1
Терни,Сумська,Роменський,50.8358991,33.8782826,2025-07,drone,0,1
Тернова,Хмельницька,Кам’янець-Подільський,49.02305,26.84338,2025-07,,0,1
Тернопіль,Тернопільська,Тернопільський,49.5557716,25.591886,2025-07,drone,0,2
Тернівка,Дніпропетровська,Криворізький,48.061314,33.2810237,2025-07,shahed,0,1
Тиврів,Вінницька,Вінницький,49.0139727,28.507999,2025-07,drone,0,1
Токарів,Житомирська,Новоград-Волинський,50.546719,27.4617,2025-07,drone,0,1
Фастів,Київська,Фастівський,50.0799307,29.9162821,2025-07,drone,0,1
Харків,Харківська,Харківський,49.9923181,36.2310146,2025-07,drone,0,6
Харків,Харківська,Харківський,49.9923181,36.2310146,2025-07,shahed,0,3
Херсон,Херсонська,Херсонський,46.6412644,32.625794,2025-07,drone,0,2
Хмельницький,Хмельницька,Хмельницький,49.4196404,26.9793793,2025-07,shahed,0,1
Хмільник,Вінницька,Хмільницький,49.556175,27.9491205,2025-07,drone,0,1
Хорошеве,Дніпропетровська,Синельниківський,48.4043673,35.275539,2025-07,drone,0,1
Хотінь,Сумська,Сумський,51.0786763,34.78001,2025-07,drone,0,1
Цвіткове,Дніпропетровська,Криворізький,47.66556,33.1152,2025-07,drone,0,2
Чаплине,Дніпропетровська,Синельниківський,48.238911,36.217121,2025-07,drone,0,1
Чемерівці,Хмельницька,Кам’янець-Подільський,49.0087176,26.3405624,2025-07,drone,0,1
Черкас,Київська,Білоцерківський,49.694134,30.082663,2025-07,drone,0,1
Черкаське,Дніпропетровська,Кам’янський,48.207699,34.24868,2025-07,drone,0,1
Черняхів,Житомирська,Житомирський,50.45299,28.66573,2025-07,shahed,0,3
Черняхівка,Київська,Бориспільський,50.2758913,31.7634861,2025-07,shahed,0,2
Чернігів,Чернігівська,Чернігівський,51.494099,31.294332,2025-07,shahed,0,1
Чернігівка,Дніпропетровська,Дніпровський,48.18399,34.565262,2025-07,drone,0,2
Чернігівка,Дніпропетровська,Дніпровський,48.18399,34.565262,2025-07,shahed,0,1
Чечельник,Вінницька,Гайсинський,48.2126987,29.3598689,2025-07,drone,0,1
Чорномин,Вінницька,Тульчинський,48.2077558,28.8864581,2025-07,drone,0,1
Чугуїв,Харківська,Чугуївський,49.8363648,36.6898157,2025-07,drone,0,1
Шаргород,Вінницька,Жмеринський,48.7498267,28.08317,2025-07,drone,0,1
Шевченкове,Дніпропетровська,Нікопольський,47.748482,34.380531,2025-07,drone,0,1
Яготин,Київська,Бориспільський,50.2758913,31.7634861,2025-07,drone,0,4
Балаклія,Харківська,Ізюмський,49.4521336,36.8397826,2025-08,drone,0,1
Баришівка,Київська,Броварський,50.3645295,31.3256722,2025-08,drone,0,1
Бахмач,Чернігівська,Ніжинський,51.1801374,32.8165107,2025-08,ballistic,0,1
Березна,Чернігівська,Чернігівський,51.5778917,31.7902811,2025-08,drone,0,1
Бобриця,Київська,Бучанський,50.390171,30.22785,2025-08,drone,0,1
Борзна,Чернігівська,Ніжинський,51.2534475,32.4263156,2025-08,drone,0,1
Бориспіль,Київська,Бориспільський,50.3512101,30.95077,2025-08,drone,0,2
Бровари,Київська,Броварський,50.5111168,30.7900482,2025-08,drone,0,4
Білгород-Дністровський,Одеська,Білгород-Дністровський,46.1909823,30.345784,2025-08,drone,0,1
Біле,Луганська,Алчевський,48.4806933,38.792133294414555,2025-08,drone,0,1
Білозерське,Дніпропетровська,Павлоградський,48.74599,36.01833,2025-08,drone,0,1
Білозерське,Донецька,Покровський,48.53313,37.05791,2025-08,drone,0,1
Васильків,Київська,Обухівський,50.17387,30.32158,2025-08,drone,0,3
Вишеньки,Київська,Бориспільський,50.328709,30.705759,2025-08,drone,0,1
Вінниця,Вінницька,Вінницький,49.2320162,28.467975,2025-08,drone,0,1
Вінниця,Вінницька,Вінницький,49.2320162,28.467975,2025-08,shahed,0,1
Гадяч,Полтавська,Миргородський,50.3701299,33.9950534,2025-08,drone,0,3
Глухів,Сумська,Шосткинський,51.67831,33.9093,2025-08,drone,0,1
Гончарівське,Чернігівська,Чернігівський,51.2990164,30.9276044,2025-08,drone,0,2
Десна,Чернігівська,Чернігівський,50.9247792,30.7729799,2025-08,drone,0,1
Дніпро,Дніпропетровська,Дніпровський,48.4680221,35.0417711,2025-08,drone,0,3
Дніпро,Дніпропетровська,Дніпровський,48.4680221,35.0417711,2025-08,shahed,0,2
Добропасове,Дніпропетровська,Синельниківський,47.9808528,36.2333808,2025-08,shahed,0,1
Драбів,Черкаська,Золотоніський,49.9615236,32.1520869,2025-08,drone,0,1
Запоріжжя,Дніпропетровська,Кам’янський,48.4124318,33.7016613,2025-08,drone,0,1
Запоріжжя,Запорізька,Запорізький,47.8507859,35.1182867,2025-08,drone,0,3
Запорізьке,Дніпропетровська,Криворізький,47.6617478,33.7180001,2025-08,drone,0,1
Кам'янське,Дніпропетровська,Кам’янський,48.5167748,34.6068797,2025-08,drone,0,1
Київ,м. Київ,,50.4501,30.5234,2025-08,,0,1
Київ,м. Київ,,50.4501,30.5234,2025-08,drone,0,3
Коломак,Харківська,Богодухівський,49.8436,35.31349,2025-08,drone,0,1
Комишня,Полтавська,Миргородський,50.1838006,33.679619,2025-08,drone,0,2
Короленківка,Полтавська,Полтавський,49.4537175,35.1374845,2025-08,drone,0,1
Краматорськ,Донецька,Краматорський,48.7389415,37.5843812,2025-08,drone,0,2
Кременчук,Полтавська,Кременчуцький,49.0629553,33.403516,2025-08,cruise,0,1
Кременчук,Полтавська,Кременчуцький,49.0629553,33.403516,2025-08,shahed,0,1
Кременівка,Дніпропетровська,Новомосковський,49.118382,34.773186,2025-08,drone,0,1
Кривий Ріг,Дніпропетровська,Криворізький,47.9102734,33.3917703,2025-08,drone,0,2
Кропивницький,Кіровоградська,Кропивницький,48.5105805,32.2656283,2025-08,drone,0,1
Лиманське,Дніпропетровська,Павлоградський,48.550991,35.786591,2025-08,shahed,0,1
Лимареве,Сумська,Охтирський,50.303745,34.472309,2025-08,shahed,0,1
Лозова,Харківська,Богодухівський,50.1601711,35.5220539,2025-08,drone,0,1
Лозове,Сумська,Сумський,50.7712539,35.2563391,2025-08,shahed,0,1
Мена,Чернігівська,Корюківський,51.52279,32.21638,2025-08,drone,0,1
Миколаїв,Львівська,Стрийський,49.5253714,23.9788155,2025-08,,0,1
Миргород,Полтавська,Миргородський,49.9658333,33.6113889,2025-08,drone,0,5
Миргород,Полтавська,Миргородський,49.9658333,33.6113889,2025-08,shahed,0,1
Новомосковськ,Дніпропетровська,Новомосковський,48.6358512,35.2595541,2025-08,drone,0,1
Одеса,Одеська,Одеський,46.4843023,30.7322878,2025-08,drone,0,1
Олишівка,Чернігівська,Чернігівський,51.217918,31.32992,2025-08,drone,0,1
Остер,Чернігівська,Чернігівський,50.9508278,30.8782419,2025-08,drone,0,1
Охтирка,Сумська,Охтирський,50.3115386,34.8868923,2025-08,drone,0,1
Очаків,Миколаївська,Миколаївський,46.6145957,31.5452994,2025-08,drone,0,1
Павлоград,Дніпропетровська,Павлоградський,48.5316759,35.8703695,2025-08,drone,0,6
Пирятин,Полтавська,Лубенський,50.2361111,32.5011111,2025-08,drone,0,1
Потапівка,Сумська,Шосткинський,51.767231,34.06345,2025-08,shahed,0,1
Поташня,Вінницька,Гайсинський,48.36594,29.51889,2025-08,shahed,0,1
Прилуки,Чернігівська,Прилуцький,50.5950864,32.3866658,2025-08,drone,0,1
Путилівка,Дніпропетровська,Нікопольський,47.546421,34.15443,2025-08,drone,0,1
Ромни,Сумська,Роменський,50.74207,33.4877,2025-08,drone,0,1
Рівнинне,Вінницька,Хмільницький,49.4583688,28.5262638,2025-08,shahed,0,1
Слобожанське,Харківська,Лозівський,48.85311,36.55186,2025-08,drone,0,2
Слов'янськ,Донецька,Краматорський,48.8522691,37.6058241,2025-08,drone,0,3
Сміла,Черкаська,Черкаський,49.2336897,31.8829216,2025-08,drone,0,1
Срібне,Чернігівська,Прилуцький,50.661573,32.9174152,2025-08,drone,0,1
Суми,Сумська,Сумський,50.9119775,34.8027723,2025-08,drone,0,11
Татарбунари,Одеська,Білгород-Дністровський,45.8398696,29.6166537,2025-08,drone,0,2
Фастів,Київська,Фастівський,50.0799307,29.9162821,2025-08,drone,0,1
Харків,Харківська,Харківський,49.9923181,36.2310146,2025-08,drone,0,2
Холми,Чернігівська,Корюківський,51.872562,32.595619,2025-08,drone,0,2
Черкаси,Черкаська,Черкаський,49.4302723,32.0447228243568,2025-08,drone,0,1
Чернече,Полтавська,Миргородський,50.40081,33.7537985,2025-08,drone,0,1
Чернівці,Вінницька,Могилів-Подільський,48.5406973,28.1221153,2025-08,drone,0,2
Чернігів,Чернігівська,Чернігівський,51.494099,31.294332,2025-08,drone,0,6
Чернігівка,Дніпропетровська,Дніпровський,48.18399,34.565262,2025-08,drone,0,1
Чорноглазівка,Дніпропетровська,Павлоградський,48.74599,36.01833,2025-08,drone,0,1
Чорноморськ,Одеська,Одеський,46.3020943,30.653466,2025-08,drone,0,2
Чорноморське,Одеська,Одеський,46.5849122,30.9334115,2025-08,drone,0,1
Чугуїв,Харківська,Чугуївський,49.8363648,36.6898157,2025-08,drone,0,1
Шостка,Сумська,Шосткинський,51.8643223,33.4728213,2025-08,drone,0,1
Балаклія,Полтавська,Миргородський,49.6792533,33.7820696,2025-09,drone,0,1
Балаклія,Харківська,Ізюмський,49.4521336,36.8397826,2025-09,drone,0,1
Батурин,Чернігівська,Ніжинський,51.3413087,32.8778317,2025-09,drone,0,2
Бахмач,Чернігівська,Ніжинський,51.1801374,32.8165107,2025-09,drone,0,2
Баштанка,Миколаївська,Баштанський,47.4033486,32.4388921,2025-09,drone,0,1
Березняки,Сумська,Роменський,50.8358991,33.8782826,2025-09,drone,0,2
Богуслав,Київська,Обухівський,49.54765,30.8733,2025-09,drone,0,1
Борзна,Чернігівська,Ніжинський,51.2534475,32.4263156,2025-09,drone,0,2
Бориспіль,Київська,Бориспільський,50.3512101,30.95077,2025-09,drone,0,1
Борисівка,Дніпропетровська,Нікопольський,47.62161,34.52453,2025-09,drone,0,1
Боярка,Київська,Фастівський,50.3356709,30.2847595,2025-09,drone,0,1
Бровари,Київська,Броварський,50.5111168,30.7900482,2025-09,drone,0,4
Бровки Другі,Житомирська,Бердичівський,50.0301392,29.0222111,2025-09,drone,0,1
Буча,Київська,Бучанський,50.5503127,30.2106925,2025-09,drone,0,1
Білгород-Дністровський,Одеська,Білгород-Дністровський,46.1909823,30.345784,2025-09,drone,0,3
Білогородка,Київська,Бучанський,50.390171,30.22785,2025-09,drone,0,2
Білопілля,Сумська,Сумський,51.1460449,34.3121992,2025-09,drone,0,1
Васильків,Київська,Обухівський,50.17387,30.32158,2025-09,drone,0,2
Вишгород,Київська,Вишгородський,50.5824332,30.485121,2025-09,drone,0,2
Вінниця,Вінницька,Вінницький,49.2320162,28.467975,2025-09,cruise,0,1
Вінниця,Вінницька,Вінницький,49.2320162,28.467975,2025-09,drone,0,1
Гадяч,Полтавська,Миргородський,50.3701299,33.9950534,2025-09,drone,0,2
Глеваха,Київська,Фастівський,50.259673,30.3059171,2025-09,drone,0,1
Гончарівське,Чернігівська,Чернігівський,51.2990164,30.9276044,2025-09,drone,0,4
Гостомель,Київська,Бучанський,50.58826,30.25909,2025-09,drone,0,1
Гострий Камінь,Дніпропетровська,Синельниківський,48.331689,35.7132916,2025-09,drone,0,1
Десна,Чернігівська,Чернігівський,50.9247792,30.7729799,2025-09,drone,0,1
Димер,Київська,Вишгородський,50.7835487,30.3078042,2025-09,drone,0,1
Дніпро,Дніпропетровська,Дніпровський,48.4680221,35.0417711,2025-09,drone,0,4
Дніпроенергія,Донецька,Волноваський,47.97781,36.74678,2025-09,drone,0,1
Дніпрорудне,Запорізька,Василівський,47.3899205,35.0028481,2025-09,drone,0,1
Добропілля,Донецька,Покровський,48.4683035,37.0903243,2025-09,drone,0,2
Житомир,Житомирська,Житомирський,50.2598298,28.6692345,2025-09,cruise,0,2
Житомир,Житомирська,Житомирський,50.2598298,28.6692345,2025-09,drone,0,2
Жовква,Львівська,Львівський,50.056134,23.9711967,2025-09,drone,0,1
Запоріжжя,Дніпропетровська,Кам’янський,48.4124318,33.7016613,2025-09,drone,0,1
Запоріжжя,Запорізька,Запорізький,47.8507859,35.1182867,2025-09,cruise,0,1
Запоріжжя,Запорізька,Запорізький,47.8507859,35.1182867,2025-09,drone,0,3
Запорізьке,Дніпропетровська,Криворізький,47.6617478,33.7180001,2025-09,drone,0,1
Кам'янець-Подільський,Хмельницька,Кам’янець-Подільський,48.6879663,26.6019747,2025-09,cruise,0,1
Кам'янка,Донецька,Горлівський,48.3119524,38.2609048,2025-09,drone,0,1
Кам'яногірка,Вінницька,Вінницький,49.19472,29.53056,2025-09,drone,0,1
Кам'янське,Дніпропетровська,Криворізький,47.9559565,33.525732,2025-09,drone,0,2
Канів,Черкаська,Черкаський,49.7551031,31.4610802,2025-09,cruise,0,1
Київ,м. Київ,,50.4501,30.5234,2025-09,cruise,0,1
Київ,м. Київ,,50.4501,30.5234,2025-09,drone,0,13
Клембівка,Вінницька,Могилів-Подільський,48.2400683,28.2779272,2025-09,drone,0,1
Козелець,Чернігівська,Чернігівський,50.9160647,31.1167509,2025-09,drone,0,1
Кононівка,Київська,Білоцерківський,49.7337685,29.6624138,2025-09,drone,0,1
Конотоп,Сумська,Конотопський,51.2397495,33.206675,2025-09,drone,0,3
Коростень,Чернігівська,Чернігівський,51.217918,31.32992,2025-09,drone,0,1
Корюківка,Чернігівська,Корюківський,51.77444,32.2514,2025-09,drone,0,2
Краматорськ,Донецька,Краматорський,48.7389415,37.5843812,2025-09,drone,0,2
Краснопілля,Сумська,Сумський,50.7712539,35.2563391,2025-09,drone,0,1
Кременчук,Полтавська,Кременчуцький,49.0629553,33.403516,2025-09,drone,0,3
Кремінне,Вінницька,Могилів-Подільський,48.512192,27.63199,2025-09,drone,0,1
Кривий,Закарпатська,Хустський,48.1764917,23.291166,2025-09,drone,0,3
Кривий Ріг,Дніпропетровська,Криворізький,47.9102734,33.3917703,2025-09,drone,0,6
Кривий Ріг,Херсонська,Генічеський,46.3558121,34.3363579,2025-09,drone,0,1
Кропивницький,Кіровоградська,Кропивницький,48.5105805,32.2656283,2025-09,drone,0,1
Куликівка,Чернігівська,Чернігівський,51.3735623,31.6455818,2025-09,drone,0,1
Куп'янськ,Харківська,Куп’янський,49.7132963,37.6141992,2025-09,drone,0,1
Лебедин,Київська,Бориспільський,50.3512101,30.95077,2025-09,drone,0,2
Лебедин,Сумська,Сумський,50.5814148,34.4761301,2025-09,drone,0,1
Лебедине,Полтавська,Полтавський,49.1433333,34.2002778,2025-09,drone,0,1
Лебединське,Дніпропетровська,Нікопольський,47.748482,34.380531,2025-09,drone,0,1
Лебединське,Донецька,Маріупольський,47.1701321,37.6952892,2025-09,drone,0,1
Лозова,Харківська,Лозівський,48.8842428,36.3160254,2025-09,drone,0,1
Макарів,Київська,Бучанський,50.4639897,29.8068986,2025-09,drone,0,1
Малин,Житомирська,Коростенський,50.7677902,29.2414346,2025-09,drone,0,2
Мена,Чернігівська,Корюківський,51.52279,32.21638,2025-09,drone,0,2
Миколаїв,Львівська,Стрийський,49.5253714,23.9788155,2025-09,drone,0,1
Миколаїв,Миколаївська,Миколаївський,46.9758615,31.9939666,2025-09,drone,0,4
Миколаїв,Чернігівська,Ніжинський,50.7415033,31.3860852,2025-09,drone,0,1
Миколаївка,Дніпропетровська,Новомосковський,48.8082927,35.2563381,2025-09,drone,0,3
Миколаївка,Херсонська,Бериславський,47.4933112,33.528245,2025-09,drone,0,3
Миргород,Полтавська,Миргородський,49.9658333,33.6113889,2025-09,drone,0,2
Миргород,Полтавська,Миргородський,49.9658333,33.6113889,2025-09,kab,0,1
Монастирок,Вінницька,Вінницький,48.9654035,28.8430131,2025-09,drone,0,1
Новгород-Сіверський,Чернігівська,Новгород-Сіверський,52.004259,33.2779899,2025-09,drone,0,3
Новий Буг,Миколаївська,Баштанський,47.6933814,32.5106596,2025-09,drone,0,1
Ніжин,Чернігівська,Ніжинський,51.0464747,31.8806289,2025-09,drone,0,4
Ніжинське,Сумська,Конотопський,51.5548654,33.3875984,2025-09,drone,0,1
Нікополь,Дніпропетровська,Нікопольський,47.5692061,34.3917272,2025-09,drone,0,1
Нікополь,Харківська,Ізюмський,48.9070045,37.0287573,2025-09,drone,0,1
Обухів,Київська,Обухівський,50.1101633,30.6269696,2025-09,drone,0,4
Одеса,Одеська,Одеський,46.4843023,30.7322878,2025-09,drone,0,3
Олишівка,Чернігівська,Чернігівський,51.217918,31.32992,2025-09,drone,0,1
Охтирка,Сумська,Охтирський,50.3115386,34.8868923,2025-09,drone,0,1
Очаків,Миколаївська,Миколаївський,46.6145957,31.5452994,2025-09,drone,0,1
Павлоград,Дніпропетровська,Павлоградський,48.5316759,35.8703695,2025-09,drone,0,8
Переяслав,Київська,Бориспільський,50.0643984,31.4447327,2025-09,drone,0,1
Петропавлівка,Дніпропетровська,Синельниківський,48.45863,36.42483,2025-09,drone,0,2
Пирятин,Полтавська,Лубенський,50.2361111,32.5011111,2025-09,cruise,0,1
Письменне,Дніпропетровська,Синельниківський,48.21041,36.03035,2025-09,drone,0,1
Покровськ,Донецька,Покровський,48.2771086,37.1772482,2025-09,drone,0,1
Полтава,Полтавська,Полтавський,49.5897423,34.5507948,2025-09,drone,0,3
Полтава,Харківська,Куп’янський,49.6949729,37.1753112,2025-09,drone,0,2
Полтавка,Дніпропетровська,Криворізький,47.66556,33.1152,2025-09,drone,0,2
Полтавка,Донецька,Краматорський,48.49425,37.66654,2025-09,drone,0,1
Потапівка,Сумська,Шосткинський,51.767231,34.06345,2025-09,drone,0,1
Рівне,Полтавська,Лубенський,50.2361111,32.5011111,2025-09,drone,0,1
Сарата,Одеська,Білгород-Дністровський,46.0220664,29.6648751,2025-09,drone,0,1
Семенівка,Чернігівська,Новгород-Сіверський,52.17853,32.57755,2025-09,drone,0,1
Слов'янськ,Донецька,Краматорський,48.8522691,37.6058241,2025-09,drone,0,1
Сміла,Черкаська,Черкаський,49.2336897,31.8829216,2025-09,drone,0,1
Сновськ,Чернігівська,Корюківський,51.8187527,31.9448953,2025-09,drone,0,2
Солоне,Дніпропетровська,Дніпровський,48.20423,34.87713,2025-09,drone,0,1
Старокостянтинів,Хмельницька,Хмельницький,49.756163,27.2087889,2025-09,drone,0,1
Суми,Сумська,Сумський,50.9119775,34.8027723,2025-09,drone,0,21
Суми,Сумська,Сумський,50.9119775,34.8027723,2025-09,guided_air,0,1
Тростянець,Сумська,Охтирський,50.48046,34.96467,2025-09,drone,0,1
Турбів,Вінницька,Вінницький,49.339939,28.7260729,2025-09,drone,0,1
Українка,Київська,Обухівський,50.1537167,30.7420742,2025-09,drone,0,1
Умань,Черкаська,Уманський,48.7497621,30.2203052,2025-09,drone,0,1
Харків,Харківська,Харківський,49.9923181,36.2310146,2025-09,drone,0,9
Харків,Харківська,Харківський,49.9923181,36.2310146,2025-09,kab,0,1
Харківці,Полтавська,Миргородський,50.3701299,33.9950534,2025-09,drone,0,1
Херсон,Херсонська,Херсонський,46.6412644,32.625794,2025-09,drone,0,1
Холми,Чернігівська,Корюківський,51.872562,32.595619,2025-09,drone,0,3
Хотінь,Сумська,Сумський,51.0786763,34.78001,2025-09,,0,1
Хотінь,Сумська,Сумський,51.0786763,34.78001,2025-09,drone,0,1
Черкаси,Черкаська,Черкаський,49.4302723,32.0447228243568,2025-09,drone,0,1
Черкаське,Дніпропетровська,Новомосковський,48.7061619,35.379844,2025-09,drone,0,1
Чернецьке,Сумська,Сумський,50.5814148,34.4761301,2025-09,drone,0,1
Черняхів,Житомирська,Житомирський,50.45299,28.66573,2025-09,drone,0,1
Чернігів,Чернігівська,Чернігівський,51.494099,31.294332,2025-09,drone,0,12
Чернігівка,Дніпропетровська,Дніпровський,48.18399,34.565262,2025-09,drone,0,1
Чигирин,Одеська,Березівський,47.1691588,30.8145604,2025-09,drone,0,1
Чорноморське,Одеська,Одеський,46.5849122,30.9334115,2025-09,drone,0,1
Чугуїв,Харківська,Чугуївський,49.8363648,36.6898157,2025-09,drone,0,3
Чупахівка,Сумська,Охтирський,50.379852,34.584534,2025-09,cruise,0,1
Шепетівка,Хмельницька,Шепетівський,50.1809437,27.0651783,2025-09,drone,0,1
Шостка,Сумська,Шосткинський,51.8643223,33.4728213,2025-09,drone,0,4
Яготин,Київська,Бориспільський,50.2758913,31.7634861,2025-09,drone,0,2
Ізюм,Харківська,Ізюмський,49.1913721,37.2784125,2025-10,drone,0,1
Ічня,Чернігівська,Прилуцький,50.8623444,32.3910144,2025-10,drone,0,1
Андріївка,Дніпропетровська,Синельниківський,48.352551,35.45631,2025-10,drone,0,1
Балаклія,Харківська,Ізюмський,49.4521336,36.8397826,2025-10,drone,0,3
Баланівка,Вінницька,Гайсинський,48.36594,29.51889,2025-10,drone,0,1
Барвінкове,Чернігівська,Прилуцький,50.8840075,32.6447189,2025-10,drone,0,1
Барвінок,Дніпропетровська,Кам’янський,48.3747353,34.4569858,2025-10,drone,0,1
Батурин,Чернігівська,Ніжинський,51.3413087,32.8778317,2025-10,drone,0,5
Бахмач,Чернігівська,Ніжинський,51.1801374,32.8165107,2025-10,drone,0,4
Березина,Вінницька,Вінницький,49.259651,28.36672,2025-10,drone,0,2
Березна,Чернігівська,Чернігівський,51.5778917,31.7902811,2025-10,drone,0,4
Березове,Полтавська,Полтавський,49.7726802,35.0715767,2025-10,drone,0,1
Бершадь,Вінницька,Гайсинський,48.36594,29.51889,2025-10,drone,0,1
Близнюки,Харківська,Лозівський,48.85311,36.55186,2025-10,drone,0,1
Богодарівка,Дніпропетровська,Синельниківський,47.9808528,36.2333808,2025-10,drone,0,1
Богодарівка,Миколаївська,Вознесенський,47.696378,31.8489152,2025-10,drone,0,1
Богодарівка,Полтавська,Лубенський,50.2733333,32.9383333,2025-10,shahed,0,1
Богодухів,Харківська,Богодухівський,50.1601711,35.5220539,2025-10,drone,0,2
Боголюбове,Сумська,Охтирський,50.48046,34.96467,2025-10,drone,0,1
Борзна,Чернігівська,Ніжинський,51.2534475,32.4263156,2025-10,drone,0,4
Борзна,Чернігівська,Ніжинський,51.2534475,32.4263156,2025-10,shahed,0,1
Бориспіль,Київська,Бориспільський,50.3512101,30.95077,2025-10,drone,0,2
Бровари,Київська,Броварський,50.5111168,30.7900482,2025-10,drone,0,4
Буринь,Сумська,Конотопський,51.1960431,33.8288042,2025-10,drone,0,1
Буськ,Львівська,Золочівський,49.965355,24.6089531,2025-10,drone,0,1
Біла,Вінницька,Вінницький,49.339939,28.7260729,2025-10,drone,0,1
Білгород-Дністровський,Одеська,Білгород-Дністровський,46.1909823,30.345784,2025-10,drone,0,1
Біле,Харківська,Куп’янський,49.6604248,37.6984775,2025-10,drone,0,1
Білий Колодязь,Харківська,Чугуївський,50.2928843,36.9370028,2025-10,drone,0,1
Білозірка,Вінницька,Вінницький,49.3232593,28.0837586,2025-10,drone,0,1
Білопілля,Сумська,Сумський,51.1460449,34.3121992,2025-10,drone,0,1
Васильків,Київська,Обухівський,50.17387,30.32158,2025-10,drone,0,1
Васильків,Черкаська,Звенигородський,49.0132605,31.393139,2025-10,drone,0,1
Велика Димерка,Київська,Броварський,50.5913563,30.9016229,2025-10,drone,0,1
Вишгород,Київська,Вишгородський,50.5824332,30.485121,2025-10,drone,0,2
Володимирівка,Вінницька,Могилів-Подільський,48.7130055,27.5355762,2025-10,drone,0,1
Вороне,Дніпропетровська,Синельниківський,47.9741006,36.4563294,2025-10,drone,0,1
Вороніж,Сумська,Шосткинський,51.8643223,33.4728213,2025-10,drone,0,1
Вільшанка,Сумська,Сумський,50.9119775,34.8027723,2025-10,drone,0,1
Вінницькі Стави,Київська,Білоцерківський,49.98402,30.007441,2025-10,drone,0,1
Глобине,Полтавська,Кременчуцький,49.392047,33.2507308,2025-10,drone,0,1
Гончарівське,Чернігівська,Чернігівський,51.2990164,30.9276044,2025-10,drone,0,5
Горностаївка,Чернігівська,Чернігівський,52.063057,31.173548,2025-10,drone,0,1
Городниця,Житомирська,Новоград-Волинський,50.80627,27.31407,2025-10,drone,0,1
Городня,Чернігівська,Прилуцький,50.8623444,32.3910144,2025-10,drone,0,1
Горохівка,Миколаївська,Миколаївський,47.0171096,32.1465767,2025-10,drone,0,1
Деражня,Хмельницька,Хмельницький,49.2688322,27.4327085,2025-10,drone,0,1
Дергачі,Харківська,Харківський,50.107307,36.1205965,2025-10,drone,0,1
Диканька,Полтавська,Полтавський,49.8227778,34.5386111,2025-10,drone,0,2
Дніпро,Дніпропетровська,Дніпровський,48.4680221,35.0417711,2025-10,drone,0,8
Дунаїв,Львівська,Львівський,49.6693553,24.5584141,2025-10,drone,0,1
Житомир,Житомирська,Житомирський,50.2598298,28.6692345,2025-10,kinzhal,0,1
Запоріжжя,Дніпропетровська,Синельниківський,48.389278,36.315651,2025-10,drone,0,4
Запоріжжя,Дніпропетровська,Кам’янський,48.4124318,33.7016613,2025-10,kab,0,1
Запоріжжя,Запорізька,Запорізький,47.8507859,35.1182867,2025-10,drone,0,4
Затока,Одеська,Білгород-Дністровський,46.1458339,30.5255473,2025-10,drone,0,1
Згурівка,Київська,Броварський,50.4950666,31.7691817,2025-10,drone,0,1
Златопіль,Дніпропетровська,Криворізький,47.9559565,33.525732,2025-10,drone,0,2
Зміїв,Харківська,Чугуївський,49.6815177,36.354776,2025-10,drone,0,2
Золотницьке,Дніпропетровська,Кам’янський,48.68626,33.922,2025-10,drone,0,2
Золотоноша,Черкаська,Золотоніський,49.6689719,32.0427439,2025-10,drone,0,2
Золочів,Харківська,Богодухівський,50.2790531,35.9824347,2025-10,drone,0,1
Зіньків,Полтавська,Полтавський,50.21026,34.35768,2025-10,drone,0,2
Калинівка,Вінницька,Хмільницький,49.4583688,28.5262638,2025-10,,0,1
Калинівка,Вінницька,Хмільницький,49.4583688,28.5262638,2025-10,drone,0,1
Кам'яна Гребля,Київська,Білоцерківський,49.7337685,29.6624138,2025-10,drone,0,1
Кам'янське,Дніпропетровська,Кам’янський,48.5167748,34.6068797,2025-10,drone,0,1
Карлівка,Полтавська,Полтавський,49.4537175,35.1374845,2025-10,drone,0,1
Київ,м. Київ,,50.4501,30.5234,2025-10,drone,0,14
Козельщина,Полтавська,Полтавський,49.4441667,34.87,2025-10,drone,0,1
Козятин,Вінницька,Хмільницький,49.7195867,28.8354279,2025-10,drone,0,1
Козятин,Сумська,Охтирський,50.3115386,34.8868923,2025-10,drone,0,1
Колосівка,Вінницька,Жмеринський,49.077621,27.6813781,2025-10,drone,0,1
Комишуваха,Запорізька,Запорізький,47.7141975,35.5322725,2025-10,drone,0,1
Кононівка,Київська,Білоцерківський,49.7337685,29.6624138,2025-10,drone,0,1
Кононівка,Черкаська,Золотоніський,50.13714,32.1254,2025-10,drone,0,1
Конотоп,Сумська,Конотопський,51.2397495,33.206675,2025-10,drone,0,6
Коробчине,Дніпропетровська,Кам’янський,48.3747353,34.4569858,2025-10,drone,0,1
Короп,Чернігівська,Новгород-Сіверський,51.5671394,32.9520532,2025-10,drone,0,1
Корюківка,Чернігівська,Корюківський,51.77444,32.2514,2025-10,drone,0,2
Котельва,Полтавська,Полтавський,50.0621097,34.7496951,2025-10,drone,0,1
Крамарка,Дніпропетровська,Новомосковський,48.9145571,34.9291661,2025-10,drone,0,1
Крамарка,Дніпропетровська,Новомосковський,48.9145571,34.9291661,2025-10,shahed,0,1
Краматорськ,Донецька,Краматорський,48.7389415,37.5843812,2025-10,drone,0,1
Краснопавлівка,Харківська,Лозівський,48.8842428,36.3160254,2025-10,drone,0,1
Краснопілля,Дніпропетровська,Новомосковський,49.118382,34.773186,2025-10,drone,0,1
Краснопілля,Сумська,Сумський,50.7712539,35.2563391,2025-10,drone,0,1
Кременчук,Полтавська,Кременчуцький,49.0629553,33.403516,2025-10,drone,0,11
Кремінне,Вінницька,Могилів-Подільський,48.512192,27.63199,2025-10,,0,1
Криве Озеро,Миколаївська,Первомайський,47.9532217,30.3425878,2025-10,drone,0,1
Кривий Ріг,Дніпропетровська,Криворізький,47.9102734,33.3917703,2025-10,ballistic,0,1
Кривий Ріг,Дніпропетровська,Криворізький,47.9102734,33.3917703,2025-10,drone,0,4
Кривоносівка,Сумська,Шосткинський,52.264019,33.598251,2025-10,drone,0,1
Криворучки,Полтавська,Миргородський,49.8764366,34.0069282,2025-10,drone,0,2
Кролевець,Сумська,Конотопський,51.5548654,33.3875984,2025-10,drone,0,2
Кропивницький,Кіровоградська,Кропивницький,48.5105805,32.2656283,2025-10,drone,0,1
Куликівка,Чернігівська,Чернігівський,51.3735623,31.6455818,2025-10,drone,0,3
Ладижин,Вінницька,Гайсинський,48.6810505,29.2567642,2025-10,,0,1
Лебедин,Київська,Бориспільський,50.3512101,30.95077,2025-10,drone,0,1
Лебедин,Сумська,Сумський,50.5814148,34.4761301,2025-10,drone,0,1
Лебединське,Дніпропетровська,Нікопольський,47.748482,34.380531,2025-10,drone,0,2
Лиманське,Дніпропетровська,Павлоградський,48.550991,35.786591,2025-10,drone,0,1
Лиманівка,Харківська,Красноградський,49.1954572,35.2408676,2025-10,drone,0,1
Лозова,Харківська,Чугуївський,50.2928843,36.9370028,2025-10,drone,0,2
Лозове,Дніпропетровська,Синельниківський,48.45863,36.42483,2025-10,drone,0,2
Львів,Дніпропетровська,Криворізький,47.9559565,33.525732,2025-10,drone,0,1
Львів,Львівська,Львівський,49.841952,24.0315921,2025-10,drone,0,1
Любар,Житомирська,Житомирський,49.9231632,27.7487535,2025-10,drone,0,1
Літин,Вінницька,Вінницький,49.3232593,28.0837586,2025-10,,0,1
Магдалинівка,Дніпропетровська,Новомосковський,48.9145571,34.9291661,2025-10,drone,0,2
Макошине,Чернігівська,Корюківський,51.52279,32.21638,2025-10,drone,0,1
Малий Обухів,Вінницька,Могилів-Подільський,48.7130055,27.5355762,2025-10,drone,0,1
Малинівка,Харківська,Чугуївський,49.8006602,36.7180703,2025-10,drone,0,1
Мена,Чернігівська,Корюківський,51.52279,32.21638,2025-10,drone,0,5
Мерефа,Харківська,Харківський,49.8183386,36.0628675,2025-10,drone,0,2
Миколаїв,Чернігівська,Ніжинський,50.7415033,31.3860852,2025-10,drone,0,2
Миколаївка,Сумська,Охтирський,50.303745,34.472309,2025-10,drone,0,1
Миколаївка,Херсонська,Бериславський,47.4933112,33.528245,2025-10,drone,0,1
Миргород,Полтавська,Миргородський,49.9658333,33.6113889,2025-10,drone,0,2
Миргород,Полтавська,Миргородський,49.9658333,33.6113889,2025-10,shahed,0,1
Новгород-Сіверський,Чернігівська,Новгород-Сіверський,52.004259,33.2779899,2025-10,drone,0,2
Нове,Дніпропетровська,Криворізький,47.7582211,33.2364554,2025-10,drone,0,1
Новомосковськ,Дніпропетровська,Новомосковський,48.6358512,35.2595541,2025-10,drone,0,5
Новоукраїнка,Кіровоградська,Новоукраїнський,48.3250616,31.522047,2025-10,drone,0,1
Нові Санжари,Полтавська,Полтавський,49.3338321,34.3148631,2025-10,drone,0,1
Ніжин,Чернігівська,Ніжинський,51.0464747,31.8806289,2025-10,drone,0,14
Ніжинське,Сумська,Конотопський,51.5548654,33.3875984,2025-10,drone,0,1
Нікополь,Дніпропетровська,Нікопольський,47.5692061,34.3917272,2025-10,drone,0,2
Нікополь,Харківська,Ізюмський,48.9070045,37.0287573,2025-10,drone,0,1
Обухів,Київська,Обухівський,50.1101633,30.6269696,2025-10,drone,0,2
Одеса,Одеська,Одеський,46.4843023,30.7322878,2025-10,drone,0,4
Олександрівка,Донецька,Краматорський,48.8354023,37.3884068,2025-10,drone,0,2
Оратів,Вінницька,Вінницький,49.19472,29.53056,2025-10,drone,0,1
Охтирка,Сумська,Охтирський,50.3115386,34.8868923,2025-10,drone,0,3
П'ятихатки,Дніпропетровська,Кам’янський,48.4124318,33.7016613,2025-10,drone,0,1
Павлоград,Дніпропетровська,Павлоградський,48.5316759,35.8703695,2025-10,drone,0,33
Павлоград,Дніпропетровська,Павлоградський,48.5316759,35.8703695,2025-10,kab,0,2
Петропавлівка,Дніпропетровська,Криворізький,47.89455,33.941921,2025-10,drone,0,4
Погребище,Вінницька,Вінницький,49.4848166,29.2579157,2025-10,,0,1
Полтава,Полтавська,Полтавський,49.5897423,34.5507948,2025-10,drone,0,4
Полтава,Харківська,Куп’янський,49.6949729,37.1753112,2025-10,drone,0,3
Полтавка,Дніпропетровська,Криворізький,47.66556,33.1152,2025-10,drone,0,1
Попівка,Вінницька,Вінницький,49.2296415,29.0642148,2025-10,drone,0,1
Попільня,Житомирська,Житомирський,49.9452873,29.4594464,2025-10,drone,0,1
Прибинь,Чернігівська,Корюківський,51.77444,32.2514,2025-10,drone,0,1
Прилужне,Вінницька,Могилів-Подільський,48.2400683,28.2779272,2025-10,,0,1
Прилуки,Житомирська,Коростенський,51.3259771,28.8026718,2025-10,drone,0,1
Прилуки,Чернігівська,Прилуцький,50.5950864,32.3866658,2025-10,drone,0,3
Путивль,Сумська,Конотопський,51.3359821,33.8715451,2025-10,drone,0,1
Південне,Одеська,Білгород-Дністровський,46.337597,29.986652,2025-10,drone,0,1
Південне,Харківська,Харківський,49.8847449,36.0666511,2025-10,drone,0,1
Рогань,Харківська,Харківський,49.9035,36.479103,2025-10,drone,0,1
Рокитне,Київська,Бориспільський,50.2758913,31.7634861,2025-10,drone,0,1
Ромни,Сумська,Роменський,50.74207,33.4877,2025-10,drone,0,2
Рівне,Вінницька,Могилів-Подільський,48.7130055,27.5355762,2025-10,drone,0,1
Ріпки,Харківська,Богодухівський,50.1601711,35.5220539,2025-10,drone,0,1
Ріпки,Чернігівська,Чернігівський,51.8036433,31.0931453,2025-10,drone,0,1
Савинці,Харківська,Ізюмський,49.39625,37.05036,2025-10,drone,0,1
Сатанів,Хмельницька,Хмельницький,49.2485345,26.2484407,2025-10,drone,0,1
Сахновщина,Харківська,Красноградський,49.1517351,35.875332,2025-10,drone,0,1
Седнів,Чернігівська,Чернігівський,51.64209,31.562403,2025-10,drone,0,1
Семенівка,Львівська,Львівський,49.7189582,23.9047288,2025-10,drone,0,1
Синельникове,Дніпропетровська,Синельниківський,48.3269304,35.5246984,2025-10,drone,0,2
Слава,Чернігівська,Корюківський,51.8187527,31.9448953,2025-10,drone,0,2
Слобожанське,Харківська,Ізюмський,49.4521336,36.8397826,2025-10,drone,0,1
Смоленка,Дніпропетровська,Кам’янський,48.207699,34.24868,2025-10,drone,0,1
Сміла,Черкаська,Черкаський,49.2336897,31.8829216,2025-10,drone,0,2
Сновськ,Чернігівська,Корюківський,51.8187527,31.9448953,2025-10,drone,0,2
Снігурівка,Миколаївська,Баштанський,47.070721,32.7924643,2025-10,drone,0,2
Соснова,Київська,Бориспільський,50.2026673,31.6137276,2025-10,drone,0,1
Соснівка,Сумська,Шосткинський,51.575661,34.099838,2025-10,drone,0,1
Ставки,Вінницька,Гайсинський,48.4439535,29.7482193,2025-10,drone,0,1
Стара Гута,Вінницька,Хмільницький,49.556175,27.9491205,2025-10,drone,0,1
Старий Колодязь,Дніпропетровська,Синельниківський,48.482418,36.350155,2025-10,drone,0,1
Старий Салтів,Харківська,Чугуївський,50.0760423,36.7936724,2025-10,drone,0,1
Степове,Дніпропетровська,Дніпровський,48.5307982,35.0828484,2025-10,drone,0,1
Суми,Сумська,Сумський,50.9119775,34.8027723,2025-10,drone,0,34
Суми,Сумська,Сумський,50.9119775,34.8027723,2025-10,kab,0,1
Суми,Сумська,Сумський,50.9119775,34.8027723,2025-10,shahed,0,1
Сумці,Харківська,Лозівський,49.394455,36.284039,2025-10,drone,0,1
Терни,Сумська,Роменський,50.8358991,33.8782826,2025-10,drone,0,1
Тростянець,Сумська,Охтирський,50.48046,34.96467,2025-10,shahed,0,1
Українка,Київська,Обухівський,50.1537167,30.7420742,2025-10,drone,0,2
Умань,Черкаська,Уманський,48.7497621,30.2203052,2025-10,drone,0,1
Фастів,Київська,Фастівський,50.0799307,29.9162821,2025-10,drone,0,2
Харків,Харківська,Харківський,49.9923181,36.2310146,2025-10,drone,0,32
Харківка,Сумська,Шосткинський,51.767231,34.06345,2025-10,shahed,0,1
Харківське,Донецька,Донецький,47.7952806,38.4798317,2025-10,kab,0,1
Харківці,Полтавська,Лубенський,50.2361111,32.5011111,2025-10,drone,0,1
Херсон,Херсонська,Херсонський,46.6412644,32.625794,2025-10,drone,0,2
Хмільник,Вінницька,Хмільницький,49.556175,27.9491205,2025-10,drone,0,1
Холми,Чернігівська,Корюківський,51.872562,32.595619,2025-10,drone,0,4
Царичанка,Дніпропетровська,Дніпровський,48.9434,34.48986,2025-10,drone,0,1
Цвіткове,Черкаська,Черкаський,49.2686,31.4331682,2025-10,drone,0,1
Чаплине,Дніпропетровська,Синельниківський,48.238911,36.217121,2025-10,drone,0,1
Черкас,Київська,Білоцерківський,49.694134,30.082663,2025-10,drone,0,2
Черкаси,Львівська,Львівський,49.6465416,23.8571249,2025-10,drone,0,1
Черкаси,Черкаська,Черкаський,49.4302723,32.0447228243568,2025-10,drone,0,1
Черкаське,Дніпропетровська,Новомосковський,48.7061619,35.379844,2025-10,drone,0,1
Чернече,Полтавська,Миргородський,50.40081,33.7537985,2025-10,shahed,0,1
Чернече,Черкаська,Черкаський,49.0775098,32.6664089,2025-10,drone,0,2
Чернещина,Полтавська,Полтавський,50.0621097,34.7496951,2025-10,drone,0,1
Чернишки,Сумська,Сумський,50.5814148,34.4761301,2025-10,drone,0,1
Чернишки,Сумська,Сумський,50.5814148,34.4761301,2025-10,shahed,0,1
Черняхів,Житомирська,Житомирський,50.45299,28.66573,2025-10,drone,0,1
Черняхівка,Київська,Бориспільський,50.2758913,31.7634861,2025-10,drone,0,1
Черняхівка,Кіровоградська,Кропивницький,48.473549,32.192291,2025-10,drone,0,2
Чернігів,Чернігівська,Чернігівський,51.494099,31.294332,2025-10,drone,0,20
Чернігівка,Дніпропетровська,Дніпровський,48.18399,34.565262,2025-10,drone,0,1
Чернігівка,Миколаївська,Вознесенський,47.418625,30.996822,2025-10,drone,0,1
Чернігівське,Харківська,Лозівський,48.8842428,36.3160254,2025-10,drone,0,1
Чигирин,Черкаська,Черкаський,49.0775098,32.6664089,2025-10,drone,0,1
Чорноморськ,Одеська,Одеський,46.3020943,30.653466,2025-10,drone,0,1
Чортків,Тернопільська,Чортківський,49.0160555,25.7925191,2025-10,drone,0,1
Чугуїв,Харківська,Чугуївський,49.8363648,36.6898157,2025-10,drone,0,6
Чутове,Полтавська,Полтавський,49.7216667,35.1694444,2025-10,drone,0,2
Шарівка,Харківська,Богодухівський,50.1601711,35.5220539,2025-10,drone,0,1
Шахтарське,Дніпропетровська,Павлоградський,48.494678,36.108971,2025-10,drone,0,2
Шевченкове,Дніпропетровська,Криворізький,47.9559565,33.525732,2025-10,drone,0,1
Шевченкове,Харківська,Красноградський,49.1517351,35.875332,2025-10,drone,0,1
Шостка,Сумська,Шосткинський,51.8643223,33.4728213,2025-10,drone,0,3
Шпола,Черкаська,Звенигородський,49.0132605,31.393139,2025-10,drone,0,4
Яготин,Київська,Бориспільський,50.2758913,31.7634861,2025-10,drone,0,1
Ямпіль,Сумська,Шосткинський,51.9481126,33.778454,2025-10,drone,0,1
Єреміївка,Одеська,Роздільнянський,46.8546716,30.0711363,2025-11,drone,0,1
Ізмаїл,Одеська,Ізмаїльський,45.3511307,28.8361514,2025-11,drone,0,11
Ізюм,Харківська,Ізюмський,49.1913721,37.2784125,2025-11,drone,0,4
Балаклія,Полтавська,Миргородський,49.6792533,33.7820696,2025-11,drone,0,2
Балаклія,Харківська,Ізюмський,49.4521336,36.8397826,2025-11,drone,0,4
Барвінкове,Сумська,Сумський,50.784302,34.829411,2025-11,drone,0,1
Барвінкове,Харківська,Ізюмський,48.9070045,37.0287573,2025-11,drone,0,3
Барвінок,Дніпропетровська,Дніпровський,48.18399,34.565262,2025-11,drone,0,2
Батурин,Чернігівська,Ніжинський,51.3413087,32.8778317,2025-11,drone,0,3
Бахмач,Чернігівська,Ніжинський,51.1801374,32.8165107,2025-11,drone,0,6
Баштанівка,Одеська,Білгород-Дністровський,45.8398696,29.6166537,2025-11,drone,0,1
Бердичів,Житомирська,Бердичівський,49.8940442,28.5814912,2025-11,drone,0,1
Березина,Вінницька,Вінницький,49.259651,28.36672,2025-11,drone,0,1
Березна,Чернігівська,Чернігівський,51.5778917,31.7902811,2025-11,drone,0,1
Березнегувате,Миколаївська,Баштанський,47.308722,32.8486739,2025-11,drone,0,1
Березнуватка,Дніпропетровська,Синельниківський,48.352551,35.45631,2025-11,drone,0,1
Березняки,Сумська,Роменський,50.8358991,33.8782826,2025-11,drone,0,1
Березове,Полтавська,Полтавський,49.7726802,35.0715767,2025-11,drone,0,1
Березівка,Одеська,Березівський,47.2016391,30.908595,2025-11,drone,0,1
Березівка,Полтавська,Лубенський,50.0118206,33.0030821,2025-11,drone,0,1
Березівка,Харківська,Богодухівський,50.0625892,35.1647821,2025-11,drone,0,1
Берислав,Херсонська,Бериславський,46.8357749,33.416743,2025-11,drone,0,1
Бишів,Київська,Фастівський,50.266571,29.88693,2025-11,drone,0,1
Близнюки,Харківська,Лозівський,48.85311,36.55186,2025-11,drone,0,5
Богодарівка,Дніпропетровська,Синельниківський,47.9808528,36.2333808,2025-11,drone,0,1
Богодарівка,Миколаївська,Вознесенський,47.696378,31.8489152,2025-11,drone,0,1
Богодухів,Харківська,Богодухівський,50.1601711,35.5220539,2025-11,drone,0,3
Богодухів,Харківська,Богодухівський,50.1601711,35.5220539,2025-11,kab,0,1
Борзівщина,Сумська,Охтирський,50.308109,34.80949,2025-11,drone,0,1
Бориспіль,Київська,Бориспільський,50.3512101,30.95077,2025-11,drone,0,2
Боровківка,Дніпропетровська,Кам’янський,48.6541915,34.3347779,2025-11,drone,0,2
Бородянка,Київська,Бучанський,50.6437677,29.9278296,2025-11,drone,0,1
Бровари,Київська,Броварський,50.5111168,30.7900482,2025-11,drone,0,1
Буринь,Сумська,Конотопський,51.1960431,33.8288042,2025-11,drone,0,1
Бурштин,Івано-Франківська,Івано-Франківський,49.2516287,24.6341893,2025-11,,0,1
Бурштин,Івано-Франківська,Івано-Франківський,49.2516287,24.6341893,2025-11,drone,0,1
Білгород-Дністровський,Одеська,Білгород-Дністровський,46.1909823,30.345784,2025-11,drone,0,3
Біле,Луганська,Алчевський,48.4806933,38.792133294414555,2025-11,,0,1
Біле,Харківська,Куп’янський,49.6604248,37.6984775,2025-11,drone,0,1
Білогородка,Київська,Бучанський,50.390171,30.22785,2025-11,drone,0,1
Білозерське,Дніпропетровська,Павлоградський,48.74599,36.01833,2025-11,drone,0,1
Білозерське,Донецька,Покровський,48.53313,37.05791,2025-11,drone,0,1
Білопілля,Сумська,Сумський,51.1460449,34.3121992,2025-11,drone,0,2
Бірки,Харківська,Харківський,49.7181212,35.8601594,2025-11,drone,0,1
Валки,Сумська,Сумський,50.5814148,34.4761301,2025-11,drone,0,1
Валки,Харківська,Богодухівський,49.8305999,35.6088208,2025-11,drone,0,1
Васильків,Київська,Обухівський,50.17387,30.32158,2025-11,drone,0,1
Васильківка,Дніпропетровська,Синельниківський,48.21041,36.03035,2025-11,drone,0,5
Василівка,Запорізька,Запорізький,47.946049,35.463181,2025-11,drone,0,2
Велика Тернівка,Запорізька,Мелітопольський,46.69636,35.15522,2025-11,drone,0,1
Великий Бурлук,Харківська,Куп’янський,50.05422,37.38939,2025-11,drone,0,1
Вилкове,Одеська,Ізмаїльський,45.40306,29.58309,2025-11,drone,0,1
Вишневе,Київська,Бучанський,50.3917497,30.3678999,2025-11,drone,0,1
Вознесенськ,Миколаївська,Вознесенський,47.5679582,31.3338636,2025-11,drone,0,1
Ворожба,Сумська,Сумський,51.1722411,34.2245008,2025-11,drone,0,2
Воронівка,Миколаївська,Вознесенський,47.356307,31.2367979,2025-11,drone,0,1
Вінницькі Стави,Київська,Білоцерківський,49.98402,30.007441,2025-11,drone,0,1
Вінниця,Вінницька,Вінницький,49.2320162,28.467975,2025-11,,0,1
Вінниця,Вінницька,Вінницький,49.2320162,28.467975,2025-11,drone,0,3
Гайсин,Вінницька,Гайсинський,48.8120874,29.3893874,2025-11,drone,0,1
Глухе,Дніпропетровська,Нікопольський,47.770885,34.729996,2025-11,drone,0,1
Гончарівське,Чернігівська,Чернігівський,51.2990164,30.9276044,2025-11,drone,0,1
Городище,Вінницька,Вінницький,49.3232593,28.0837586,2025-11,drone,0,1
Городище,Сумська,Роменський,50.819687,34.022835,2025-11,drone,0,2
Городня,Чернігівська,Чернігівський,51.8915393,31.595545,2025-11,drone,0,2
Городуватка,Дніпропетровська,Криворізький,47.66556,33.1152,2025-11,drone,0,2
Горішні Плавні,Полтавська,Кременчуцький,49.0140647,33.6330875,2025-11,drone,0,1
Губиниха,Дніпропетровська,Новомосковський,48.8082927,35.2563381,2025-11,drone,0,1
Гуляйгородок,Миколаївська,Баштанський,46.9581182,32.702749,2025-11,drone,0,1
Гуляйполе,Дніпропетровська,Кам’янський,48.207699,34.24868,2025-11,drone,0,1
Гуляйполе,Запорізька,Пологівський,47.6655382,36.2656849,2025-11,drone,0,1
Гути,Сумська,Конотопський,51.252941,33.124119,2025-11,drone,0,1
Гути,Харківська,Богодухівський,50.1601711,35.5220539,2025-11,drone,0,1
Гірницьке,Дніпропетровська,Криворізький,47.9102734,33.3917703,2025-11,drone,0,1
Диканька,Полтавська,Полтавський,49.8227778,34.5386111,2025-11,drone,0,2
Димер,Київська,Вишгородський,50.7835487,30.3078042,2025-11,drone,0,1
Дмитрівка,Чернігівська,Ніжинський,50.9343619,32.9457499,2025-11,drone,0,1
Дніпро,Дніпропетровська,Дніпровський,48.4680221,35.0417711,2025-11,drone,0,11
Добропасове,Дніпропетровська,Синельниківський,47.9808528,36.2333808,2025-11,drone,0,3
Добропілля,Донецька,Покровський,48.4441378,36.9162268,2025-11,drone,0,2
Домаха,Дніпропетровська,Павлоградський,48.550991,35.786591,2025-11,drone,0,1
Дружківка,Донецька,Краматорський,48.6198614,37.524945,2025-11,drone,0,1
Житомир,Житомирська,Житомирський,50.2598298,28.6692345,2025-11,,0,2
Житомир,Житомирська,Житомирський,50.2598298,28.6692345,2025-11,drone,0,1
Заводське,Полтавська,Миргородський,50.4052959,33.3973661,2025-11,drone,0,1
Запоріжжя,Дніпропетровська,Синельниківський,48.389278,36.315651,2025-11,drone,0,2
Запоріжжя,Запорізька,Запорізький,47.8507859,35.1182867,2025-11,drone,0,6
Запорізьке,Дніпропетровська,Криворізький,48.0482032,33.8668627,2025-11,drone,0,1
Запорізьке,Дніпропетровська,Нікопольський,47.8128265,34.7523182,2025-11,shahed,0,1
Затока,Одеська,Білгород-Дністровський,46.1458339,30.5255473,2025-11,drone,0,2
Затоки,Вінницька,Жмеринський,49.077621,27.6813781,2025-11,drone,0,2
Звенигородка,Кіровоградська,Олександрійський,48.670609,33.1169742,2025-11,drone,0,1
Звенигородка,Черкаська,Звенигородський,49.0767158,30.96138,2025-11,drone,0,1
Златопіль,Дніпропетровська,Криворізький,47.9559565,33.525732,2025-11,drone,0,3
Зміїв,Харківська,Чугуївський,49.6815177,36.354776,2025-11,drone,0,1
Зіньків,Полтавська,Полтавський,50.21026,34.35768,2025-11,drone,0,2
Кам'янець-Подільський,Хмельницька,Кам’янець-Подільський,48.6879663,26.6019747,2025-11,,0,1
Кам'янське,Дніпропетровська,Кам’янський,48.5167748,34.6068797,2025-11,drone,0,7
Канів,Черкаська,Черкаський,49.7551031,31.4610802,2025-11,drone,0,2
Карлівка,Донецька,Покровський,48.1997174,37.3399704,2025-11,drone,0,1
Карлівка,Полтавська,Полтавський,49.4537175,35.1374845,2025-11,drone,0,1
Кириківка,Сумська,Охтирський,50.337784,35.143055,2025-11,drone,0,1
Кирияківка,Полтавська,Кременчуцький,49.2311773,33.1206291,2025-11,drone,0,1
Київ,м. Київ,,50.4501,30.5234,2025-11,ballistic,0,2
Київ,м. Київ,,50.4501,30.5234,2025-11,drone,0,5
Київ,м. Київ,,50.4501,30.5234,2025-11,guided_air,0,1
Київ,м. Київ,,50.4501,30.5234,2025-11,shahed,0,1
Кобильне,Запорізька,Пологівський,47.3866992,37.0675861,2025-11,drone,0,1
Коблеве,Миколаївська,Миколаївський,46.6612599,31.2085145,2025-11,drone,0,1
Ковель,Волинська,Ковельський,51.2120538,24.708894,2025-11,drone,0,1
Козелець,Чернігівська,Чернігівський,50.9160647,31.1167509,2025-11,drone,0,2
Козятин,Вінницька,Хмільницький,49.7195867,28.8354279,2025-11,drone,0,1
Коломак,Полтавська,Полтавський,49.627499,34.687222,2025-11,drone,0,1
Коломак,Харківська,Богодухівський,49.8436,35.31349,2025-11,drone,0,3
Коломійцеве,Дніпропетровська,Криворізький,47.9102734,33.3917703,2025-11,drone,0,2
Комишня,Полтавська,Миргородський,50.1838006,33.679619,2025-11,drone,0,1
Комишуваха,Запорізька,Запорізький,47.7141975,35.5322725,2025-11,drone,0,2
Конотоп,Сумська,Конотопський,51.2397495,33.206675,2025-11,drone,0,5
Конотоп,Чернігівська,Чернігівський,51.8915393,31.595545,2025-11,drone,0,1
Контарне,Донецька,Горлівський,48.0550423,38.4459474,2025-11,drone,0,1
Коробчине,Дніпропетровська,Кам’янський,48.3747353,34.4569858,2025-11,drone,0,1
Корольки,Сумська,Конотопський,51.3359821,33.8715451,2025-11,drone,0,2
Корсунь-Шевченківський,Черкаська,Черкаський,49.418037,31.2556741,2025-11,drone,0,2
Корюківка,Чернігівська,Корюківський,51.77444,32.2514,2025-11,drone,0,7
Котельва,Полтавська,Полтавський,50.0621097,34.7496951,2025-11,drone,0,3
Крамарка,Дніпропетровська,Новомосковський,48.9145571,34.9291661,2025-11,drone,0,2
Красногорівка,Дніпропетровська,Синельниківський,48.2553506,36.7322839,2025-11,drone,0,1
Красногорівка,Донецька,Покровський,47.9401242,37.5022312,2025-11,kab,0,1
Красноград,Харківська,Красноградський,49.3741326,35.4494234,2025-11,drone,0,2
Краснопавлівка,Харківська,Лозівський,48.8842428,36.3160254,2025-11,drone,0,1
Краснопілля,Дніпропетровська,Новомосковський,49.118382,34.773186,2025-11,drone,0,4
Краснопілля,Миколаївська,Миколаївський,46.8544054,31.3874915,2025-11,drone,0,1
Краснопілля,Сумська,Сумський,50.7712539,35.2563391,2025-11,drone,0,1
Краснощокове,Дніпропетровська,Синельниківський,48.238911,36.217121,2025-11,drone,0,1
Красноярка,Миколаївська,Вознесенський,47.8641873,31.5747875,2025-11,drone,0,1
Кременчук,Полтавська,Кременчуцький,49.0629553,33.403516,2025-11,,0,2
Кременчук,Полтавська,Кременчуцький,49.0629553,33.403516,2025-11,drone,0,1
Кременівка,Дніпропетровська,Новомосковський,49.118382,34.773186,2025-11,drone,0,1
Криве,Житомирська,Житомирський,49.9452873,29.4594464,2025-11,drone,0,1
Кривий Ріг,Дніпропетровська,Криворізький,47.9102734,33.3917703,2025-11,drone,0,5
Кривий Ріг,Дніпропетровська,Криворізький,47.9102734,33.3917703,2025-11,shahed,0,1
Кролевець,Сумська,Конотопський,51.5548654,33.3875984,2025-11,drone,0,4
Кропивницький,Кіровоградська,Кропивницький,48.5105805,32.2656283,2025-11,drone,0,2
Кропивницький,Кіровоградська,Кропивницький,48.5105805,32.2656283,2025-11,shahed,0,1
Крюкове,Харківська,Лозівський,49.26566055,36.309462614397674,2025-11,drone,0,1
Куликівка,Чернігівська,Чернігівський,51.3735623,31.6455818,2025-11,drone,0,2
Куп'янськ,Харківська,Куп’янський,49.7132963,37.6141992,2025-11,drone,0,2
Ладижин,Вінницька,Гайсинський,48.6810505,29.2567642,2025-11,drone,0,1
Лебедин,Сумська,Сумський,50.5814148,34.4761301,2025-11,drone,0,2
Лебедине,Полтавська,Полтавський,49.1433333,34.2002778,2025-11,drone,0,1
Лебединське,Дніпропетровська,Нікопольський,47.748482,34.380531,2025-11,drone,0,2
Лиманське,Одеська,Роздільнянський,46.6618481,29.9760782,2025-11,drone,0,1
Лиманівка,Харківська,Красноградський,49.1954572,35.2408676,2025-11,drone,0,3
Лозова,Харківська,Красноградський,49.2862713,35.7694811,2025-11,drone,0,11
Лозова,Харківська,Лозівський,48.8842428,36.3160254,2025-11,kab,0,1
Лозове,Дніпропетровська,Синельниківський,48.45863,36.42483,2025-11,drone,0,12
Лозове,Донецька,Покровський,48.24612,37.60311,2025-11,drone,0,1
Лозове,Миколаївська,Баштанський,47.835215,32.8241797,2025-11,drone,0,1
Лозівка,Полтавська,Полтавський,49.5897423,34.5507948,2025-11,drone,0,2
Львів,Львівська,Львівський,49.841952,24.0315921,2025-11,,0,2
Львів,Львівська,Львівський,49.841952,24.0315921,2025-11,drone,0,4
Макошине,Чернігівська,Корюківський,51.52279,32.21638,2025-11,drone,0,2
Малинівка,Харківська,Чугуївський,49.8006602,36.7180703,2025-11,drone,0,1
Маловарварівка,Миколаївська,Миколаївський,46.9428387,31.5534457,2025-11,drone,0,1
Малокатеринівка,Запорізька,Запорізький,47.71671,35.20981,2025-11,drone,0,1
Мена,Чернігівська,Корюківський,51.52279,32.21638,2025-11,drone,0,7
Миколаїв,Львівська,Стрийський,49.5253714,23.9788155,2025-11,drone,0,1
Миколаїв,Миколаївська,Миколаївський,46.9758615,31.9939666,2025-11,drone,0,1
Миколаїв,Чернігівська,Ніжинський,50.7415033,31.3860852,2025-11,drone,0,2
Миколаївка,Сумська,Сумський,50.9395138,34.3729195,2025-11,drone,0,3
Муровані Курилівці,Вінницька,Могилів-Подільський,48.7130055,27.5355762,2025-11,drone,0,1
Нова Водолага,Харківська,Харківський,49.7181212,35.8601594,2025-11,drone,0,1
Нова Спарта,Сумська,Шосткинський,52.1886906,34.0306022,2025-11,drone,0,1
Нова Січ,Дніпропетровська,Криворізький,47.6617478,33.7180001,2025-11,drone,0,1
Новгород-Сіверський,Чернігівська,Новгород-Сіверський,52.004259,33.2779899,2025-11,drone,0,2
Нове,Дніпропетровська,Синельниківський,48.4286465,35.6728255,2025-11,drone,0,1
Нове,Дніпропетровська,Синельниківський,48.4286465,35.6728255,2025-11,shahed,0,1
Новомиколаївка,Запорізька,Запорізький,47.97146,35.89886,2025-11,drone,0,1
Новомосковськ,Дніпропетровська,Новомосковський,48.6358512,35.2595541,2025-11,drone,0,3
Новопокровка,Харківська,Лозівський,48.85311,36.55186,2025-11,drone,0,1
Новослобідське,Сумська,Конотопський,51.3749282,34.132125,2025-11,drone,0,1
Ніжин,Чернігівська,Ніжинський,51.0464747,31.8806289,2025-11,drone,0,3
Ніжинське,Сумська,Конотопський,51.5548654,33.3875984,2025-11,drone,0,1
Нікополь,Дніпропетровська,Нікопольський,47.5692061,34.3917272,2025-11,drone,0,5
Обухів,Київська,Обухівський,50.1101633,30.6269696,2025-11,drone,0,1
Обухівка,Дніпропетровська,Дніпровський,48.5495226,34.8545508,2025-11,drone,0,1
Одеса,Одеська,Одеський,46.4843023,30.7322878,2025-11,drone,0,37
Олександрівка,Вінницька,Вінницький,49.2296415,29.0642148,2025-11,drone,0,1
Олександрівка,Дніпропетровська,Нікопольський,47.748482,34.380531,2025-11,drone,0,2
Олександрівка,Миколаївська,Баштанський,47.5225573,32.923254,2025-11,drone,0,1
Охтирка,Сумська,Охтирський,50.3115386,34.8868923,2025-11,drone,0,2
Очаків,Миколаївська,Миколаївський,46.6145957,31.5452994,2025-11,drone,0,4
Павлоград,Дніпропетровська,Павлоградський,48.5316759,35.8703695,2025-11,drone,0,53
Павлоград,Дніпропетровська,Павлоградський,48.5316759,35.8703695,2025-11,guided_air,0,1
Павлоград,Дніпропетровська,Павлоградський,48.5316759,35.8703695,2025-11,shahed,0,1
Павлоградське,Донецька,Донецький,48.0158753,37.8013407,2025-11,drone,0,1
Павлівка,Вінницька,Вінницький,49.4848166,29.2579157,2025-11,drone,0,1
Павлівка,Полтавська,Полтавський,49.7726802,35.0715767,2025-11,drone,0,1
Парафіївка,Чернігівська,Прилуцький,50.8840075,32.6447189,2025-11,drone,0,1
Перемишляни,Львівська,Львівський,49.6693553,24.5584141,2025-11,drone,0,1
Петриківка,Дніпропетровська,Дніпровський,48.067799,34.613155,2025-11,drone,0,1
Петропавлівка,Дніпропетровська,Синельниківський,48.45863,36.42483,2025-11,drone,0,3
Полтава,Полтавська,Полтавський,49.5897423,34.5507948,2025-11,drone,0,4
Полтава,Харківська,Куп’янський,49.6949729,37.1753112,2025-11,drone,0,4
Полтавка,Дніпропетровська,Криворізький,47.66556,33.1152,2025-11,drone,0,4
Полтавське,Дніпропетровська,Синельниківський,48.399643,36.709404,2025-11,drone,0,1
Понорниця,Чернігівська,Новгород-Сіверський,51.720539,32.843971,2025-11,drone,0,1
Прилужжя,Сумська,Конотопський,51.30048,33.429016,2025-11,drone,0,1
Прилуки,Чернігівська,Прилуцький,50.5950864,32.3866658,2025-11,drone,0,1
Приліпка,Полтавська,Кременчуцький,49.2136111,33.8413889,2025-11,drone,0,1
Проліски,Київська,Бориспільський,50.378151,30.79125,2025-11,drone,0,1
Путивль,Сумська,Конотопський,51.3359821,33.8715451,2025-11,drone,0,2
Південне,Дніпропетровська,Нікопольський,47.748482,34.380531,2025-11,drone,0,2
Південне,Донецька,Бахмутський,48.3970469,37.8501378,2025-11,drone,0,1
Південне,Одеська,Білгород-Дністровський,46.337597,29.986652,2025-11,drone,0,2
Південне,Харківська,Харківський,49.984881,36.0681717,2025-11,drone,0,1
Радомишль,Житомирська,Житомирський,50.4961812,29.2289588,2025-11,drone,0,1
Решетилівка,Полтавська,Полтавський,49.5586111,34.0791667,2025-11,drone,0,1
Ромни,Сумська,Роменський,50.74207,33.4877,2025-11,drone,0,2
Ромодан,Полтавська,Миргородський,49.9923481,33.3207607,2025-11,drone,0,1
Рівне,Вінницька,Могилів-Подільський,48.7130055,27.5355762,2025-11,drone,0,1
Рівне,Дніпропетровська,Синельниківський,48.238911,36.217121,2025-11,drone,0,1
Ріпки,Харківська,Богодухівський,50.1601711,35.5220539,2025-11,drone,0,1
Ріпки,Чернігівська,Чернігівський,51.8036433,31.0931453,2025-11,drone,0,1
Савинці,Харківська,Ізюмський,49.39625,37.05036,2025-11,drone,0,2
Сахновщина,Харківська,Красноградський,49.1517351,35.875332,2025-11,drone,0,1
Седнів,Чернігівська,Чернігівський,51.64209,31.562403,2025-11,drone,0,4
Семенівка,Чернігівська,Корюківський,51.52279,32.21638,2025-11,drone,0,1
Синельникове,Дніпропетровська,Синельниківський,48.3269304,35.5246984,2025-11,drone,0,4
Скороходове,Полтавська,Полтавський,49.7726802,35.0715767,2025-11,kab,0,1
Слава,Чернігівська,Корюківський,51.8187527,31.9448953,2025-11,drone,0,1
Славгород,Дніпропетровська,Синельниківський,48.1009562,35.5171714,2025-11,drone,0,2
Славгород,Сумська,Сумський,50.7712539,35.2563391,2025-11,drone,0,1
Славне,Донецька,Покровський,47.9401242,37.5022312,2025-11,drone,0,1
Слободо-Петрівка,Полтавська,Лубенський,50.1206044,32.4289258,2025-11,drone,0,1
Слобожанське,Дніпропетровська,Дніпровський,48.5307982,35.0828484,2025-11,drone,0,2
Слобожанське,Харківська,Харківський,50.203121,36.422314,2025-11,drone,0,5
Смоліне,Кіровоградська,Новоукраїнський,48.6014602,31.2957107,2025-11,drone,0,1
Сміла,Черкаська,Черкаський,49.2336897,31.8829216,2025-11,drone,0,1
Сновидовичі,Житомирська,Коростенський,51.22272,27.64881,2025-11,drone,0,1
Сновськ,Чернігівська,Корюківський,51.8187527,31.9448953,2025-11,drone,0,6
Сосниця,Чернігівська,Корюківський,51.5244906,32.5028975,2025-11,drone,0,1
Соснове,Донецька,Краматорський,48.9801314,37.8168012,2025-11,drone,0,1
Соснівка,Сумська,Роменський,50.809021,33.767509,2025-11,drone,0,1
Ставки,Вінницька,Гайсинський,48.4439535,29.7482193,2025-11,drone,0,1
Старий Колодязь,Дніпропетровська,Синельниківський,48.482418,36.350155,2025-11,drone,0,1
Старий Самбір,Львівська,Самбірський,49.44406,23.0022677,2025-11,drone,0,1
Старикове,Сумська,Шосткинський,51.575661,34.099838,2025-11,drone,0,1
Старочуднівська Гута,Житомирська,Житомирський,50.146945,27.9214928,2025-11,,0,1
Степанівка,Сумська,Сумський,50.9417042,34.6422099,2025-11,drone,0,1
Суми,Сумська,Сумський,50.9119775,34.8027723,2025-11,drone,0,20
Теплик,Вінницька,Гайсинський,48.6636,29.74686,2025-11,drone,0,1
Терни,Сумська,Роменський,50.8358991,33.8782826,2025-11,drone,0,1
Тернопіль,Тернопільська,Тернопільський,49.5557716,25.591886,2025-11,,0,2
Тернувате,Дніпропетровська,Кам’янський,48.345341,33.84235,2025-11,drone,0,2
Тернувате,Запорізька,Запорізький,47.82932,36.12682,2025-11,drone,0,1
Тернівка,Дніпропетровська,Павлоградський,48.5222847,36.0713939,2025-11,drone,0,2
Тетіїв,Київська,Білоцерківський,49.3686166,29.6771098,2025-11,drone,0,1
Томаківка,Дніпропетровська,Нікопольський,47.8128265,34.7523182,2025-11,drone,0,2
Тростянець,Вінницька,Вінницький,49.1117881,28.6889425,2025-11,drone,0,1
Улянівка,Сумська,Сумський,50.9395138,34.3729195,2025-11,drone,0,2
Устинівка,Житомирська,Коростенський,50.7677902,29.2414346,2025-11,drone,0,1
Харкове,Чернігівська,Прилуцький,50.83168,33.13442,2025-11,drone,0,1
Харків,Харківська,Харківський,49.9923181,36.2310146,2025-11,drone,0,16
Херсон,Херсонська,Херсонський,46.6412644,32.625794,2025-11,drone,0,6
Холми,Чернігівська,Корюківський,51.872562,32.595619,2025-11,drone,0,8
Хорол,Полтавська,Лубенський,49.7822104,33.2740646,2025-11,drone,0,2
Чаплине,Дніпропетровська,Синельниківський,48.238911,36.217121,2025-11,drone,0,2
Чаплищі,Сумська,Конотопський,51.3749282,34.132125,2025-11,drone,0,1
Черкас,Київська,Білоцерківський,49.694134,30.082663,2025-11,drone,0,3
Чернишки,Сумська,Сумський,50.5814148,34.4761301,2025-11,drone,0,1
Чернігів,Чернігівська,Чернігівський,51.494099,31.294332,2025-11,drone,0,10
Чернігівське,Харківська,Лозівський,48.8842428,36.3160254,2025-11,drone,0,2
Чорноморськ,Одеська,Одеський,46.3020943,30.653466,2025-11,drone,0,6
Чорноморське,Одеська,Одеський,46.5849122,30.9334115,2025-11,drone,0,5
Чорнопарівка,Дніпропетровська,Дніпровський,48.18399,34.565262,2025-11,drone,0,1
Чугуєве,Дніпропетровська,Синельниківський,48.13591,36.79047,2025-11,drone,0,3
Чугуїв,Харківська,Чугуївський,49.8363648,36.6898157,2025-11,drone,0,4
Чутове,Полтавська,Полтавський,49.7216667,35.1694444,2025-11,drone,0,1
Шалигине,Сумська,Шосткинський,51.575661,34.099838,2025-11,drone,0,1
Шахтарське,Дніпропетровська,Павлоградський,48.494678,36.108971,2025-11,drone,0,4
Шевченкове,Дніпропетровська,Синельниківський,48.238911,36.217121,2025-11,drone,0,1
Шевченкове,Харківська,Красноградський,49.1517351,35.875332,2025-11,drone,0,1
Ширяєве,Сумська,Конотопський,51.3749282,34.132125,2025-11,drone,0,2
Шостка,Сумська,Шосткинський,51.8643223,33.4728213,2025-11,drone,0,5
Ямпіль,Сумська,Шосткинський,51.9481126,33.778454,2025-11,drone,0,1
Ізмаїл,Одеська,Ізмаїльський,45.3511307,28.8361514,2025-12,drone,0,1
Ізюм,Харківська,Ізюмський,49.1913721,37.2784125,2025-12,drone,0,6
Ізюм,Харківська,Ізюмський,49.1913721,37.2784125,2025-12,shahed,0,1
Ічня,Чернігівська,Прилуцький,50.8623444,32.3910144,2025-12,drone,0,1
Ананьїв,Одеська,Подільський,47.7178669,29.9601889,2025-12,drone,0,1
Арциз,Одеська,Болградський,45.9962017,29.431517,2025-12,drone,0,1
Балабине,Запорізька,Запорізький,47.71671,35.20981,2025-12,drone,0,1
Балаклія,Полтавська,Миргородський,49.6792533,33.7820696,2025-12,drone,0,1
Балаклія,Харківська,Ізюмський,49.4521336,36.8397826,2025-12,drone,0,4
Барвінкове,Харківська,Ізюмський,48.9070045,37.0287573,2025-12,drone,0,1
Барвінок,Дніпропетровська,Дніпровський,48.18399,34.565262,2025-12,drone,0,1
Батурин,Чернігівська,Ніжинський,51.3413087,32.8778317,2025-12,drone,0,1
Бахмач,Чернігівська,Ніжинський,51.1801374,32.8165107,2025-12,drone,0,2
Баштанка,Миколаївська,Баштанський,47.4033486,32.4388921,2025-12,drone,0,1
Березанка,Миколаївська,Миколаївський,46.8544054,31.3874915,2025-12,drone,0,1
Березна,Чернігівська,Чернігівський,51.5778917,31.7902811,2025-12,drone,0,2
Березняк,Дніпропетровська,Кам’янський,48.68626,33.922,2025-12,drone,0,1
Березняки,Полтавська,Лубенський,49.7822104,33.2740646,2025-12,drone,0,1
Берислав,Херсонська,Бериславський,46.8357749,33.416743,2025-12,drone,0,1
Близнюки,Харківська,Лозівський,48.85311,36.55186,2025-12,drone,0,2
Бобринець,Кіровоградська,Кропивницький,48.05729,32.15938,2025-12,drone,0,1
Богодухів,Харківська,Богодухівський,50.1601711,35.5220539,2025-12,drone,0,2
Богодухів,Харківська,Богодухівський,50.1601711,35.5220539,2025-12,shahed,0,1
Божедарівка,Дніпропетровська,Кам’янський,48.3601,34.11392,2025-12,drone,0,1
Болград,Одеська,Болградський,45.6779137,28.6132404,2025-12,drone,0,1
Бориспіль,Київська,Бориспільський,50.3512101,30.95077,2025-12,drone,0,1
Бородянка,Київська,Бучанський,50.6437677,29.9278296,2025-12,drone,0,2
Бородіно,Одеська,Болградський,46.3023788,29.2422721,2025-12,drone,0,1
Боротьба,Чернігівська,Прилуцький,50.6323917,32.3798861,2025-12,drone,0,1
Бровари,Київська,Броварський,50.5111168,30.7900482,2025-12,drone,0,4
Буринь,Сумська,Конотопський,51.1960431,33.8288042,2025-12,drone,0,2
Бурштин,Івано-Франківська,Івано-Франківський,49.2516287,24.6341893,2025-12,drone,0,2
Біла,Вінницька,Вінницький,49.339939,28.7260729,2025-12,drone,0,1
Білгород-Дністровський,Одеська,Білгород-Дністровський,46.1909823,30.345784,2025-12,drone,0,6
Білицьке,Донецька,Покровський,48.4683035,37.0903243,2025-12,drone,0,2
Білогородка,Київська,Бучанський,50.390171,30.22785,2025-12,drone,0,2
Білопіль,Волинська,Володимир-Волинський,50.738946,24.6482949,2025-12,drone,0,1
Білошиці,Житомирська,Коростенський,50.862558199999995,28.589190512469205,2025-12,drone,0,1
Біляївка,Запорізька,Запорізький,47.946049,35.463181,2025-12,drone,0,1
Бірки,Харківська,Чугуївський,49.6815177,36.354776,2025-12,drone,0,1
Валки,Харківська,Богодухівський,49.8305999,35.6088208,2025-12,drone,0,1
Варва,Чернігівська,Прилуцький,50.4982561,32.7228573,2025-12,drone,0,1
Васильків,Київська,Обухівський,50.17387,30.32158,2025-12,drone,0,2
Васильківка,Дніпропетровська,Синельниківський,48.21041,36.03035,2025-12,drone,0,2
Велика Костромка,Дніпропетровська,Криворізький,47.5668051,33.6474574,2025-12,drone,0,1
Велика Костромка,Дніпропетровська,Криворізький,47.5668051,33.6474574,2025-12,shahed,0,1
Велика Лепетиха,Херсонська,Каховський,47.178599,33.9428266,2025-12,drone,0,1
Великодолинське,Одеська,Одеський,46.3467158,30.5759542,2025-12,drone,0,1
Великодолинське,Одеська,Одеський,46.3467158,30.5759542,2025-12,kab,0,1
Вилкове,Одеська,Ізмаїльський,45.40306,29.58309,2025-12,drone,0,5
Високопілля,Херсонська,Бериславський,47.4933112,33.528245,2025-12,drone,0,1
Вишгород,Київська,Вишгородський,50.5824332,30.485121,2025-12,drone,0,3
Вознесенське,Дніпропетровська,Синельниківський,48.2553506,36.7322839,2025-12,drone,0,1
Волиця,Волинська,Ковельський,51.08299,24.52389,2025-12,drone,0,2
Ворожба,Сумська,Сумський,51.1722411,34.2245008,2025-12,drone,0,1
Вороновиця,Вінницька,Вінницький,49.1117881,28.6889425,2025-12,drone,0,1
Воронівка,Одеська,Одеський,46.696785,30.997566,2025-12,drone,0,1
Вільнянськ,Запорізька,Запорізький,47.9433,35.43159,2025-12,drone,0,1
Вільшани,Харківська,Харківський,49.984881,36.0681717,2025-12,drone,0,1
Гадяч,Полтавська,Миргородський,50.3701299,33.9950534,2025-12,drone,0,2
Глухе,Дніпропетровська,Нікопольський,47.770885,34.729996,2025-12,drone,0,1
Глухове,Полтавська,Полтавський,49.5897423,34.5507948,2025-12,drone,0,1
Гончарівське,Чернігівська,Чернігівський,51.2990164,30.9276044,2025-12,drone,0,1
Городище,Київська,Бориспільський,50.3512101,30.95077,2025-12,drone,0,1
Городище,Черкаська,Черкаський,49.2686,31.4331682,2025-12,drone,0,1
Городня,Чернігівська,Чернігівський,51.8915393,31.595545,2025-12,drone,0,3
Городок,Житомирська,Житомирський,50.5929252,29.4530965,2025-12,drone,0,1
Городуватка,Дніпропетровська,Криворізький,47.66556,33.1152,2025-12,drone,0,3
Гостомель,Київська,Бучанський,50.58826,30.25909,2025-12,drone,0,1
Дергачі,Харківська,Харківський,50.107307,36.1205965,2025-12,drone,0,2
Диканька,Полтавська,Полтавський,49.8227778,34.5386111,2025-12,drone,0,1
Димер,Київська,Вишгородський,50.7835487,30.3078042,2025-12,drone,0,1
Дніпро,Дніпропетровська,Дніпровський,48.4680221,35.0417711,2025-12,drone,0,11
Добощівка,Львівська,Яворівський,49.79235,23.147933,2025-12,drone,0,1
Добропасове,Дніпропетровська,Синельниківський,47.9808528,36.2333808,2025-12,drone,0,3
Добропілля,Донецька,Покровський,48.4683035,37.0903243,2025-12,drone,0,3
Доброслав,Одеська,Одеський,46.8193867,30.943207,2025-12,drone,0,1
Донець,Харківська,Чугуївський,49.5989864,36.5242153,2025-12,drone,0,1
Дружківка,Донецька,Краматорський,48.6198614,37.524945,2025-12,drone,0,1
Дубровиця,Рівненська,Сарненський,51.5709462,26.5660889,2025-12,drone,0,1
Заводське,Полтавська,Миргородський,50.4052959,33.3973661,2025-12,drone,0,1
Запоріжжя,Дніпропетровська,Кам’янський,48.4124318,33.7016613,2025-12,drone,0,2
Запоріжжя,Донецька,Волноваський,47.97781,36.74678,2025-12,kab,0,1
Запоріжжя,Запорізька,Запорізький,47.8507859,35.1182867,2025-12,drone,0,6
Запоріжжя,Кіровоградська,Олександрійський,48.721619,33.067471,2025-12,drone,0,1
Запорізьке,Дніпропетровська,Синельниківський,48.2553506,36.7322839,2025-12,drone,0,1
Затока,Одеська,Білгород-Дністровський,46.1458339,30.5255473,2025-12,drone,0,8
Затоки,Вінницька,Жмеринський,49.077621,27.6813781,2025-12,drone,0,1
Затон,Полтавська,Миргородський,49.7852778,33.7213889,2025-12,drone,0,1
Зеленівка,Херсонська,Херсонський,46.6412644,32.625794,2025-12,drone,0,1
Златопіль,Дніпропетровська,Криворізький,47.9559565,33.525732,2025-12,drone,0,1
Зміїв,Харківська,Чугуївський,49.6815177,36.354776,2025-12,drone,0,2
Зноб-Новгородське,Сумська,Шосткинський,52.264019,33.598251,2025-12,drone,0,1
Золотницьке,Дніпропетровська,Кам’янський,48.68626,33.922,2025-12,shahed,0,1
Золотоноша,Черкаська,Золотоніський,49.6689719,32.0427439,2025-12,drone,0,1
Золочівське,Одеська,Березівський,47.346951,30.30682,2025-12,drone,0,1
Кагарлик,Київська,Обухівський,49.8650658,30.8226786,2025-12,drone,0,1
Кам'янське,Дніпропетровська,Криворізький,47.9559565,33.525732,2025-12,drone,0,2
Канів,Черкаська,Черкаський,49.7551031,31.4610802,2025-12,drone,0,1
Кириківка,Сумська,Охтирський,50.337784,35.143055,2025-12,drone,0,1
Київ,м. Київ,,50.4501,30.5234,2025-12,,0,1
Київ,м. Київ,,50.4501,30.5234,2025-12,drone,0,19
Ковель,Волинська,Ковельський,51.2120538,24.708894,2025-12,drone,0,3
Козаче,Дніпропетровська,Кам’янський,48.207699,34.24868,2025-12,drone,0,1
Козельщина,Полтавська,Кременчуцький,49.2136111,33.8413889,2025-12,drone,0,1
Козятин,Вінницька,Хмільницький,49.7195867,28.8354279,2025-12,drone,0,1
Коломийці,Сумська,Сумський,50.881664,34.71088,2025-12,drone,0,1
Комишуваха,Запорізька,Запорізький,47.7141975,35.5322725,2025-12,drone,0,2
Конотоп,Сумська,Конотопський,51.2397495,33.206675,2025-12,drone,0,2
Конотоп,Хмельницька,Шепетівський,50.288891,27.31098,2025-12,drone,0,1
Короп,Чернігівська,Новгород-Сіверський,51.5671394,32.9520532,2025-12,drone,0,1
Коростень,Житомирська,Коростенський,51.0060511,28.5875505,2025-12,drone,0,3
Коростишів,Житомирська,Житомирський,50.3201518,29.0584885,2025-12,drone,0,2
Коростівці,Вінницька,Жмеринський,49.0354593,28.1147317,2025-12,drone,0,1
Корюківка,Чернігівська,Корюківський,51.77444,32.2514,2025-12,drone,0,1
Костопіль,Рівненська,Рівненський,50.8792198,26.4533981,2025-12,drone,0,1
Крамарка,Дніпропетровська,Новомосковський,48.9145571,34.9291661,2025-12,drone,0,1
Краматорськ,Донецька,Краматорський,48.7389415,37.5843812,2025-12,drone,0,3
Красне,Полтавська,Полтавський,49.51469,35.293919,2025-12,drone,0,1
Краснопілля,Дніпропетровська,Новомосковський,49.118382,34.773186,2025-12,drone,0,1
Краснопілля,Сумська,Сумський,50.7712539,35.2563391,2025-12,drone,0,2
Краснопіль,Житомирська,Бердичівський,49.833641,28.0529,2025-12,drone,0,1
Кременище,Київська,Обухівський,50.272751,30.522079,2025-12,drone,0,2
Кременчук,Полтавська,Кременчуцький,49.0629553,33.403516,2025-12,drone,0,9
Кременівка,Донецька,Маріупольський,47.303725,37.5980463,2025-12,drone,0,1
Кремінне,Вінницька,Могилів-Подільський,48.512192,27.63199,2025-12,drone,0,3
Кривий Ріг,Дніпропетровська,Криворізький,47.9102734,33.3917703,2025-12,drone,0,4
Кривий Ріг,Херсонська,Генічеський,46.3558121,34.3363579,2025-12,drone,0,2
Кринички,Дніпропетровська,Кам’янський,48.3747353,34.4569858,2025-12,drone,0,1
Кропивницький,Кіровоградська,Кропивницький,48.5105805,32.2656283,2025-12,drone,0,3
Куликівка,Черкаська,Черкаський,49.1179888,32.0728522,2025-12,drone,0,1
Куликівка,Чернігівська,Прилуцький,50.8623444,32.3910144,2025-12,drone,0,2
Куп'янськ,Харківська,Куп’янський,49.7132963,37.6141992,2025-12,drone,0,2
Курортне,Харківська,Чугуївський,49.5989864,36.5242153,2025-12,drone,0,1
Лебедин,Сумська,Сумський,50.5814148,34.4761301,2025-12,drone,0,1
Лебедівка,Одеська,Білгород-Дністровський,45.871349,30.08778,2025-12,drone,0,2
Лиман,Донецька,Покровський,48.4441378,36.9162268,2025-12,drone,0,1
Лиманка,Одеська,Одеський,46.367195,30.651262,2025-12,drone,0,1
Липове,Полтавська,Лубенський,50.2733333,32.9383333,2025-12,drone,0,1
Липовець,Вінницька,Вінницький,49.2296415,29.0642148,2025-12,drone,0,1
Лозова,Харківська,Богодухівський,50.1601711,35.5220539,2025-12,drone,0,5
Лубни,Полтавська,Лубенський,50.0118206,33.0030821,2025-12,drone,0,2
Луцьк,Волинська,Луцький,50.7450733,25.320078,2025-12,drone,0,2
Любеч,Чернігівська,Чернігівський,51.7004629,30.658659,2025-12,drone,0,1
Малин,Житомирська,Коростенський,50.7677902,29.2414346,2025-12,drone,0,1
Малокатеринівка,Запорізька,Запорізький,47.71671,35.20981,2025-12,drone,0,1
Маяк,Запорізька,Мелітопольський,46.894451,35.416489,2025-12,drone,0,1
Маяки,Одеська,Одеський,46.413799,30.26836,2025-12,drone,0,2
Межова,Дніпропетровська,Синельниківський,48.2553506,36.7322839,2025-12,drone,0,1
Мена,Чернігівська,Корюківський,51.52279,32.21638,2025-12,drone,0,4
Мерефа,Харківська,Харківський,49.8183386,36.0628675,2025-12,kab,0,1
Миколаїв,Чернігівська,Ніжинський,50.7415033,31.3860852,2025-12,drone,0,4
Миколаївка,Сумська,Конотопський,51.1960431,33.8288042,2025-12,drone,0,1
Миргород,Полтавська,Миргородський,49.9658333,33.6113889,2025-12,drone,0,3
Мирноград,Донецька,Покровський,48.30791,37.2591,2025-12,drone,0,1
Михайло-Коцюбинське,Чернігівська,Чернігівський,51.4502116,31.0792876,2025-12,drone,0,1
Молдове,Одеська,Білгород-Дністровський,46.094894,29.715511,2025-12,drone,0,1
Недригайлів,Сумська,Роменський,50.8358991,33.8782826,2025-12,drone,0,1
Недригайлів,Сумська,Роменський,50.8358991,33.8782826,2025-12,kab,0,1
Немирів,Вінницька,Вінницький,48.9654035,28.8430131,2025-12,drone,0,1
Новгород-Сіверський,Чернігівська,Новгород-Сіверський,52.004259,33.2779899,2025-12,drone,0,1
Новгородське,Сумська,Охтирський,50.619511,34.967079,2025-12,drone,0,1
Новомосковськ,Дніпропетровська,Новомосковський,48.6358512,35.2595541,2025-12,drone,0,1
Новосілки,Київська,Фастівський,50.341434,30.427101,2025-12,drone,0,1
Новоукраїнка,Кіровоградська,Новоукраїнський,48.3250616,31.522047,2025-12,shahed,0,1
Нові Обиходи,Вінницька,Гайсинський,48.875095,29.082228,2025-12,drone,0,1
Ніжин,Чернігівська,Ніжинський,51.0464747,31.8806289,2025-12,drone,0,4
Ніжинське,Сумська,Конотопський,51.5548654,33.3875984,2025-12,drone,0,1
Нікополь,Дніпропетровська,Нікопольський,47.5692061,34.3917272,2025-12,drone,0,5
Нікополь,Харківська,Ізюмський,48.9070045,37.0287573,2025-12,drone,0,4
Обухів,Київська,Обухівський,50.1101633,30.6269696,2025-12,drone,0,1
Овідіополь,Одеська,Одеський,46.2473734,30.4448614,2025-12,drone,0,3
Одеса,Одеська,Одеський,46.4843023,30.7322878,2025-12,drone,0,34
Олександрівка,Донецька,Краматорський,48.7073967,36.9207752,2025-12,drone,0,1
Оріхове,Дніпропетровська,Дніпровський,48.20423,34.87713,2025-12,drone,0,1
Оріхів,Запорізька,Пологівський,47.5691902,35.7789871,2025-12,drone,0,1
Охтирка,Сумська,Охтирський,50.3115386,34.8868923,2025-12,drone,0,4
Павлоград,Дніпропетровська,Павлоградський,48.5316759,35.8703695,2025-12,drone,0,14
Павлоград,Луганська,Сєвєродонецький,48.9478698,38.4936475,2025-12,drone,0,1
Петропавлівка,Дніпропетровська,Синельниківський,48.45863,36.42483,2025-12,drone,0,4
Пирятин,Полтавська,Лубенський,50.2361111,32.5011111,2025-12,drone,0,4
Письменне,Дніпропетровська,Синельниківський,48.21041,36.03035,2025-12,drone,0,1
Погребище,Вінницька,Вінницький,49.4848166,29.2579157,2025-12,drone,0,2
Покровськ,Донецька,Покровський,48.2771086,37.1772482,2025-12,drone,0,1
Покровське,Дніпропетровська,Синельниківський,47.9808528,36.2333808,2025-12,drone,0,2
Полтава,Полтавська,Полтавський,49.5897423,34.5507948,2025-12,drone,0,3
Полтавка,Дніпропетровська,Криворізький,47.66556,33.1152,2025-12,drone,0,1
Пономаренки,Харківська,Харківський,49.9035,36.479103,2025-12,drone,0,1
Прилуки,Чернігівська,Прилуцький,50.5950864,32.3866658,2025-12,drone,0,2
Приліпка,Полтавська,Кременчуцький,49.2136111,33.8413889,2025-12,drone,0,1
Путивль,Сумська,Конотопський,51.3359821,33.8715451,2025-12,drone,0,2
Путивль,Сумська,Конотопський,51.3359821,33.8715451,2025-12,kab,0,1
Південне,Дніпропетровська,Нікопольський,47.748482,34.380531,2025-12,drone,0,1
Південне,Запорізька,Мелітопольський,46.894451,35.416489,2025-12,drone,0,2
Південне,Одеська,Білгород-Дністровський,46.337597,29.986652,2025-12,drone,0,6
Південне,Харківська,Харківський,49.8847449,36.0666511,2025-12,drone,0,2
Рені,Одеська,Ізмаїльський,45.455413,28.2790948,2025-12,drone,0,2
Решетилівка,Полтавська,Полтавський,49.5586111,34.0791667,2025-12,drone,0,1
Роздільна,Одеська,Роздільнянський,46.8546716,30.0711363,2025-12,drone,0,1
Ромни,Сумська,Роменський,50.74207,33.4877,2025-12,drone,0,5
Ропове,Миколаївська,Баштанський,47.5225573,32.923254,2025-12,drone,0,1
Рівне,Кіровоградська,Новоукраїнський,48.2450076,31.7477038,2025-12,shahed,0,1
Ріпки,Хмельницька,Шепетівський,50.1194691,26.8207625,2025-12,drone,0,1
Савинці,Харківська,Ізюмський,49.39625,37.05036,2025-12,drone,0,1
Сарата,Одеська,Білгород-Дністровський,46.0220664,29.6648751,2025-12,drone,0,3
Седнів,Чернігівська,Чернігівський,51.64209,31.562403,2025-12,drone,0,3
Семенівка,Чернігівська,Новгород-Сіверський,52.17853,32.57755,2025-12,drone,0,1
Сергіївка,Запорізька,Запорізький,47.951923,35.253956,2025-12,drone,0,1
Сергіївка,Одеська,Білгород-Дністровський,46.02756,30.37273,2025-12,drone,0,4
Синельникове,Дніпропетровська,Синельниківський,48.3269304,35.5246984,2025-12,drone,0,4
Скороходове,Полтавська,Полтавський,49.7726802,35.0715767,2025-12,drone,0,1
Слава,Чернігівська,Корюківський,51.8187527,31.9448953,2025-12,drone,0,5
Славгород,Дніпропетровська,Синельниківський,48.1009562,35.5171714,2025-12,drone,0,2
Славутич,Київська,Вишгородський,51.5201397,30.7562301,2025-12,drone,0,1
Слобожанське,Харківська,Красноградський,49.55555,35.748138,2025-12,drone,0,1
Слов'янськ,Донецька,Краматорський,48.8522691,37.6058241,2025-12,drone,0,4
Сновськ,Чернігівська,Корюківський,51.8187527,31.9448953,2025-12,drone,0,4
Сосниця,Чернігівська,Корюківський,51.5244906,32.5028975,2025-12,drone,0,1
Соснівка,Житомирська,Коростенський,50.7677902,29.2414346,2025-12,drone,0,1
Срібне,Чернігівська,Прилуцький,50.661573,32.9174152,2025-12,drone,0,2
Старий Колодязь,Дніпропетровська,Синельниківський,48.482418,36.350155,2025-12,shahed,0,1
Старий Крим,Донецька,Маріупольський,47.0957648,37.5499621,2025-12,drone,0,1
Суми,Сумська,Сумський,50.9119775,34.8027723,2025-12,drone,0,21
Суми,Сумська,Сумський,50.9119775,34.8027723,2025-12,shahed,0,1
Сумці,Харківська,Лозівський,49.394455,36.284039,2025-12,drone,0,1
Таврійськ,Херсонська,Каховський,46.7550442,33.4248309,2025-12,drone,0,1
Татарбунари,Одеська,Білгород-Дністровський,45.8398696,29.6166537,2025-12,drone,0,3
Татарбунари,Одеська,Білгород-Дністровський,45.8398696,29.6166537,2025-12,shahed,0,1
Теплодар,Одеська,Одеський,46.5050729,30.3272329,2025-12,drone,0,1
Томаківка,Дніпропетровська,Нікопольський,47.8128265,34.7523182,2025-12,drone,0,1
Тростянець,Сумська,Охтирський,50.48046,34.96467,2025-12,drone,0,1
Тузли,Одеська,Білгород-Дністровський,45.871349,30.08778,2025-12,drone,0,2
Турійськ,Волинська,Ковельський,51.08299,24.52389,2025-12,drone,0,1
Українськ,Донецька,Покровський,48.15015,37.3018921,2025-12,drone,0,1
Улянівка,Сумська,Сумський,50.9395138,34.3729195,2025-12,drone,0,1
Умань,Черкаська,Уманський,48.7497621,30.2203052,2025-12,,0,1
Фастів,Київська,Фастівський,50.0799307,29.9162821,2025-12,drone,0,1
Харків,Харківська,Харківський,49.9923181,36.2310146,2025-12,drone,0,17
Харківське,Донецька,Донецький,47.7952806,38.4798317,2025-12,kab,0,1
Херсон,Херсонська,Херсонський,46.6412644,32.625794,2025-12,drone,0,4
Херсонес,Донецька,Маріупольський,47.303725,37.5980463,2025-12,drone,0,1
Хмельницьке,Вінницька,Тульчинський,48.6730485,28.8569476,2025-12,drone,0,1
Хмельницький,Хмельницька,Хмельницький,49.4196404,26.9793793,2025-12,drone,0,1
Хмільник,Вінницька,Хмільницький,49.556175,27.9491205,2025-12,,0,1
Хмільник,Вінницька,Хмільницький,49.556175,27.9491205,2025-12,drone,0,1
Холми,Чернігівська,Корюківський,51.872562,32.595619,2025-12,drone,0,2
Хороша,Вінницька,Гайсинський,48.8120874,29.3893874,2025-12,drone,0,1
Хутір,Хмельницька,Шепетівський,50.288891,27.31098,2025-12,drone,0,1
Чаплине,Дніпропетровська,Синельниківський,48.238911,36.217121,2025-12,drone,0,1
Черкас,Київська,Білоцерківський,49.694134,30.082663,2025-12,drone,0,3
Черкаські Тишки,Харківська,Харківський,50.08289,36.385342,2025-12,drone,0,1
Черненко,Донецька,Маріупольський,47.1701321,37.6952892,2025-12,drone,0,1
Чернишки,Сумська,Сумський,50.5814148,34.4761301,2025-12,drone,0,1
Черняхів,Житомирська,Житомирський,50.45299,28.66573,2025-12,drone,0,1
Черняхівка,Київська,Бориспільський,50.2758913,31.7634861,2025-12,drone,0,2
Черняхівка,Кіровоградська,Кропивницький,48.473549,32.192291,2025-12,drone,0,1
Чернівці,Вінницька,Могилів-Подільський,48.5406973,28.1221153,2025-12,drone,0,1
Чернігів,Чернігівська,Чернігівський,51.494099,31.294332,2025-12,drone,0,16
Чернігівка,Дніпропетровська,Дніпровський,48.18399,34.565262,2025-12,drone,0,3
Чигирин,Черкаська,Черкаський,49.0775098,32.6664089,2025-12,,0,1
Чорне,Харківська,Куп’янський,50.185158,37.5181193,2025-12,shahed,0,1
Чорногорці,Чернігівська,Корюківський,51.52279,32.21638,2025-12,drone,0,1
Чорноморськ,Одеська,Одеський,46.3020943,30.653466,2025-12,drone,0,12
Чорноморське,Одеська,Одеський,46.5849122,30.9334115,2025-12,drone,0,7
Чорнотичі,Чернігівська,Корюківський,51.5244906,32.5028975,2025-12,drone,0,1
Чугуно-Крепинка,Донецька,Горлівський,48.0220754,38.7634612,2025-12,drone,0,1
Чугуїв,Харківська,Чугуївський,49.8363648,36.6898157,2025-12,drone,0,4
Чугуїв,Харківська,Чугуївський,49.8363648,36.6898157,2025-12,kab,0,1
Чуднів,Житомирська,Житомирський,50.0524287,28.1153765,2025-12,drone,0,1
Шахтарське,Дніпропетровська,Синельниківський,48.4043673,35.275539,2025-12,drone,0,4
Шевченко,Дніпропетровська,Синельниківський,48.21041,36.03035,2025-12,drone,0,2
Шевченко,Донецька,Покровський,48.2771086,37.1772482,2025-12,drone,0,1
Шевченкове,Запорізька,Бердянський,47.09392,36.59031,2025-12,drone,0,1
Шевченкове,Харківська,Богодухівський,49.8305999,35.6088208,2025-12,drone,0,3
Шепетівка,Хмельницька,Шепетівський,50.1809437,27.0651783,2025-12,drone,0,1
Шилівка,Полтавська,Полтавський,50.21026,34.35768,2025-12,drone,0,1
Шишаки,Полтавська,Миргородський,49.8764366,34.0069282,2025-12,drone,0,1
Шостаки,Полтавська,Полтавський,49.5897423,34.5507948,2025-12,drone,0,1
Шостаківка,Донецька,Краматорський,48.6342604,36.9819183,2025-12,drone,0,1
Шостка,Сумська,Шосткинський,51.8643223,33.4728213,2025-12,drone,0,2
Ямпіль,Сумська,Шосткинський,51.9481126,33.778454,2025-12,drone,0,1
Єланець,Миколаївська,Вознесенський,47.696378,31.8489152,2026-01,drone,0,1
Ізмаїл,Одеська,Ізмаїльський,45.3511307,28.8361514,2026-01,drone,0,1
Ізюм,Харківська,Ізюмський,49.1913721,37.2784125,2026-01,drone,0,2
Ічня,Чернігівська,Прилуцький,50.8623444,32.3910144,2026-01,drone,0,3
Авіаторське,Дніпропетровська,Дніпровський,48.4680221,35.0417711,2026-01,drone,0,1
Апостолове,Дніпропетровська,Криворізький,47.6617478,33.7180001,2026-01,drone,0,2
Балаклія,Харківська,Ізюмський,49.4521336,36.8397826,2026-01,drone,0,1
Барвінкове,Сумська,Сумський,50.784302,34.829411,2026-01,drone,0,1
Барвінкове,Харківська,Ізюмський,48.9070045,37.0287573,2026-01,drone,0,1
Баришівка,Київська,Броварський,50.3645295,31.3256722,2026-01,drone,0,1
Батурин,Чернігівська,Ніжинський,51.3413087,32.8778317,2026-01,drone,0,2
Бахмач,Чернігівська,Ніжинський,51.1801374,32.8165107,2026-01,drone,0,1
Баштанка,Миколаївська,Баштанський,47.4033486,32.4388921,2026-01,drone,0,1
Березанка,Миколаївська,Миколаївський,46.8544054,31.3874915,2026-01,drone,0,2
Березань,Одеська,Одеський,46.614494,30.39809,2026-01,drone,0,1
Березна,Чернігівська,Чернігівський,51.5778917,31.7902811,2026-01,drone,0,2
Березнегувате,Кіровоградська,Кропивницький,48.2497235,32.2043672,2026-01,drone,0,1
Березняк,Дніпропетровська,Кам’янський,48.68626,33.922,2026-01,drone,0,1
Березівка,Харківська,Харківський,49.9622881,36.1239316,2026-01,drone,0,1
Берестечко,Волинська,Луцький,50.3585756,25.1209852,2026-01,drone,0,1
Близнюки,Харківська,Лозівський,48.85311,36.55186,2026-01,drone,0,1
Богодарівка,Дніпропетровська,Синельниківський,47.9808528,36.2333808,2026-01,drone,0,1
Богодухів,Харківська,Богодухівський,50.1601711,35.5220539,2026-01,drone,0,1
Божедарівка,Дніпропетровська,Кам’янський,48.3601,34.11392,2026-01,drone,0,3
Болгарка,Миколаївська,Первомайський,47.8594344,30.5891291,2026-01,drone,0,1
Борзна,Чернігівська,Ніжинський,51.2534475,32.4263156,2026-01,drone,0,2
Бориспіль,Київська,Бориспільський,50.3512101,30.95077,2026-01,cruise,0,1
Бориспіль,Київська,Бориспільський,50.3512101,30.95077,2026-01,drone,0,4
Бородянка,Київська,Бучанський,50.6437677,29.9278296,2026-01,drone,0,1
Боярка,Київська,Фастівський,50.3356709,30.2847595,2026-01,drone,0,1
Бровари,Київська,Броварський,50.5111168,30.7900482,2026-01,drone,0,8
Бровки Другі,Житомирська,Бердичівський,50.0301392,29.0222111,2026-01,drone,0,1
Броди,Житомирська,Коростенський,50.862558199999995,28.589190512469205,2026-01,drone,0,1
Бучмани,Житомирська,Коростенський,51.106682,28.01548,2026-01,drone,0,2
Білгород-Дністровський,Одеська,Білгород-Дністровський,46.1909823,30.345784,2026-01,drone,0,5
Білопілля,Вінницька,Хмільницький,49.77356,28.72891,2026-01,drone,0,1
Валки,Житомирська,Житомирський,50.6933301,28.6396035,2026-01,drone,0,1
Валки,Харківська,Богодухівський,49.8305999,35.6088208,2026-01,drone,0,1
Васильків,Київська,Обухівський,50.17387,30.32158,2026-01,drone,0,2
Васильківка,Дніпропетровська,Синельниківський,48.21041,36.03035,2026-01,drone,0,7
Велика Багачка,Полтавська,Миргородський,49.7852778,33.7213889,2026-01,drone,0,2
Велика Виска,Кіровоградська,Новоукраїнський,48.566271,31.855744,2026-01,drone,0,1
Велика Лепетиха,Херсонська,Каховський,47.178599,33.9428266,2026-01,drone,0,1
Великокозирщина,Дніпропетровська,Новомосковський,49.0814029,35.218048,2026-01,drone,0,4
Великопілля,Миколаївська,Баштанський,46.9581182,32.702749,2026-01,drone,0,1
Великі Мости,Львівська,Червоноградський,50.240162,24.1385486,2026-01,drone,0,2
Вилкове,Одеська,Ізмаїльський,45.40306,29.58309,2026-01,drone,0,2
Висипівці,Тернопільська,Тернопільський,49.627991,25.33173,2026-01,drone,0,1
Вишгород,Київська,Вишгородський,50.5824332,30.485121,2026-01,drone,0,7
Волиця,Волинська,Ковельський,51.08299,24.52389,2026-01,drone,0,5
Ворожба,Сумська,Сумський,51.1722411,34.2245008,2026-01,drone,0,1
Воронівка,Миколаївська,Вознесенський,47.356307,31.2367979,2026-01,drone,0,1
Вільногірськ,Дніпропетровська,Кам’янський,48.49365,34.02328,2026-01,drone,0,5
Вільнянськ,Запорізька,Запорізький,47.9433,35.43159,2026-01,drone,0,15
Глибне,Сумська,Сумський,50.7712539,35.2563391,2026-01,drone,0,1
Глухів,Сумська,Шосткинський,51.67831,33.9093,2026-01,drone,0,1
Голоби,Волинська,Ковельський,51.0859784,25.015465,2026-01,drone,0,1
Головкове,Дніпропетровська,Нікопольський,47.748482,34.380531,2026-01,drone,0,1
Гончарове,Дніпропетровська,Криворізький,48.103291,33.751369,2026-01,drone,0,1
Гончарі,Полтавська,Миргородський,49.8764366,34.0069282,2026-01,drone,0,1
Горностаївка,Чернігівська,Чернігівський,52.063057,31.173548,2026-01,drone,0,1
Городище,Київська,Білоцерківський,49.7969703,30.1158069,2026-01,drone,0,1
Городище,Полтавська,Лубенський,50.2733333,32.9383333,2026-01,drone,0,1
Городниця,Житомирська,Новоград-Волинський,50.80627,27.31407,2026-01,drone,0,1
Городня,Чернігівська,Прилуцький,50.8623444,32.3910144,2026-01,drone,0,4
Городуватка,Дніпропетровська,Криворізький,47.66556,33.1152,2026-01,drone,0,2
Гоща,Рівненська,Рівненський,50.60466,26.6827977,2026-01,drone,0,1
Губиниха,Дніпропетровська,Новомосковський,48.8082927,35.2563381,2026-01,drone,0,1
Гуляйполе,Дніпропетровська,Кам’янський,48.207699,34.24868,2026-01,drone,0,1
Гути,Сумська,Конотопський,51.252941,33.124119,2026-01,drone,0,3
Деражне,Рівненська,Рівненський,50.862228,26.047899,2026-01,drone,0,1
Дніпро,Дніпропетровська,Дніпровський,48.4680221,35.0417711,2026-01,drone,0,21
Дніпрорудне,Запорізька,Василівський,47.3899205,35.0028481,2026-01,drone,0,2
Дніпрорудне,Запорізька,Василівський,47.3899205,35.0028481,2026-01,kab,0,1
Добраничівка,Київська,Бориспільський,50.2758913,31.7634861,2026-01,drone,0,1
Добровільське,Миколаївська,Баштанський,47.835215,32.8241797,2026-01,drone,0,1
Добропасове,Дніпропетровська,Синельниківський,47.9808528,36.2333808,2026-01,drone,0,1
Добропілля,Донецька,Покровський,48.4441378,36.9162268,2026-01,drone,0,2
Долинська,Кіровоградська,Кропивницький,48.1164313,32.7638204,2026-01,drone,0,1
Долинське,Дніпропетровська,Дніпровський,48.3615514,34.6844602,2026-01,drone,0,1
Драбинівка,Полтавська,Полтавський,49.272533,34.592682,2026-01,drone,0,1
Дубровиця,Рівненська,Сарненський,51.5709462,26.5660889,2026-01,drone,0,3
Житомир,Житомирська,Житомирський,50.2598298,28.6692345,2026-01,drone,0,5
Запоріжжя,Дніпропетровська,Новомосковський,48.9145571,34.9291661,2026-01,drone,0,9
Запоріжжя,Запорізька,Запорізький,47.8507859,35.1182867,2026-01,drone,0,15
Запоріжжя,Запорізька,Запорізький,47.8507859,35.1182867,2026-01,kab,0,1
Затока,Одеська,Білгород-Дністровський,46.1458339,30.5255473,2026-01,drone,0,5
Зеленодольськ,Дніпропетровська,Криворізький,47.5668051,33.6474574,2026-01,drone,0,3
Златопілля,Кіровоградська,Кропивницький,47.90897,32.172771,2026-01,drone,0,1
Златопіль,Дніпропетровська,Криворізький,47.9559565,33.525732,2026-01,drone,0,1
Златопіль,Запорізька,Василівський,47.3899205,35.0028481,2026-01,drone,0,1
Зміїв,Харківська,Чугуївський,49.6815177,36.354776,2026-01,drone,0,1
Золота Долина,Запорізька,Мелітопольський,46.894451,35.416489,2026-01,guided_air,0,1
Золотарівка,Сумська,Охтирський,50.48046,34.96467,2026-01,drone,0,2
Зінці,Полтавська,Полтавський,49.551945,34.618332,2026-01,drone,0,2
Кагарлик,Київська,Обухівський,49.8650658,30.8226786,2026-01,drone,0,1
Калинівка,Київська,Фастівський,50.2257254,30.2261781,2026-01,drone,0,1
Кам'янське,Дніпропетровська,Кам’янський,48.5167748,34.6068797,2026-01,drone,0,1
Капітанівка,Кіровоградська,Новоукраїнський,48.7969701,31.6523837,2026-01,missile_alert,1,1
Карлівка,Полтавська,Полтавський,49.4537175,35.1374845,2026-01,drone,0,1
Карнаухівка,Дніпропетровська,Кам’янський,48.5167748,34.6068797,2026-01,drone,0,1
Кириківка,Сумська,Охтирський,50.337784,35.143055,2026-01,drone,0,2
Кислиця,Одеська,Ізмаїльський,45.4029271,28.8768576,2026-01,drone,0,1
Київ,м. Київ,,50.4501,30.5234,2026-01,,0,1
Київ,м. Київ,,50.4501,30.5234,2026-01,ballistic,0,1
Київ,м. Київ,,50.4501,30.5234,2026-01,cruise,0,1
Київ,м. Київ,,50.4501,30.5234,2026-01,drone,0,34
Клевань,Рівненська,Рівненський,50.7464848,26.006327,2026-01,drone,0,1
Ковель,Волинська,Ковельський,51.2120538,24.708894,2026-01,drone,0,4
Коломак,Харківська,Богодухівський,49.8436,35.31349,2026-01,drone,0,3
Комишуваха,Донецька,Волноваський,47.97781,36.74678,2026-01,drone,0,3
Комишуваха,Запорізька,Запорізький,47.7141975,35.5322725,2026-01,drone,0,6
Компаніївка,Кіровоградська,Кропивницький,48.2497235,32.2043672,2026-01,drone,0,1
Конотоп,Сумська,Конотопський,51.2397495,33.206675,2026-01,drone,0,6
Конотоп,Хмельницька,Шепетівський,50.288891,27.31098,2026-01,drone,0,1
Конотоп,Чернігівська,Чернігівський,51.8915393,31.595545,2026-01,drone,0,1
Коробчине,Дніпропетровська,Кам’янський,48.3747353,34.4569858,2026-01,drone,0,2
Корольки,Сумська,Конотопський,51.3359821,33.8715451,2026-01,drone,0,1
Коростень,Житомирська,Коростенський,51.0060511,28.5875505,2026-01,drone,0,6
Корюківка,Чернігівська,Корюківський,51.77444,32.2514,2026-01,kab,0,1
Костопіль,Рівненська,Рівненський,50.8792198,26.4533981,2026-01,drone,0,1
Крамарка,Дніпропетровська,Новомосковський,48.9145571,34.9291661,2026-01,drone,0,1
Краматорськ,Донецька,Краматорський,48.7389415,37.5843812,2026-01,drone,0,2
Красне,Запорізька,Бердянський,47.19486,36.2075,2026-01,drone,0,2
Красне,Полтавська,Полтавський,49.1433333,34.2002778,2026-01,drone,0,1
Красноград,Харківська,Красноградський,49.3741326,35.4494234,2026-01,drone,0,2
Краснопілля,Дніпропетровська,Новомосковський,49.118382,34.773186,2026-01,drone,0,1
Кременище,Київська,Обухівський,50.272751,30.522079,2026-01,drone,0,1
Кременчук,Полтавська,Кременчуцький,49.0629553,33.403516,2026-01,drone,0,5
Кременівка,Дніпропетровська,Новомосковський,49.118382,34.773186,2026-01,drone,0,2
Кривий,Закарпатська,Хустський,48.1764917,23.291166,2026-01,drone,0,5
Кривий Ріг,Дніпропетровська,Криворізький,47.9102734,33.3917703,2026-01,drone,0,11
Кривуша,Чернігівська,Новгород-Сіверський,52.17853,32.57755,2026-01,drone,0,1
Кринички,Дніпропетровська,Кам’янський,48.49365,34.02328,2026-01,drone,0,1
Кролевець,Сумська,Конотопський,51.5548654,33.3875984,2026-01,drone,0,2
Кропивницький,Кіровоградська,Кропивницький,48.5105805,32.2656283,2026-01,drone,0,3
Куликівка,Чернігівська,Чернігівський,51.3735623,31.6455818,2026-01,drone,0,1
Куп'янськ,Харківська,Куп’янський,49.7132963,37.6141992,2026-01,drone,0,5
Кушугум,Запорізька,Запорізький,47.71671,35.20981,2026-01,drone,0,1
Кілія,Одеська,Ізмаїльський,45.4409767,29.2652788,2026-01,drone,0,1
Лебедин,Сумська,Сумський,50.5814148,34.4761301,2026-01,drone,0,3
Лебедине,Полтавська,Полтавський,49.1433333,34.2002778,2026-01,drone,0,1
Лебединське,Дніпропетровська,Нікопольський,47.748482,34.380531,2026-01,drone,0,1
Лиман,Одеська,Білгород-Дністровський,45.9442525,29.9743896,2026-01,drone,0,1
Лиманівка,Запорізька,Василівський,47.2817378,35.3955872,2026-01,drone,0,1
Лозова,Харківська,Лозівський,48.8842428,36.3160254,2026-01,drone,0,1
Лозове,Дніпропетровська,Синельниківський,48.45863,36.42483,2026-01,drone,0,3
Лозове,Запорізька,Пологівський,47.474331,36.35342,2026-01,drone,0,2
Луцьк,Волинська,Луцький,50.7450733,25.320078,2026-01,drone,0,5
Любеч,Чернігівська,Чернігівський,51.7004629,30.658659,2026-01,drone,0,3
Магдалинівка,Дніпропетровська,Новомосковський,48.9145571,34.9291661,2026-01,drone,0,1
Макарів,Київська,Бучанський,50.4639897,29.8068986,2026-01,cruise,0,1
Макарівка,Житомирська,Житомирський,49.886509,29.329029,2026-01,drone,0,1
Макове,Сумська,Шосткинський,51.8643223,33.4728213,2026-01,drone,0,1
Маковиці,Житомирська,Новоград-Волинський,50.5917622,27.6066973,2026-01,drone,0,1
Макошине,Чернігівська,Корюківський,51.52279,32.21638,2026-01,drone,0,3
Малин,Житомирська,Коростенський,50.7677902,29.2414346,2026-01,drone,0,2
Малинове,Дніпропетровська,Дніпровський,48.067799,34.613155,2026-01,drone,0,1
Марганець,Дніпропетровська,Нікопольський,47.6490555,34.649194,2026-01,drone,0,1
Маяки,Одеська,Одеський,46.413799,30.26836,2026-01,drone,0,1
Межова,Дніпропетровська,Синельниківський,48.2553506,36.7322839,2026-01,drone,0,1
Мена,Чернігівська,Корюківський,51.52279,32.21638,2026-01,drone,0,7
Миколаїв,Львівська,Червоноградський,50.2205052,24.844945,2026-01,drone,0,1
Миколаїв,Миколаївська,Миколаївський,46.9758615,31.9939666,2026-01,drone,0,6
Миколаїв,Чернігівська,Ніжинський,50.7415033,31.3860852,2026-01,drone,0,1
Миколаївка,Дніпропетровська,Синельниківський,48.238911,36.217121,2026-01,drone,0,2
Миколаївка,Кіровоградська,Кропивницький,48.473549,32.192291,2026-01,drone,0,1
Миколаївка,Сумська,Сумський,50.9395138,34.3729195,2026-01,drone,0,1
Миргород,Полтавська,Миргородський,49.9658333,33.6113889,2026-01,drone,0,4
Монастирок,Вінницька,Вінницький,48.9654035,28.8430131,2026-01,drone,0,1
Народичі,Житомирська,Коростенський,51.2037677,29.0913215,2026-01,drone,0,5
Недригайлів,Сумська,Роменський,50.8358991,33.8782826,2026-01,drone,0,2
Нова Борова,Житомирська,Житомирський,50.6933301,28.6396035,2026-01,drone,0,1
Новгород,Запорізька,Пологівський,47.3866992,37.0675861,2026-01,drone,0,1
Новгород-Сіверський,Чернігівська,Новгород-Сіверський,52.004259,33.2779899,2026-01,drone,0,2
Новгородське,Сумська,Охтирський,50.619511,34.967079,2026-01,drone,0,2
Новий Розділ,Львівська,Стрийський,49.4696071,24.1386133,2026-01,drone,0,1
Нововолинськ,Волинська,Володимир-Волинський,50.7224829,24.1648399,2026-01,drone,0,2
Новомиколаївка,Запорізька,Пологівський,47.6655382,36.2656849,2026-01,drone,0,2
Новомосковськ,Дніпропетровська,Новомосковський,48.6358512,35.2595541,2026-01,drone,0,6
Носівка,Чернігівська,Ніжинський,50.9377744,31.5812258,2026-01,drone,0,1
Ніжин,Чернігівська,Ніжинський,51.0464747,31.8806289,2026-01,drone,0,9
Нікополь,Дніпропетровська,Нікопольський,47.5692061,34.3917272,2026-01,drone,0,2
Обухів,Київська,Обухівський,50.1101633,30.6269696,2026-01,drone,0,1
Овруч,Житомирська,Коростенський,51.3259771,28.8026718,2026-01,drone,0,1
Овідіополь,Одеська,Одеський,46.2473734,30.4448614,2026-01,drone,0,1
Одеса,Одеська,Одеський,46.4843023,30.7322878,2026-01,drone,0,14
Олександрія,Кіровоградська,Олександрійський,48.670609,33.1169742,2026-01,drone,0,2
Олишівка,Чернігівська,Чернігівський,51.217918,31.32992,2026-01,drone,0,2
Орілька,Харківська,Лозівський,48.8842428,36.3160254,2026-01,drone,0,1
Оріхів,Запорізька,Пологівський,47.5691902,35.7789871,2026-01,drone,0,1
Охтирка,Сумська,Охтирський,50.3115386,34.8868923,2026-01,drone,0,4
Очаків,Миколаївська,Миколаївський,46.6145957,31.5452994,2026-01,drone,0,1
П'ятихатки,Дніпропетровська,Павлоградський,48.74599,36.01833,2026-01,drone,0,1
Павлоград,Дніпропетровська,Павлоградський,48.5316759,35.8703695,2026-01,drone,0,31
Переяслав,Київська,Бориспільський,50.0643984,31.4447327,2026-01,drone,0,1
Петропавлівка,Дніпропетровська,Синельниківський,48.45863,36.42483,2026-01,drone,0,6
Печеніги,Харківська,Чугуївський,49.865444,36.9391629,2026-01,drone,0,1
Пирятин,Львівська,Львівський,50.1346697,23.8537195,2026-01,cruise,0,1
Пирятин,Полтавська,Лубенський,50.2361111,32.5011111,2026-01,drone,0,1
Письменне,Дніпропетровська,Синельниківський,48.21041,36.03035,2026-01,drone,0,3
Познань,Рівненська,Сарненський,51.58424,27.350121,2026-01,drone,0,1
Покровськ,Донецька,Покровський,48.2771086,37.1772482,2026-01,drone,0,1
Покровське,Дніпропетровська,Синельниківський,47.9808528,36.2333808,2026-01,drone,0,2
Полтава,Полтавська,Полтавський,49.5897423,34.5507948,2026-01,drone,0,2
Полтава,Харківська,Куп’янський,49.6949729,37.1753112,2026-01,drone,0,2
Полтавка,Сумська,Конотопський,51.132481,33.37846,2026-01,drone,0,1
Понорниця,Чернігівська,Новгород-Сіверський,51.720539,32.843971,2026-01,drone,0,1
Прилужжя,Сумська,Конотопський,51.30048,33.429016,2026-01,drone,0,1
Проліски,Київська,Бориспільський,50.378151,30.79125,2026-01,drone,0,1
Просяна,Дніпропетровська,Синельниківський,48.0905779,36.4104291,2026-01,drone,0,2
Прудянка,Харківська,Харківський,50.107307,36.1205965,2026-01,drone,0,1
Пустовіти,Київська,Обухівський,49.6583412,30.9824887,2026-01,drone,0,1
Путивль,Сумська,Конотопський,51.3359821,33.8715451,2026-01,drone,0,3
Путилівка,Дніпропетровська,Нікопольський,47.546421,34.15443,2026-01,drone,0,1
Південне,Дніпропетровська,Нікопольський,47.748482,34.380531,2026-01,drone,0,2
Південне,Одеська,Білгород-Дністровський,46.337597,29.986652,2026-01,drone,0,1
Рожище,Волинська,Луцький,50.916332,25.2712543,2026-01,drone,0,1
Ромни,Сумська,Роменський,50.74207,33.4877,2026-01,drone,0,1
Ропове,Миколаївська,Баштанський,47.5225573,32.923254,2026-01,drone,0,1
Рівне,Кіровоградська,Новоукраїнський,48.7969701,31.6523837,2026-01,drone,0,2
Ріпки,Харківська,Богодухівський,50.1601711,35.5220539,2026-01,drone,0,1
Ріпки,Черкаська,Звенигородський,49.2379387,30.5494724,2026-01,drone,0,1
Ріпки,Чернігівська,Чернігівський,51.8036433,31.0931453,2026-01,drone,0,1
Сарата,Одеська,Білгород-Дністровський,46.0220664,29.6648751,2026-01,drone,0,2
Сарни,Рівненська,Сарненський,51.3350028,26.6171275,2026-01,drone,0,2
Сарнів,Хмельницька,Хмельницький,49.4932735,26.4448161,2026-01,drone,0,1
Сарнівка,Житомирська,Коростенський,51.22272,27.64881,2026-01,drone,0,1
Сахновщина,Харківська,Красноградський,49.1517351,35.875332,2026-01,drone,0,3
Седнів,Чернігівська,Чернігівський,51.64209,31.562403,2026-01,drone,0,1
Семенівка,Дніпропетровська,Нікопольський,47.8128265,34.7523182,2026-01,drone,0,2
Семенівка,Харківська,Куп’янський,49.6949729,37.1753112,2026-01,drone,0,1
Семенівка,Чернігівська,Корюківський,51.52279,32.21638,2026-01,drone,0,2
Сергіївка,Миколаївська,Вознесенський,47.8641873,31.5747875,2026-01,drone,0,1
Синельникове,Дніпропетровська,Синельниківський,48.3269304,35.5246984,2026-01,drone,0,19
Скороходове,Полтавська,Полтавський,49.7726802,35.0715767,2026-01,drone,0,4
Слава,Чернігівська,Корюківський,51.8187527,31.9448953,2026-01,drone,0,4
Славгород,Дніпропетровська,Синельниківський,48.1009562,35.5171714,2026-01,drone,0,4
Славне,Запорізька,Запорізький,47.7141975,35.5322725,2026-01,drone,0,1
Славнівка,Полтавська,Полтавський,49.259043,34.2690187,2026-01,drone,0,1
Славутич,Київська,Вишгородський,51.5201397,30.7562301,2026-01,drone,0,1
Славів,Житомирська,Житомирський,50.45299,28.66573,2026-01,drone,0,1
Слатине,Харківська,Харківський,50.107307,36.1205965,2026-01,drone,0,1
Слобожанське,Дніпропетровська,Дніпровський,48.5307982,35.0828484,2026-01,drone,0,1
Слобожанське,Харківська,Харківський,50.203121,36.422314,2026-01,drone,0,2
Сновськ,Чернігівська,Корюківський,51.8187527,31.9448953,2026-01,drone,0,8
Снігурівка,Миколаївська,Баштанський,47.070721,32.7924643,2026-01,drone,0,1
Солоне,Дніпропетровська,Дніпровський,48.20423,34.87713,2026-01,drone,0,3
Сосниця,Чернігівська,Корюківський,51.5244906,32.5028975,2026-01,drone,0,1
Соснівка,Сумська,Конотопський,51.252941,33.124119,2026-01,drone,0,1
Софіївка,Дніпропетровська,Криворізький,48.061314,33.2810237,2026-01,drone,0,3
Старий Салтів,Харківська,Чугуївський,50.0760423,36.7936724,2026-01,drone,0,2
Старобільськ,Луганська,Старобільський,49.2822424,38.897386,2026-01,,0,1
Старокостянтинів,Хмельницька,Хмельницький,49.756163,27.2087889,2026-01,drone,0,1
Старостинці,Вінницька,Вінницький,49.4848166,29.2579157,2026-01,drone,0,1
Старі Маяки,Одеська,Березівський,47.346951,30.30682,2026-01,drone,0,1
Степанівка,Сумська,Сумський,50.9417042,34.6422099,2026-01,drone,0,1
Суми,Сумська,Сумський,50.9119775,34.8027723,2026-01,drone,0,32
Суми,Сумська,Сумський,50.9119775,34.8027723,2026-01,guided_air,0,1
Сумці,Харківська,Лозівський,49.394455,36.284039,2026-01,kab,0,1
Терни,Сумська,Роменський,50.8358991,33.8782826,2026-01,drone,0,3
Тернувате,Запорізька,Василівський,47.4431859,35.2803026,2026-01,ballistic,0,1
Тернувате,Запорізька,Запорізький,47.82932,36.12682,2026-01,drone,0,1
Тернівка,Дніпропетровська,Павлоградський,48.5222847,36.0713939,2026-01,drone,0,1
Тишківка,Кіровоградська,Новоукраїнський,48.7969701,31.6523837,2026-01,drone,0,1
Томаківка,Дніпропетровська,Дніпровський,48.18399,34.565262,2026-01,drone,0,1
Томашівка,Сумська,Роменський,50.809021,33.767509,2026-01,drone,0,1
Тростянець,Сумська,Охтирський,50.48046,34.96467,2026-01,drone,0,1
Умань,Черкаська,Уманський,48.7497621,30.2203052,2026-01,drone,0,1
Фастів,Київська,Фастівський,50.0799307,29.9162821,2026-01,drone,0,1
Харкове,Чернігівська,Прилуцький,50.83168,33.13442,2026-01,drone,0,2
Харків,Харківська,Харківський,49.9923181,36.2310146,2026-01,,0,1
Харків,Харківська,Харківський,49.9923181,36.2310146,2026-01,drone,0,32
Харківці,Полтавська,Лубенський,50.2361111,32.5011111,2026-01,drone,0,1
Херсон,Херсонська,Херсонський,46.6412644,32.625794,2026-01,drone,0,1
Хмільник,Вінницька,Хмільницький,49.556175,27.9491205,2026-01,drone,0,1
Холми,Чернігівська,Корюківський,51.872562,32.595619,2026-01,drone,0,5
Хотянівка,Київська,Вишгородський,50.5824332,30.485121,2026-01,drone,0,1
Хотінь,Сумська,Сумський,51.0786763,34.78001,2026-01,drone,0,1
Хутір,Хмельницька,Шепетівський,50.288891,27.31098,2026-01,drone,0,1
Чаплине,Дніпропетровська,Синельниківський,48.238911,36.217121,2026-01,drone,0,2
Черкаси,Волинська,Ковельський,51.18633,24.61933,2026-01,drone,0,1
Черкаси,Черкаська,Черкаський,49.4302723,32.0447228243568,2026-01,drone,0,1
Черкаське,Дніпропетровська,Новомосковський,48.7061619,35.379844,2026-01,drone,0,1
Чернещина,Полтавська,Полтавський,50.0621097,34.7496951,2026-01,drone,0,1
Черняхів,Житомирська,Житомирський,50.45299,28.66573,2026-01,drone,0,1
Чернігів,Чернігівська,Чернігівський,51.494099,31.294332,2026-01,drone,0,15
Чернігівка,Дніпропетровська,Дніпровський,48.18399,34.565262,2026-01,drone,0,2
Чернігівка,Запорізька,Бердянський,47.19486,36.2075,2026-01,drone,0,1
Чернігівка,Миколаївська,Вознесенський,47.418625,30.996822,2026-01,drone,0,1
Чоповичі,Житомирська,Коростенський,50.8268121,28.9467176,2026-01,drone,0,2
Чорногородка,Київська,Фастівський,50.266571,29.88693,2026-01,drone,0,2
Чорноморськ,Одеська,Одеський,46.3020943,30.653466,2026-01,drone,0,13
Чорноморське,Одеська,Одеський,46.5849122,30.9334115,2026-01,drone,0,3
Чорнорудка,Житомирська,Бердичівський,49.868717,29.14735,2026-01,drone,0,1
Чугалі,Тернопільська,Кременецький,50.0960966,25.7260783,2026-01,drone,0,1
Чугуїв,Харківська,Чугуївський,49.8363648,36.6898157,2026-01,drone,0,3
Чуднів,Житомирська,Житомирський,50.0524287,28.1153765,2026-01,drone,0,1
Шарівка,Дніпропетровська,Дніпровський,48.9985575,34.3960233,2026-01,drone,0,2
Шахтарське,Дніпропетровська,Синельниківський,48.4043673,35.275539,2026-01,drone,0,7
Шевченко,Дніпропетровська,Синельниківський,48.21041,36.03035,2026-01,drone,0,1
Шепетівка,Хмельницька,Шепетівський,50.1809437,27.0651783,2026-01,drone,0,1
Широке,Дніпропетровська,Синельниківський,48.21041,36.03035,2026-01,drone,0,1
Ширяєве,Одеська,Березівський,47.3843482,30.1895219,2026-01,drone,0,1
Шостка,Сумська,Шосткинський,51.8643223,33.4728213,2026-01,drone,0,5
Ямпіль,Сумська,Шосткинський,51.9481126,33.778454,2026-01,drone,0,2
Єланець,Миколаївська,Вознесенський,47.696378,31.8489152,2026-02,drone,0,2
Іванків,Київська,Фастівський,50.3356709,30.2847595,2026-02,drone,0,2
Ізмаїл,Одеська,Ізмаїльський,45.3511307,28.8361514,2026-02,drone,0,4
Ізюм,Харківська,Ізюмський,49.1913721,37.2784125,2026-02,drone,0,3
Іллінці,Вінницька,Вінницький,49.1136358,29.2024356,2026-02,drone,0,1
Інгулець,Дніпропетровська,Криворізький,48.061314,33.2810237,2026-02,drone,0,1
Ірдинь,Черкаська,Черкаський,49.2975805,31.8935819,2026-02,drone,0,1
Ічня,Чернігівська,Прилуцький,50.8623444,32.3910144,2026-02,drone,0,8
Архангельське,Донецька,Покровський,48.24612,37.60311,2026-02,drone,0,1
Балаклія,Полтавська,Миргородський,49.6792533,33.7820696,2026-02,drone,0,1
Балаклія,Харківська,Ізюмський,49.4521336,36.8397826,2026-02,drone,0,5
Барвінкове,Сумська,Сумський,50.784302,34.829411,2026-02,drone,0,1
Барвінкове,Харківська,Ізюмський,48.9070045,37.0287573,2026-02,drone,0,3
Баришівка,Київська,Броварський,50.3645295,31.3256722,2026-02,drone,0,1
Батурин,Чернігівська,Ніжинський,51.3413087,32.8778317,2026-02,drone,0,1
Бахмач,Чернігівська,Ніжинський,51.1801374,32.8165107,2026-02,drone,0,1
Баштанка,Миколаївська,Баштанський,47.4033486,32.4388921,2026-02,drone,0,1
Бердичів,Житомирська,Бердичівський,49.8940442,28.5814912,2026-02,drone,0,1
Бережниця,Івано-Франківська,Калуський,48.954788,24.334322,2026-02,drone,0,1
Березине,Дніпропетровська,Кам’янський,48.207699,34.24868,2026-02,drone,0,1
Березна,Чернігівська,Чернігівський,51.5778917,31.7902811,2026-02,drone,0,1
Березнегувате,Миколаївська,Баштанський,47.308722,32.8486739,2026-02,drone,0,1
Березняк,Дніпропетровська,Кам’янський,48.68626,33.922,2026-02,drone,0,1
Берестечко,Волинська,Луцький,50.3585756,25.1209852,2026-02,drone,0,1
Бершадь,Вінницька,Гайсинський,48.36594,29.51889,2026-02,drone,0,3
Близнюки,Харківська,Лозівський,48.85311,36.55186,2026-02,drone,0,1
Бобринець,Кіровоградська,Кропивницький,48.05729,32.15938,2026-02,drone,0,1
Бобровиця,Чернігівська,Ніжинський,50.7415033,31.3860852,2026-02,,0,1
Бобровиця,Чернігівська,Ніжинський,50.7415033,31.3860852,2026-02,drone,0,1
Бобрівник,Полтавська,Полтавський,50.21026,34.35768,2026-02,drone,0,1
Богодарівка,Дніпропетровська,Синельниківський,47.9808528,36.2333808,2026-02,drone,0,5
Богодухів,Харківська,Богодухівський,50.1601711,35.5220539,2026-02,drone,0,6
Боголюбове,Сумська,Охтирський,50.48046,34.96467,2026-02,drone,0,3
Болград,Одеська,Болградський,45.6779137,28.6132404,2026-02,drone,0,1
Борзна,Чернігівська,Ніжинський,51.2534475,32.4263156,2026-02,drone,0,1
Бориспіль,Київська,Бориспільський,50.3512101,30.95077,2026-02,drone,0,1
Борова,Харківська,Чугуївський,49.6815177,36.354776,2026-02,drone,0,1
Боромля,Сумська,Охтирський,50.619511,34.967079,2026-02,drone,0,4
Борівське,Полтавська,Полтавський,49.898056,34.801388,2026-02,drone,0,1
Брацлав,Вінницька,Тульчинський,48.8268749,28.9379724,2026-02,drone,0,1
Бровари,Київська,Броварський,50.5111168,30.7900482,2026-02,drone,0,2
Буринь,Сумська,Конотопський,51.1960431,33.8288042,2026-02,drone,0,3
Бурштин,Івано-Франківська,Івано-Франківський,49.2516287,24.6341893,2026-02,drone,0,3
Бучач,Тернопільська,Чортківський,49.0630503,25.389969,2026-02,drone,0,1
Білгород-Дністровський,Одеська,Білгород-Дністровський,46.1909823,30.345784,2026-02,drone,0,5
Біле,Луганська,Алчевський,48.4806933,38.792133294414555,2026-02,drone,0,1
Білозерське,Дніпропетровська,Павлоградський,48.74599,36.01833,2026-02,drone,0,2
Білопілля,Сумська,Сумський,51.1460449,34.3121992,2026-02,drone,0,7
Білопіль,Кіровоградська,Кропивницький,48.3658045,32.6572986,2026-02,drone,0,1
Білоусівка,Полтавська,Лубенський,50.2733333,32.9383333,2026-02,drone,0,1
Бірки,Харківська,Чугуївський,49.6815177,36.354776,2026-02,drone,0,1
Варва,Чернігівська,Прилуцький,50.4982561,32.7228573,2026-02,drone,0,1
Васильків,Київська,Обухівський,50.17387,30.32158,2026-02,drone,0,1
Васильківка,Дніпропетровська,Синельниківський,48.21041,36.03035,2026-02,drone,0,5
Василівка,Дніпропетровська,Новомосковський,48.8082927,35.2563381,2026-02,drone,0,1
Вашківці,Чернівецька,Дністровський,48.412971,27.135889,2026-02,drone,0,1
Велика Багачка,Полтавська,Миргородський,49.7852778,33.7213889,2026-02,drone,0,1
Велика Костромка,Дніпропетровська,Криворізький,47.5668051,33.6474574,2026-02,drone,0,1
Великий Бурлук,Харківська,Куп’янський,50.05422,37.38939,2026-02,drone,0,2
Великокозирщина,Дніпропетровська,Новомосковський,49.0814029,35.218048,2026-02,drone,0,1
Верхньодніпровськ,Дніпропетровська,Кам’янський,48.6541915,34.3347779,2026-02,drone,0,1
Вилкове,Одеська,Ізмаїльський,45.40306,29.58309,2026-02,drone,0,5
Високопілля,Херсонська,Бериславський,47.4933112,33.528245,2026-02,drone,0,1
Вишгород,Київська,Вишгородський,50.5824332,30.485121,2026-02,drone,0,1
Вишеньки,Київська,Бориспільський,50.328709,30.705759,2026-02,drone,0,1
Волиця,Волинська,Володимир-Волинський,50.6282366,24.4638426,2026-02,drone,0,4
Володимир,Волинська,Володимир-Волинський,50.8474669,24.319319,2026-02,drone,0,2
Ворожба,Сумська,Сумський,51.1722411,34.2245008,2026-02,drone,0,2
Вороновиця,Вінницька,Вінницький,49.1117881,28.6889425,2026-02,drone,0,2
Вороніж,Сумська,Шосткинський,51.8643223,33.4728213,2026-02,drone,0,3
Воскресенське,Миколаївська,Миколаївський,47.0171096,32.1465767,2026-02,drone,0,3
Воскресенівка,Дніпропетровська,Новомосковський,49.01825,35.35915,2026-02,drone,0,1
Вільне,Вінницька,Могилів-Подільський,48.442544,27.7991124,2026-02,drone,0,2
Вільногірськ,Дніпропетровська,Кам’янський,48.49365,34.02328,2026-02,drone,0,3
Вільнянськ,Запорізька,Запорізький,47.9433,35.43159,2026-02,drone,0,6
Вільшана,Сумська,Роменський,50.819687,34.022835,2026-02,drone,0,1
Вільшани,Харківська,Харківський,49.984881,36.0681717,2026-02,drone,0,9
Вільшанка,Сумська,Сумський,50.5814148,34.4761301,2026-02,drone,0,1
Вінниця,Вінницька,Вінницький,49.2320162,28.467975,2026-02,,0,1
Вінниця,Вінницька,Вінницький,49.2320162,28.467975,2026-02,drone,0,2
Гайдамацьке,Дніпропетровська,Дніпровський,48.20423,34.87713,2026-02,drone,0,1
Гайсин,Вінницька,Гайсинський,48.8120874,29.3893874,2026-02,drone,0,1
Герца,Чернівецька,Чернівецький,48.1505805,26.2589723,2026-02,drone,0,1
Глобине,Полтавська,Кременчуцький,49.392047,33.2507308,2026-02,drone,0,1
Глухе,Дніпропетровська,Нікопольський,47.770885,34.729996,2026-02,drone,0,3
Глухова,Житомирська,Коростенський,51.07853,28.3976,2026-02,drone,0,1
Глухів,Сумська,Шосткинський,51.67831,33.9093,2026-02,drone,0,2
Гончарі,Полтавська,Миргородський,49.8764366,34.0069282,2026-02,drone,0,1
Городниця,Житомирська,Новоград-Волинський,50.80627,27.31407,2026-02,drone,0,1
Городок,Вінницька,Гайсинський,49.0062062,29.4416807,2026-02,drone,0,1
Горохів,Волинська,Луцький,50.4986166,24.7600734,2026-02,drone,0,1
Дарниця,Миколаївська,Вознесенський,48.0064483,31.4995082,2026-02,drone,0,1
Дергачі,Харківська,Харківський,50.107307,36.1205965,2026-02,drone,0,3
Диканька,Полтавська,Полтавський,49.8227778,34.5386111,2026-02,drone,0,1
Димер,Київська,Вишгородський,50.7835487,30.3078042,2026-02,drone,0,1
Дмитрівка,Сумська,Охтирський,50.4253238,35.4838569,2026-02,drone,0,1
Дніпро,Дніпропетровська,Дніпровський,48.4680221,35.0417711,2026-02,,0,1
Дніпро,Дніпропетровська,Дніпровський,48.4680221,35.0417711,2026-02,drone,0,13
Дніпрорудне,Запорізька,Василівський,47.3899205,35.0028481,2026-02,drone,0,1
Добропасове,Дніпропетровська,Синельниківський,47.9808528,36.2333808,2026-02,drone,0,1
Добропілля,Донецька,Покровський,48.4441378,36.9162268,2026-02,drone,0,2
Добротвір,Львівська,Червоноградський,50.2057172,24.3857048,2026-02,drone,0,1
Дубно,Рівненська,Дубенський,50.4187918,25.7455972,2026-02,drone,0,1
Дубове,Київська,Броварський,50.3132713,31.4689158,2026-02,drone,0,1
Дубове,Полтавська,Лубенський,49.7822104,33.2740646,2026-02,drone,0,1
Дубровиця,Рівненська,Сарненський,51.5709462,26.5660889,2026-02,drone,0,1
Діброва,Вінницька,Жмеринський,49.077621,27.6813781,2026-02,drone,0,1
Есмань,Сумська,Шосткинський,51.7311446,33.8753315,2026-02,drone,0,1
Есхар,Харківська,Чугуївський,49.8377053,36.5549759,2026-02,drone,0,1
Жидачів,Львівська,Стрийський,49.3831172,24.1426813,2026-02,drone,0,1
Житомир,Житомирська,Житомирський,50.2598298,28.6692345,2026-02,drone,0,1
Жмеринка,Вінницька,Жмеринський,49.0354593,28.1147317,2026-02,drone,0,1
Жовті Води,Дніпропетровська,Кам’янський,48.3465174,33.5027797,2026-02,drone,0,1
Залізничне,Вінницька,Хмільницький,49.7195867,28.8354279,2026-02,drone,0,1
Запоківне,Волинська,Ковельський,51.67145,24.52458,2026-02,drone,0,2
Запоріжжя,Дніпропетровська,Синельниківський,48.389278,36.315651,2026-02,drone,0,5
Запоріжжя,Запорізька,Запорізький,47.8507859,35.1182867,2026-02,drone,0,19
Запорізьке,Дніпропетровська,Нікопольський,47.8128265,34.7523182,2026-02,drone,0,3
Зарічне,Дніпропетровська,Павлоградський,48.74599,36.01833,2026-02,drone,0,1
Затока,Одеська,Білгород-Дністровський,46.1458339,30.5255473,2026-02,drone,0,8
Златопіль,Дніпропетровська,Криворізький,47.9559565,33.525732,2026-02,drone,0,3
Зміїв,Харківська,Чугуївський,49.6815177,36.354776,2026-02,drone,0,1
Золота Долина,Запорізька,Мелітопольський,46.894451,35.416489,2026-02,drone,0,1
Золота Нива,Донецька,Волноваський,47.84091,36.83012,2026-02,drone,0,1
Золотарівка,Сумська,Охтирський,50.48046,34.96467,2026-02,drone,0,2
Золотницьке,Дніпропетровська,Кам’янський,48.68626,33.922,2026-02,drone,0,3
Золотницьке,Дніпропетровська,Кам’янський,48.68626,33.922,2026-02,guided_air,0,1
Золотогірка,Вінницька,Могилів-Подільський,48.7130055,27.5355762,2026-02,drone,0,1
Золочів,Харківська,Богодухівський,50.2790531,35.9824347,2026-02,drone,0,3
Калинівка,Вінницька,Хмільницький,49.4583688,28.5262638,2026-02,drone,0,1
Кам'янське,Дніпропетровська,Кам’янський,48.5167748,34.6068797,2026-02,drone,0,3
Карлівка,Донецька,Покровський,48.1997174,37.3399704,2026-02,drone,0,1
Кириківка,Сумська,Охтирський,50.337784,35.143055,2026-02,drone,0,1
Київ,м. Київ,,50.4501,30.5234,2026-02,,0,1
Київ,м. Київ,,50.4501,30.5234,2026-02,drone,0,13
Кобелецьке,Вінницька,Вінницький,49.0139727,28.507999,2026-02,drone,0,1
Коблеве,Миколаївська,Миколаївський,46.6612599,31.2085145,2026-02,drone,0,1
Козельщина,Полтавська,Кременчуцький,49.2136111,33.8413889,2026-02,drone,0,1
Козятин,Вінницька,Хмільницький,49.7195867,28.8354279,2026-02,drone,0,1
Коломак,Харківська,Богодухівський,49.8436,35.31349,2026-02,drone,0,1
Комишня,Полтавська,Миргородський,50.1838006,33.679619,2026-02,drone,0,2
Комишуваха,Донецька,Волноваський,47.97781,36.74678,2026-02,drone,0,2
Комишуваха,Запорізька,Запорізький,47.7141975,35.5322725,2026-02,drone,0,5
Конопелька,Волинська,Луцький,50.8333448,25.4648622,2026-02,drone,0,1
Конотоп,Сумська,Конотопський,51.2397495,33.206675,2026-02,drone,0,13
Конотоп,Хмельницька,Шепетівський,50.288891,27.31098,2026-02,drone,0,1
Копайгород,Вінницька,Жмеринський,48.85654,27.7985,2026-02,drone,0,1
Коробчине,Дніпропетровська,Кам’янський,48.3747353,34.4569858,2026-02,drone,0,1
Корольки,Сумська,Конотопський,51.3359821,33.8715451,2026-02,drone,0,1
Коростень,Житомирська,Коростенський,51.0060511,28.5875505,2026-02,drone,0,1
Коростень,Чернігівська,Чернігівський,51.217918,31.32992,2026-02,drone,0,1
Корюківка,Чернігівська,Корюківський,51.77444,32.2514,2026-02,drone,0,5
Крамарка,Дніпропетровська,Новомосковський,48.9145571,34.9291661,2026-02,drone,0,4
Краматорськ,Донецька,Краматорський,48.7389415,37.5843812,2026-02,drone,0,7
Красилів,Хмельницька,Хмельницький,49.6544431,26.9709084,2026-02,drone,0,1
Красне,Запорізька,Бердянський,47.19486,36.2075,2026-02,drone,0,1
Красне,Полтавська,Лубенський,50.2733333,32.9383333,2026-02,drone,0,1
Красногорівка,Донецька,Покровський,47.9401242,37.5022312,2026-02,drone,0,1
Красноград,Харківська,Красноградський,49.3741326,35.4494234,2026-02,drone,0,3
Краснопілля,Дніпропетровська,Новомосковський,49.118382,34.773186,2026-02,drone,0,4
Краснопілля,Донецька,Краматорський,49.0355675,37.5653551,2026-02,drone,0,1
Краснопілля,Кіровоградська,Голованівський,48.3830239,30.4655894,2026-02,drone,0,1
Красноїлля,Івано-Франківська,Верховинський,48.1538102,24.82793,2026-02,drone,0,1
Кременець,Волинська,Луцький,50.8798116,25.2230391,2026-02,drone,0,1
Кременчук,Полтавська,Кременчуцький,49.0629553,33.403516,2026-02,,0,1
Кременчук,Полтавська,Кременчуцький,49.0629553,33.403516,2026-02,drone,0,1
Кременівка,Дніпропетровська,Новомосковський,49.118382,34.773186,2026-02,drone,0,1
Кремінне,Вінницька,Могилів-Подільський,48.512192,27.63199,2026-02,drone,0,2
Кривий,Закарпатська,Хустський,48.1764917,23.291166,2026-02,drone,0,2
Кривий Ріг,Дніпропетровська,Криворізький,47.9102734,33.3917703,2026-02,drone,0,2
Кривий Ріг,Херсонська,Генічеський,46.3558121,34.3363579,2026-02,drone,0,1
Кривохижинці,Вінницька,Могилів-Подільський,48.7130055,27.5355762,2026-02,drone,0,1
Крижопіль,Вінницька,Тульчинський,48.38568,28.86941,2026-02,drone,0,1
Кринички,Дніпропетровська,Кам’янський,48.3747353,34.4569858,2026-02,drone,0,1
Кролевець,Сумська,Конотопський,51.5548654,33.3875984,2026-02,drone,0,8
Кропивники,Волинська,Ковельський,51.4909494,23.9219323,2026-02,drone,0,1
Кропивницький,Кіровоградська,Кропивницький,48.5105805,32.2656283,2026-02,,0,2
Кропивницький,Кіровоградська,Кропивницький,48.5105805,32.2656283,2026-02,drone,0,8
Кропивня,Вінницька,Жмеринський,48.7498267,28.08317,2026-02,drone,0,2
Куп'янськ,Харківська,Куп’янський,49.7132963,37.6141992,2026-02,drone,0,1
Кілія,Одеська,Ізмаїльський,45.4409767,29.2652788,2026-02,drone,0,1
Ладижин,Вінницька,Гайсинський,48.6810505,29.2567642,2026-02,drone,0,4
Лебедин,Сумська,Сумський,50.5814148,34.4761301,2026-02,drone,0,4
Лебединське,Донецька,Маріупольський,47.1701321,37.6952892,2026-02,drone,0,1
Лебединці,Житомирська,Бердичівський,50.0301392,29.0222111,2026-02,drone,0,1
Липове,Полтавська,Кременчуцький,49.2311773,33.1206291,2026-02,drone,0,2
Липовець,Вінницька,Вінницький,49.2296415,29.0642148,2026-02,,0,1
Липовець,Вінницька,Вінницький,49.2296415,29.0642148,2026-02,drone,0,1
Лозова,Харківська,Ізюмський,49.3838133,37.6330137,2026-02,drone,0,2
Лозове,Дніпропетровська,Синельниківський,48.45863,36.42483,2026-02,drone,0,3
Лозове,Дніпропетровська,Синельниківський,48.45863,36.42483,2026-02,guided_air,0,1
Лозове,Донецька,Покровський,48.24612,37.60311,2026-02,drone,0,1
Лозове,Сумська,Сумський,50.7712539,35.2563391,2026-02,drone,0,1
Лосинівка,Чернігівська,Ніжинський,50.8422398,31.9170092,2026-02,,0,1
Лосинівка,Чернігівська,Ніжинський,50.8422398,31.9170092,2026-02,drone,0,1
Лубни,Полтавська,Лубенський,50.0118206,33.0030821,2026-02,drone,0,2
Лукашеве,Запорізька,Запорізький,47.910351,34.901161,2026-02,drone,0,1
Луцьк,Волинська,Луцький,50.7450733,25.320078,2026-02,drone,0,1
Львів,Дніпропетровська,Криворізький,47.9559565,33.525732,2026-02,drone,0,1
Любов,Дніпропетровська,Дніпровський,48.20423,34.87713,2026-02,drone,0,1
Любомирівка,Запорізька,Запорізький,47.946049,35.463181,2026-02,drone,0,1
Магдалинівка,Дніпропетровська,Новомосковський,48.9145571,34.9291661,2026-02,drone,0,1
Макове,Сумська,Шосткинський,51.8643223,33.4728213,2026-02,drone,0,1
Макієве,Миколаївська,Первомайський,47.8594344,30.5891291,2026-02,drone,0,1
Малинівка,Харківська,Чугуївський,49.8006602,36.7180703,2026-02,drone,0,2
Марганець,Дніпропетровська,Нікопольський,47.6490555,34.649194,2026-02,drone,0,1
Маяки,Одеська,Одеський,46.413799,30.26836,2026-02,drone,0,1
Межова,Дніпропетровська,Синельниківський,48.2553506,36.7322839,2026-02,drone,0,6
Мена,Чернігівська,Корюківський,51.52279,32.21638,2026-02,drone,0,4
Микове,Волинська,Луцький,50.8333448,25.4648622,2026-02,drone,0,1
Миколаїв,Львівська,Червоноградський,50.2205052,24.844945,2026-02,drone,0,1
Миколаїв,Миколаївська,Миколаївський,46.9758615,31.9939666,2026-02,drone,0,11
Миколаїв,Чернігівська,Ніжинський,50.7415033,31.3860852,2026-02,drone,0,1
Миколаївка,Сумська,Роменський,50.74207,33.4877,2026-02,drone,0,1
Миколаївка,Харківська,Лозівський,48.8842428,36.3160254,2026-02,drone,0,1
Миргород,Полтавська,Миргородський,49.9658333,33.6113889,2026-02,drone,0,2
Монастирище,Черкаська,Уманський,48.9944069,29.8007253,2026-02,drone,0,1
Міжгір'я,Закарпатська,Хустський,48.5281184,23.5009289,2026-02,drone,0,1
Недригайлів,Сумська,Роменський,50.8358991,33.8782826,2026-02,drone,0,1
Немирів,Вінницька,Вінницький,48.9654035,28.8430131,2026-02,drone,0,1
Низи,Сумська,Сумський,50.881664,34.71088,2026-02,drone,0,2
Новгородківка,Запорізька,Мелітопольський,46.894451,35.416489,2026-02,drone,0,1
Новгородське,Сумська,Охтирський,50.619511,34.967079,2026-02,drone,0,5
Новий Мир,Дніпропетровська,Нікопольський,47.770885,34.729996,2026-02,drone,0,1
Нововолинськ,Волинська,Володимир-Волинський,50.7224829,24.1648399,2026-02,drone,0,1
Новоград-Волинський,Житомирська,Новоград-Волинський,50.5917622,27.6066973,2026-02,drone,0,1
Новогродівка,Донецька,Покровський,48.1997174,37.3399704,2026-02,drone,0,1
Новомиколаївка,Дніпропетровська,Синельниківський,48.4286465,35.6728255,2026-02,drone,0,1
Новомиколаївка,Донецька,Краматорський,48.8354023,37.3884068,2026-02,drone,0,1
Новомиколаївка,Запорізька,Запорізький,47.97146,35.89886,2026-02,drone,0,1
Новомосковськ,Дніпропетровська,Новомосковський,48.6358512,35.2595541,2026-02,drone,0,8
Новослобідське,Сумська,Конотопський,51.3749282,34.132125,2026-02,drone,0,1
Новосілка,Миколаївська,Вознесенський,47.529674,31.3240378,2026-02,drone,0,1
Новоукраїнка,Вінницька,Гайсинський,48.2126987,29.3598689,2026-02,drone,0,3
Новоукраїнка,Кіровоградська,Новоукраїнський,48.3250616,31.522047,2026-02,drone,0,1
Нові Білярі,Одеська,Одеський,46.6225029,31.0994897,2026-02,drone,0,1
Ніжин,Чернігівська,Ніжинський,51.0464747,31.8806289,2026-02,drone,0,7
Нікополь,Дніпропетровська,Нікопольський,47.5692061,34.3917272,2026-02,drone,0,1
Нікополь,Харківська,Ізюмський,48.9070045,37.0287573,2026-02,drone,0,1
Обухів,Київська,Обухівський,50.1101633,30.6269696,2026-02,drone,0,1
Овруч,Житомирська,Коростенський,51.3259771,28.8026718,2026-02,drone,0,1
Овідіополь,Одеська,Одеський,46.2473734,30.4448614,2026-02,drone,0,2
Одеса,Одеська,Одеський,46.4843023,30.7322878,2026-02,drone,0,12
Озерне,Житомирська,Житомирський,50.206917,28.6918455,2026-02,drone,0,1
Олександрівка,Дніпропетровська,Новомосковський,48.9145571,34.9291661,2026-02,drone,0,2
Олександрівка,Кіровоградська,Кропивницький,48.563087,32.098663,2026-02,drone,0,1
Олишівка,Чернігівська,Чернігівський,51.217918,31.32992,2026-02,drone,0,2
Оржиця,Полтавська,Лубенський,49.7875449,32.6997311,2026-02,drone,0,1
Оріхове,Донецька,Донецький,48.0448144,37.9635093,2026-02,drone,0,1
Остер,Чернігівська,Ніжинський,51.0601711,32.1022103,2026-02,drone,0,1
Охтирка,Сумська,Охтирський,50.3115386,34.8868923,2026-02,drone,0,1
Очаків,Миколаївська,Миколаївський,46.6145957,31.5452994,2026-02,drone,0,2
Павловичі,Волинська,Володимир-Волинський,50.7799387,24.8430189,2026-02,drone,0,1
Павлоград,Дніпропетровська,Павлоградський,48.5316759,35.8703695,2026-02,drone,0,18
Павлівка,Вінницька,Вінницький,49.4848166,29.2579157,2026-02,drone,0,1
Павлівка,Херсонська,Генічеський,46.1661695,34.8088828,2026-02,drone,0,1
Перебудова,Донецька,Волноваський,47.97781,36.74678,2026-02,drone,0,1
Петриківка,Дніпропетровська,Дніпровський,48.7120245,34.6240969,2026-02,drone,0,1
Петропавлівка,Дніпропетровська,Синельниківський,48.45863,36.42483,2026-02,drone,0,10
Петрівка,Донецька,Краматорський,48.6198614,37.524945,2026-02,drone,0,1
Печеніги,Харківська,Чугуївський,49.865444,36.9391629,2026-02,drone,0,5
Пирятин,Полтавська,Лубенський,50.2361111,32.5011111,2026-02,drone,0,2
Письменне,Дніпропетровська,Синельниківський,48.21041,36.03035,2026-02,drone,0,7
Погребище,Вінницька,Вінницький,49.4848166,29.2579157,2026-02,drone,0,2
Покров,Дніпропетровська,Нікопольський,47.6546589,34.1149341,2026-02,drone,0,6
Покровське,Дніпропетровська,Синельниківський,47.9808528,36.2333808,2026-02,drone,0,1
Покровське,Кіровоградська,Голованівський,48.3366182,29.8677468,2026-02,drone,0,1
Полтава,Полтавська,Полтавський,49.5897423,34.5507948,2026-02,drone,0,3
Полтава,Харківська,Куп’янський,49.6949729,37.1753112,2026-02,drone,0,1
Полтавка,Дніпропетровська,Криворізький,47.66556,33.1152,2026-02,drone,0,1
Помічна,Кіровоградська,Новоукраїнський,48.243309,31.4037217,2026-02,drone,0,1
Понорниця,Чернігівська,Новгород-Сіверський,51.720539,32.843971,2026-02,drone,0,1
Прилужжя,Сумська,Конотопський,51.30048,33.429016,2026-02,drone,0,1
Проліски,Київська,Бориспільський,50.378151,30.79125,2026-02,drone,0,1
Проліски,Чернігівська,Прилуцький,50.8840075,32.6447189,2026-02,drone,0,1
Просяна,Дніпропетровська,Синельниківський,48.0905779,36.4104291,2026-02,drone,0,3
Путивль,Сумська,Конотопський,51.3359821,33.8715451,2026-02,drone,0,4
Путилівка,Дніпропетровська,Нікопольський,47.546421,34.15443,2026-02,drone,0,1
Південне,Дніпропетровська,Нікопольський,47.748482,34.380531,2026-02,drone,0,2
Південне,Донецька,Бахмутський,48.3970469,37.8501378,2026-02,drone,0,1
Південне,Харківська,Харківський,49.8847449,36.0666511,2026-02,drone,0,1
Пісочин,Харківська,Харківський,49.9622881,36.1239316,2026-02,drone,0,1
Піщанка,Вінницька,Тульчинський,48.2077558,28.8864581,2026-02,drone,0,1
Ржищів,Київська,Обухівський,49.96822,31.04118,2026-02,drone,0,2
Рогань,Харківська,Харківський,49.9035,36.479103,2026-02,drone,0,1
Рогатин,Івано-Франківська,Івано-Франківський,49.4092703,24.6105811,2026-02,drone,0,1
Ромни,Сумська,Роменський,50.74207,33.4877,2026-02,drone,0,4
Ромодан,Полтавська,Миргородський,49.9923481,33.3207607,2026-02,drone,0,1
Рівне,Вінницька,Могилів-Подільський,48.7130055,27.5355762,2026-02,drone,0,3
Рівне,Дніпропетровська,Синельниківський,48.238911,36.217121,2026-02,drone,0,1
Рівне,Кіровоградська,Новоукраїнський,48.2450076,31.7477038,2026-02,drone,0,1
Ріпки,Харківська,Богодухівський,50.1601711,35.5220539,2026-02,drone,0,1
Ріпки,Чернігівська,Чернігівський,51.8036433,31.0931453,2026-02,drone,0,3
Савинці,Харківська,Ізюмський,49.39625,37.05036,2026-02,drone,0,2
Санжійка,Одеська,Одеський,46.2250393,30.531351,2026-02,drone,0,1
Сарни,Львівська,Яворівський,49.9456001,23.3886319,2026-02,drone,0,1
Сарни,Рівненська,Сарненський,51.3350028,26.6171275,2026-02,drone,0,1
Сатанів,Хмельницька,Хмельницький,49.2485345,26.2484407,2026-02,drone,0,1
Седнів,Чернігівська,Чернігівський,51.64209,31.562403,2026-02,drone,0,1
Семенівка,Дніпропетровська,Дніпровський,48.9434,34.48986,2026-02,drone,0,2
Семенівка,Чернігівська,Корюківський,51.52279,32.21638,2026-02,drone,0,2
Сергіївка,Одеська,Білгород-Дністровський,46.02756,30.37273,2026-02,drone,0,1
Синельникове,Дніпропетровська,Синельниківський,48.3269304,35.5246984,2026-02,drone,0,19
Скороходове,Полтавська,Полтавський,49.7726802,35.0715767,2026-02,drone,0,1
Славгород,Дніпропетровська,Синельниківський,48.1009562,35.5171714,2026-02,drone,0,4
Славне,Вінницька,Вінницький,49.3097584,28.4730593,2026-02,drone,0,1
Славне,Донецька,Покровський,47.9401242,37.5022312,2026-02,drone,0,1
Слатине,Харківська,Харківський,50.107307,36.1205965,2026-02,drone,0,1
Слобожанське,Харківська,Красноградський,49.55555,35.748138,2026-02,drone,0,1
Слов'янськ,Донецька,Краматорський,48.8522691,37.6058241,2026-02,drone,0,1
Смоленка,Дніпропетровська,Кам’янський,48.207699,34.24868,2026-02,drone,0,1
Смотрич,Хмельницька,Кам’янець-Подільський,48.6879663,26.6019747,2026-02,drone,0,1
Сновськ,Чернігівська,Корюківський,51.8187527,31.9448953,2026-02,drone,0,9
Снігурівка,Миколаївська,Баштанський,47.070721,32.7924643,2026-02,drone,0,5
Солоне,Дніпропетровська,Синельниківський,48.13591,36.79047,2026-02,drone,0,1
Сосниця,Чернігівська,Корюківський,51.5244906,32.5028975,2026-02,drone,0,1
Софіївка,Дніпропетровська,Криворізький,48.0482032,33.8668627,2026-02,drone,0,1
Ставки,Вінницька,Гайсинський,48.4439535,29.7482193,2026-02,drone,0,1
Стара Осота,Кіровоградська,Кропивницький,48.9656487,32.2383382,2026-02,drone,0,1
Старий Колодязь,Дніпропетровська,Синельниківський,48.482418,36.350155,2026-02,drone,0,4
Старий Крим,Донецька,Маріупольський,47.0957648,37.5499621,2026-02,drone,0,2
Старий Салтів,Харківська,Чугуївський,50.0760423,36.7936724,2026-02,drone,0,8
Старикове,Сумська,Шосткинський,51.575661,34.099838,2026-02,drone,0,1
Стародніпровське,Дніпропетровська,Дніпровський,48.20423,34.87713,2026-02,drone,0,1
Старозаводське,Дніпропетровська,Нікопольський,47.546421,34.15443,2026-02,drone,0,1
Старокостянтинів,Хмельницька,Хмельницький,49.756163,27.2087889,2026-02,drone,0,1
Старонове,Сумська,Сумський,50.5814148,34.4761301,2026-02,drone,0,1
Старопетрівка,Запорізька,Бердянський,46.91643,36.81999,2026-02,drone,0,2
Старостинці,Вінницька,Вінницький,49.4848166,29.2579157,2026-02,drone,0,1
Степанівка,Сумська,Сумський,50.9417042,34.6422099,2026-02,drone,0,2
Степове,Дніпропетровська,Синельниківський,48.4043673,35.275539,2026-02,drone,0,2
Степове,Київська,Фастівський,49.9711841,29.753739223479965,2026-02,drone,0,1
Суми,Сумська,Сумський,50.9119775,34.8027723,2026-02,drone,0,35
Суми,Сумська,Сумський,50.9119775,34.8027723,2026-02,kab,0,1
Сумці,Харківська,Лозівський,49.394455,36.284039,2026-02,drone,0,1
Тальне,Черкаська,Звенигородський,48.8889723,30.6980137,2026-02,drone,0,1
Теофілівка,Вінницька,Гайсинський,48.4439535,29.7482193,2026-02,drone,0,1
Теплик,Вінницька,Гайсинський,48.6636,29.74686,2026-02,drone,0,1
Теребовля,Тернопільська,Тернопільський,49.2960742,25.692491,2026-02,drone,0,1
Терни,Дніпропетровська,Павлоградський,48.74599,36.01833,2026-02,drone,0,1
Терни,Сумська,Роменський,50.8358991,33.8782826,2026-02,drone,0,3
Тернівка,Дніпропетровська,Павлоградський,48.5222847,36.0713939,2026-02,drone,0,1
Тернівка,Донецька,Кальміуський,47.4124746,38.0187455,2026-02,drone,0,1
Тернівка,Житомирська,Новоград-Волинський,50.546719,27.4617,2026-02,drone,0,1
Тишківка,Вінницька,Гайсинський,48.797123,29.720028,2026-02,drone,0,1
Трипілля,Київська,Обухівський,50.1537167,30.7420742,2026-02,,0,1
Тростянець,Вінницька,Гайсинський,48.51227,29.2226589,2026-02,drone,0,1
Тростянець,Сумська,Охтирський,50.48046,34.96467,2026-02,drone,0,2
Тростянець,Чернігівська,Прилуцький,50.661573,32.9174152,2026-02,drone,0,2
Турбів,Вінницька,Вінницький,49.339939,28.7260729,2026-02,,0,1
Турійськ,Волинська,Ковельський,51.08299,24.52389,2026-02,drone,0,2
Українка,Миколаївська,Миколаївський,46.6612599,31.2085145,2026-02,shahed,0,1
Улянівка,Сумська,Сумський,50.9395138,34.3729195,2026-02,drone,0,2
Умань,Черкаська,Уманський,48.7497621,30.2203052,2026-02,drone,0,1
Устилуг,Волинська,Володимир-Волинський,50.8622192,24.1505139,2026-02,drone,0,1
Харкове,Запорізька,Пологівський,47.2557432,35.7021159,2026-02,drone,0,2
Харків,Харківська,Харківський,49.9923181,36.2310146,2026-02,drone,0,39
Харківка,Сумська,Шосткинський,51.767231,34.06345,2026-02,drone,0,3
Харківське,Донецька,Донецький,47.7952806,38.4798317,2026-02,drone,0,2
Харківці,Київська,Бориспільський,50.0643984,31.4447327,2026-02,drone,0,1
Херсон,Херсонська,Херсонський,46.6412644,32.625794,2026-02,drone,0,2
Ходорів,Львівська,Стрийський,49.4065802,24.3140241,2026-02,drone,0,2
Холми,Чернігівська,Корюківський,51.872562,32.595619,2026-02,drone,0,4
Холмисте,Донецька,Донецький,48.0448144,37.9635093,2026-02,drone,0,2
Хороша,Вінницька,Гайсинський,48.8120874,29.3893874,2026-02,drone,0,1
Хотінь,Сумська,Сумський,51.0786763,34.78001,2026-02,drone,0,7
Хутірське,Дніпропетровська,Дніпровський,48.7120245,34.6240969,2026-02,drone,0,1
Чаплине,Дніпропетровська,Синельниківський,48.238911,36.217121,2026-02,drone,0,8
Черемушне,Харківська,Чугуївський,49.6815177,36.354776,2026-02,drone,0,1
Черкас,Київська,Білоцерківський,49.694134,30.082663,2026-02,drone,0,2
Черкаське,Дніпропетровська,Новомосковський,48.7061619,35.379844,2026-02,drone,0,2
Чернеча Слобода,Сумська,Конотопський,51.132481,33.37846,2026-02,drone,0,1
Чернече,Одеська,Подільський,47.9363162,29.6225979,2026-02,drone,0,1
Чернещина,Полтавська,Полтавський,49.8227778,34.5386111,2026-02,drone,0,1
Чернівці,Вінницька,Могилів-Подільський,48.5406973,28.1221153,2026-02,drone,0,2
Чернігів,Чернігівська,Чернігівський,51.494099,31.294332,2026-02,drone,0,2
Чернігівка,Запорізька,Бердянський,47.19486,36.2075,2026-02,drone,0,1
Чернігівка,Миколаївська,Вознесенський,47.418625,30.996822,2026-02,drone,0,1
Чигирин,Черкаська,Черкаський,49.0775098,32.6664089,2026-02,drone,0,1
Чоповичі,Житомирська,Коростенський,50.8268121,28.9467176,2026-02,drone,0,1
Чорнобай,Черкаська,Золотоніський,49.6703225,32.3232732,2026-02,drone,0,1
Чорногородка,Київська,Фастівський,50.266571,29.88693,2026-02,drone,0,1
Чорноморськ,Одеська,Одеський,46.3020943,30.653466,2026-02,drone,0,6
Чорноморське,Одеська,Одеський,46.5849122,30.9334115,2026-02,drone,0,1
Чорноплатове,Сумська,Конотопський,51.252941,33.124119,2026-02,drone,0,1
Чугуно-Крепинка,Донецька,Горлівський,48.0220754,38.7634612,2026-02,drone,0,1
Чугуєве,Дніпропетровська,Синельниківський,48.13591,36.79047,2026-02,drone,0,1
Чугуїв,Харківська,Чугуївський,49.8363648,36.6898157,2026-02,drone,0,6
Чупахівка,Сумська,Охтирський,50.379852,34.584534,2026-02,drone,0,1
Шахтарське,Дніпропетровська,Синельниківський,48.4043673,35.275539,2026-02,drone,0,7
Шевченко,Донецька,Волноваський,47.97781,36.74678,2026-02,drone,0,1
Шевченкове,Дніпропетровська,Синельниківський,48.238911,36.217121,2026-02,drone,0,5
Шевченкове,Запорізька,Бердянський,47.09392,36.59031,2026-02,drone,0,1
Шевченкове,Харківська,Куп’янський,49.6949729,37.1753112,2026-02,drone,0,4
Шевченківське,Сумська,Конотопський,51.252941,33.124119,2026-02,drone,0,1
Шепетівка,Хмельницька,Шепетівський,50.1809437,27.0651783,2026-02,drone,0,2
Широке,Дніпропетровська,Дніпровський,48.20423,34.87713,2026-02,drone,0,1
Шостаки,Полтавська,Полтавський,49.5897423,34.5507948,2026-02,drone,0,1
Шостаківка,Донецька,Краматорський,48.6342604,36.9819183,2026-02,drone,0,1
Шостка,Сумська,Шосткинський,51.8643223,33.4728213,2026-02,drone,0,14
Шумськ,Тернопільська,Кременецький,50.1183638,26.1186214,2026-02,drone,0,1
Яворницьке,Запорізька,Запорізький,47.910351,34.901161,2026-02,drone,0,1
Яготин,Київська,Бориспільський,50.2758913,31.7634861,2026-02,drone,0,5
Ямпіль,Вінницька,Могилів-Подільський,48.2400683,28.2779272,2026-02,drone,0,2
Ямпіль,Донецька,Краматорський,48.9801314,37.8168012,2026-02,drone,0,1
Ямпіль,Сумська,Шосткинський,51.9481126,33.778454,2026-02,drone,0,1
Ярмолинці,Вінницька,Гайсинський,48.8120874,29.3893874,2026-02,drone,0,1
Ясіня,Закарпатська,Рахівський,48.2722802,24.3611884,2026-02,drone,0,1
Іване-Золоте,Тернопільська,Чортківський,48.6402658,25.735898,2026-03,drone,0,1
Іванків,Вінницька,Могилів-Подільський,48.2400683,28.2779272,2026-03,shahed,0,1
Іванків,Київська,Бориспільський,50.3512101,30.95077,2026-03,drone,0,2
Ізюм,Харківська,Ізюмський,49.1913721,37.2784125,2026-03,drone,0,5
Ічня,Чернігівська,Прилуцький,50.8623444,32.3910144,2026-03,drone,0,2
Алтинівка,Сумська,Конотопський,51.5548654,33.3875984,2026-03,drone,0,1
Апостолове,Дніпропетровська,Криворізький,47.6617478,33.7180001,2026-03,drone,0,5
Архангельське,Херсонська,Бериславський,47.4933112,33.528245,2026-03,drone,0,4
Арциз,Одеська,Болградський,45.9962017,29.431517,2026-03,drone,0,1
Балабине,Запорізька,Запорізький,47.71671,35.20981,2026-03,drone,0,1
Балаклія,Харківська,Ізюмський,49.4521336,36.8397826,2026-03,drone,0,3
Барвінкове,Харківська,Ізюмський,48.9070045,37.0287573,2026-03,drone,0,1
Барвінок,Дніпропетровська,Дніпровський,48.18399,34.565262,2026-03,drone,0,1
Батурин,Чернігівська,Ніжинський,51.3413087,32.8778317,2026-03,drone,0,5
Бахмач,Чернігівська,Ніжинський,51.1801374,32.8165107,2026-03,drone,0,2
Баштанка,Миколаївська,Баштанський,47.4033486,32.4388921,2026-03,drone,0,6
Бердичів,Житомирська,Бердичівський,49.8940442,28.5814912,2026-03,drone,0,1
Березанка,Миколаївська,Миколаївський,46.8544054,31.3874915,2026-03,drone,0,1
Березань,Київська,Броварський,50.3132713,31.4689158,2026-03,drone,0,1
Березна,Чернігівська,Чернігівський,51.5778917,31.7902811,2026-03,drone,0,3
Березняк,Дніпропетровська,Кам’янський,48.68626,33.922,2026-03,drone,0,1
Березівка,Запорізька,Пологівський,47.3624,36.65108,2026-03,drone,0,1
Березівка,Кіровоградська,Кропивницький,47.90897,32.172771,2026-03,drone,0,1
Бершадь,Вінницька,Гайсинський,48.36594,29.51889,2026-03,drone,0,1
Бобринець,Кіровоградська,Кропивницький,48.05729,32.15938,2026-03,drone,0,3
Богодарівка,Дніпропетровська,Синельниківський,47.9808528,36.2333808,2026-03,drone,0,1
Богодарівка,Миколаївська,Вознесенський,47.696378,31.8489152,2026-03,drone,0,1
Богодарівка,Полтавська,Лубенський,50.022606,32.725002,2026-03,drone,0,1
Богодухів,Харківська,Богодухівський,50.1601711,35.5220539,2026-03,drone,0,8
Боголюбове,Сумська,Охтирський,50.48046,34.96467,2026-03,drone,0,1
Богоявленка,Донецька,Волноваський,47.7805058,37.2484374,2026-03,drone,0,1
Божедарівка,Дніпропетровська,Кам’янський,48.3601,34.11392,2026-03,drone,0,2
Борзна,Чернігівська,Ніжинський,51.2534475,32.4263156,2026-03,drone,0,3
Борзівщина,Сумська,Охтирський,50.308109,34.80949,2026-03,drone,0,1
Бориспіль,Київська,Бориспільський,50.3512101,30.95077,2026-03,drone,0,2
Бородіно,Одеська,Болградський,46.3023788,29.2422721,2026-03,drone,0,1
Боромля,Сумська,Охтирський,50.619511,34.967079,2026-03,drone,0,2
Брусилів,Житомирська,Житомирський,50.28305,29.51889,2026-03,drone,0,1
Буринь,Сумська,Конотопський,51.1960431,33.8288042,2026-03,drone,0,9
Бурштин,Івано-Франківська,Івано-Франківський,49.2516287,24.6341893,2026-03,shahed,0,1
Біла Церква,Київська,Білоцерківський,49.7969703,30.1158069,2026-03,drone,0,1
Білгород-Дністровський,Одеська,Білгород-Дністровський,46.1909823,30.345784,2026-03,drone,0,13
Біле,Одеська,Ізмаїльський,45.40306,29.58309,2026-03,drone,0,1
Білики,Полтавська,Миргородський,49.9658333,33.6113889,2026-03,drone,0,1
Білогородка,Київська,Бучанський,50.390171,30.22785,2026-03,drone,0,1
Білогір'я,Запорізька,Пологівський,47.532688,35.896801,2026-03,drone,0,2
Білозерка,Херсонська,Херсонський,46.63078,32.44537,2026-03,drone,0,1
Білозерське,Дніпропетровська,Павлоградський,48.74599,36.01833,2026-03,drone,0,2
Білопілля,Сумська,Сумський,51.1460449,34.3121992,2026-03,drone,0,2
Білоусове,Харківська,Богодухівський,49.8436,35.31349,2026-03,drone,0,1
Білоусівка,Полтавська,Лубенський,50.2733333,32.9383333,2026-03,drone,0,1
Валки,Сумська,Сумський,50.5814148,34.4761301,2026-03,drone,0,1
Валіївка,Сумська,Сумський,50.9395138,34.3729195,2026-03,drone,0,1
Вапнярки,Вінницька,Тульчинський,48.5453497,28.5114332,2026-03,drone,0,1
Васильківка,Дніпропетровська,Синельниківський,48.21041,36.03035,2026-03,drone,0,6
Велика Багачка,Полтавська,Миргородський,49.7852778,33.7213889,2026-03,drone,0,3
Велика Лепетиха,Херсонська,Каховський,47.178599,33.9428266,2026-03,drone,0,1
Велика Писарівка,Сумська,Охтирський,50.4253238,35.4838569,2026-03,drone,0,1
Великий Бурлук,Харківська,Куп’янський,50.05422,37.38939,2026-03,drone,0,2
Великокозирщина,Дніпропетровська,Новомосковський,49.0814029,35.218048,2026-03,drone,0,1
Веселе,Дніпропетровська,Синельниківський,48.352551,35.45631,2026-03,drone,0,1
Вилкове,Одеська,Ізмаїльський,45.40306,29.58309,2026-03,drone,0,2
Вишгород,Київська,Вишгородський,50.5824332,30.485121,2026-03,drone,0,1
Вишеньки,Київська,Бориспільський,50.328709,30.705759,2026-03,drone,0,1
Вишневе,Дніпропетровська,Криворізький,47.66556,33.1152,2026-03,drone,0,1
Вільгір,Рівненська,Рівненський,50.5426,26.5258,2026-03,cruise,0,1
Вільногірськ,Дніпропетровська,Кам’янський,48.49365,34.02328,2026-03,drone,0,3
Вільнянськ,Запорізька,Запорізький,47.9433,35.43159,2026-03,drone,0,2
Вільшани,Харківська,Харківський,49.984881,36.0681717,2026-03,drone,0,9
Вільшанка,Кіровоградська,Голованівський,48.7330559,31.1271498,2026-03,,0,1
Вільшанка,Сумська,Сумський,50.5814148,34.4761301,2026-03,drone,0,1
Вінниця,Вінницька,Вінницький,49.2320162,28.467975,2026-03,drone,0,5
Вінниця,Вінницька,Вінницький,49.2320162,28.467975,2026-03,shahed,0,1
Вісичі,Полтавська,Полтавський,49.3338321,34.3148631,2026-03,drone,0,1
Гадяч,Полтавська,Миргородський,50.3701299,33.9950534,2026-03,drone,0,5
Глухе,Дніпропетровська,Нікопольський,47.770885,34.729996,2026-03,drone,0,2
Глухів,Сумська,Шосткинський,51.67831,33.9093,2026-03,drone,0,7
Гончарівське,Чернігівська,Чернігівський,51.2990164,30.9276044,2026-03,drone,0,3
Городня,Чернігівська,Чернігівський,51.8915393,31.595545,2026-03,drone,0,6
Городуватка,Дніпропетровська,Криворізький,47.66556,33.1152,2026-03,drone,0,2
Горохівка,Миколаївська,Миколаївський,47.0171096,32.1465767,2026-03,drone,0,1
Горішні Плавні,Полтавська,Кременчуцький,49.0140647,33.6330875,2026-03,drone,0,1
Гостомель,Київська,Бучанський,50.58826,30.25909,2026-03,drone,0,1
Губиниха,Дніпропетровська,Новомосковський,48.8082927,35.2563381,2026-03,drone,0,2
Гірницьке,Дніпропетровська,Нікопольський,47.6546589,34.1149341,2026-03,drone,0,4
Дергачі,Харківська,Харківський,50.107307,36.1205965,2026-03,drone,0,1
Десна,Чернігівська,Чернігівський,50.9247792,30.7729799,2026-03,drone,0,1
Диканька,Полтавська,Полтавський,49.8227778,34.5386111,2026-03,drone,0,5
Дмитрівка,Дніпропетровська,Синельниківський,48.389278,36.315651,2026-03,drone,0,1
Дмитрівка,Сумська,Конотопський,51.1960431,33.8288042,2026-03,drone,0,1
Дніпро,Дніпропетровська,Дніпровський,48.4680221,35.0417711,2026-03,drone,0,13
Дніпроенергія,Донецька,Волноваський,47.97781,36.74678,2026-03,drone,0,1
Добраничівка,Київська,Бориспільський,50.2758913,31.7634861,2026-03,drone,0,1
Добровеличківка,Кіровоградська,Новоукраїнський,48.38791,31.17748,2026-03,drone,0,1
Добровілля,Дніпропетровська,Синельниківський,48.238911,36.217121,2026-03,drone,0,1
Добропасове,Дніпропетровська,Синельниківський,47.9808528,36.2333808,2026-03,drone,0,2
Добропілля,Донецька,Покровський,48.4441378,36.9162268,2026-03,drone,0,2
Доброслав,Одеська,Одеський,46.8193867,30.943207,2026-03,drone,0,1
Дружелюбівка,Дніпропетровська,Дніпровський,48.067799,34.613155,2026-03,drone,0,2
Дубове,Одеська,Подільський,47.5399,29.45881,2026-03,drone,0,1
Дубовий Гай,Запорізька,Запорізький,47.97146,35.89886,2026-03,drone,0,1
Есмань,Сумська,Шосткинський,51.7311446,33.8753315,2026-03,drone,0,4
Жашків,Черкаська,Уманський,49.2478012,30.1066179,2026-03,drone,0,1
Житомир,Житомирська,Житомирський,50.2598298,28.6692345,2026-03,,0,2
Житомир,Житомирська,Житомирський,50.2598298,28.6692345,2026-03,drone,0,2
Жовті Води,Дніпропетровська,Кам’янський,48.3465174,33.5027797,2026-03,drone,0,6
Заводське,Полтавська,Миргородський,50.4052959,33.3973661,2026-03,drone,0,1
Закупне,Хмельницька,Кам’янець-Подільський,49.1205929,26.3381922,2026-03,shahed,0,1
Залізничне,Харківська,Чугуївський,49.7154088,36.9345851,2026-03,drone,0,1
Запоріжжя,Дніпропетровська,Синельниківський,48.389278,36.315651,2026-03,drone,0,2
Запоріжжя,Донецька,Волноваський,47.97781,36.74678,2026-03,drone,0,1
Запоріжжя,Запорізька,Запорізький,47.8507859,35.1182867,2026-03,drone,0,25
Запоріжжя,Запорізька,Запорізький,47.8507859,35.1182867,2026-03,shahed,0,1
Запорізьке,Дніпропетровська,Криворізький,47.6617478,33.7180001,2026-03,drone,0,2
Затока,Львівська,Яворівський,49.9220001,23.7311549,2026-03,drone,0,1
Затока,Одеська,Білгород-Дністровський,46.1458339,30.5255473,2026-03,drone,0,18
Затоки,Вінницька,Жмеринський,49.077621,27.6813781,2026-03,drone,0,1
Златопіль,Дніпропетровська,Криворізький,47.9559565,33.525732,2026-03,drone,0,1
Златопіль,Запорізька,Василівський,47.3899205,35.0028481,2026-03,drone,0,1
Зміїв,Харківська,Чугуївський,49.6815177,36.354776,2026-03,drone,0,3
Знам'янка,Кіровоградська,Кропивницький,48.7199609,32.6659476,2026-03,drone,0,1
Золота Долина,Запорізька,Мелітопольський,46.894451,35.416489,2026-03,drone,0,1
Золотарівка,Сумська,Охтирський,50.48046,34.96467,2026-03,drone,0,4
Золотницьке,Дніпропетровська,Кам’янський,48.68626,33.922,2026-03,drone,0,5
Золотоноша,Черкаська,Золотоніський,49.6689719,32.0427439,2026-03,drone,0,1
Золотухи,Полтавська,Лубенський,49.7875449,32.6997311,2026-03,drone,0,2
Золочів,Львівська,Золочівський,49.8056522,24.8988858,2026-03,drone,0,1
Золочів,Харківська,Богодухівський,50.2790531,35.9824347,2026-03,drone,0,3
Казанківка,Дніпропетровська,Криворізький,47.66556,33.1152,2026-03,drone,0,1
Кам'янське,Дніпропетровська,Кам’янський,48.5167748,34.6068797,2026-03,drone,0,3
Карлівка,Полтавська,Полтавський,49.4537175,35.1374845,2026-03,drone,0,1
Карнаухівка,Дніпропетровська,Кам’янський,48.5167748,34.6068797,2026-03,drone,0,2
Кегичівка,Харківська,Красноградський,49.2862713,35.7694811,2026-03,drone,0,1
Кириківка,Сумська,Охтирський,50.337784,35.143055,2026-03,drone,0,3
Киричкове,Дніпропетровська,Синельниківський,47.9808528,36.2333808,2026-03,drone,0,1
Київ,м. Київ,,50.4501,30.5234,2026-03,,0,2
Київ,м. Київ,,50.4501,30.5234,2026-03,drone,0,8
Ковель,Волинська,Ковельський,51.2120538,24.708894,2026-03,drone,0,1
Козача Лопань,Харківська,Харківський,50.107307,36.1205965,2026-03,drone,0,1
Козельщина,Полтавська,Кременчуцький,49.2136111,33.8413889,2026-03,drone,0,1
Коломак,Полтавська,Полтавський,49.5586111,34.0791667,2026-03,drone,0,1
Коломак,Харківська,Богодухівський,49.8436,35.31349,2026-03,drone,0,1
Комишуваха,Запорізька,Запорізький,47.7141975,35.5322725,2026-03,drone,0,2
Конопляне,Одеська,Березівський,47.037708,30.479984,2026-03,drone,0,1
Конотоп,Сумська,Конотопський,51.2397495,33.206675,2026-03,drone,0,21
Конотоп,Чернігівська,Чернігівський,51.8915393,31.595545,2026-03,drone,0,4
Кончаки,Київська,Фастівський,50.18726,29.80797,2026-03,drone,0,1
Коробчине,Дніпропетровська,Кам’янський,48.3747353,34.4569858,2026-03,drone,0,1
Короп,Чернігівська,Новгород-Сіверський,51.5671394,32.9520532,2026-03,drone,0,1
Коростень,Житомирська,Коростенський,51.0060511,28.5875505,2026-03,drone,0,1
Корюківка,Чернігівська,Корюківський,51.77444,32.2514,2026-03,drone,0,9
Костянтинівка,Дніпропетровська,Дніпровський,48.18399,34.565262,2026-03,drone,0,1
Кочеток,Харківська,Чугуївський,49.8363648,36.6898157,2026-03,drone,0,1
Крамарка,Дніпропетровська,Новомосковський,48.9145571,34.9291661,2026-03,drone,0,3
Краматорськ,Донецька,Краматорський,48.7389415,37.5843812,2026-03,drone,0,1
Краснопілля,Дніпропетровська,Новомосковський,49.118382,34.773186,2026-03,drone,0,1
Краснопілля,Сумська,Сумський,50.7712539,35.2563391,2026-03,drone,0,5
Кременчувате,Кіровоградська,Кропивницький,48.2497235,32.2043672,2026-03,drone,0,1
Кременчук,Полтавська,Кременчуцький,49.0629553,33.403516,2026-03,drone,0,4
Кременівка,Дніпропетровська,Новомосковський,49.118382,34.773186,2026-03,drone,0,2
Кременівка,Дніпропетровська,Новомосковський,49.118382,34.773186,2026-03,guided_air,0,1
Кремський Бугор,Чернігівська,Новгород-Сіверський,52.004259,33.2779899,2026-03,drone,0,1
Криве Озеро,Миколаївська,Первомайський,47.9532217,30.3425878,2026-03,drone,0,1
Кривий,Закарпатська,Хустський,48.1764917,23.291166,2026-03,drone,0,7
Кривий Ріг,Дніпропетровська,Криворізький,47.9102734,33.3917703,2026-03,drone,0,16
Кривий Ріг,Херсонська,Генічеський,46.3558121,34.3363579,2026-03,drone,0,1
Крижопіль,Вінницька,Тульчинський,48.38568,28.86941,2026-03,drone,0,1
Кролевець,Сумська,Конотопський,51.5548654,33.3875984,2026-03,drone,0,5
Куликівка,Чернігівська,Прилуцький,50.8623444,32.3910144,2026-03,drone,0,4
Куп'янськ,Харківська,Куп’янський,49.7132963,37.6141992,2026-03,drone,0,2
Курортне,Одеська,Білгород-Дністровський,46.02756,30.37273,2026-03,drone,0,1
Кушугум,Запорізька,Запорізький,47.71671,35.20981,2026-03,drone,0,1
Кілія,Одеська,Ізмаїльський,45.4409767,29.2652788,2026-03,drone,0,2
Ладижин,Вінницька,Гайсинський,48.6810505,29.2567642,2026-03,,0,1
Лебедин,Сумська,Сумський,50.5814148,34.4761301,2026-03,drone,0,8
Лебедин,Черкаська,Звенигородський,49.0132605,31.393139,2026-03,drone,0,1
Лебедине,Полтавська,Полтавський,49.1433333,34.2002778,2026-03,drone,0,2
Лебединське,Дніпропетровська,Нікопольський,47.748482,34.380531,2026-03,drone,0,2
Лиманка,Одеська,Одеський,46.367195,30.651262,2026-03,drone,0,1
Лиманівка,Запорізька,Василівський,47.2817378,35.3955872,2026-03,guided_air,0,1
Липова Долина,Сумська,Роменський,50.5637857,33.7990004,2026-03,drone,0,2
Липове,Дніпропетровська,Кам’янський,48.68626,33.922,2026-03,drone,0,1
Липове,Полтавська,Лубенський,50.2733333,32.9383333,2026-03,drone,0,2
Липовець,Вінницька,Вінницький,49.2296415,29.0642148,2026-03,drone,0,1
Лисянка,Черкаська,Звенигородський,49.2525981,30.8277476,2026-03,drone,0,1
Лозова,Харківська,Лозівський,48.8842428,36.3160254,2026-03,drone,0,2
Лозова,Чернігівська,Корюківський,51.5244906,32.5028975,2026-03,drone,0,1
Лозове,Дніпропетровська,Синельниківський,48.45863,36.42483,2026-03,drone,0,1
Львів,Дніпропетровська,Криворізький,47.9559565,33.525732,2026-03,shahed,0,1
Любе,Дніпропетровська,Криворізький,48.103291,33.751369,2026-03,drone,0,1
Люботин,Харківська,Харківський,49.9435604,35.9185185,2026-03,drone,0,1
Макарівка,Дніпропетровська,Криворізький,47.7582211,33.2364554,2026-03,drone,0,1
Макове,Сумська,Шосткинський,51.8643223,33.4728213,2026-03,drone,0,1
Макошине,Чернігівська,Корюківський,51.52279,32.21638,2026-03,drone,0,2
Мала Біла,Вінницька,Вінницький,49.339939,28.7260729,2026-03,drone,0,1
Малокозирщина,Дніпропетровська,Новомосковський,49.01825,35.35915,2026-03,drone,0,1
Марганець,Дніпропетровська,Нікопольський,47.6490555,34.649194,2026-03,drone,0,4
Маяки,Одеська,Одеський,46.413799,30.26836,2026-03,drone,0,2
Межова,Дніпропетровська,Синельниківський,48.2553506,36.7322839,2026-03,drone,0,1
Мена,Чернігівська,Корюківський,51.52279,32.21638,2026-03,drone,0,16
Мена,Чернігівська,Корюківський,51.52279,32.21638,2026-03,shahed,0,1
Мерефа,Харківська,Харківський,49.8183386,36.0628675,2026-03,drone,0,3
Миколаїв,Львівська,Стрийський,49.5253714,23.9788155,2026-03,drone,0,2
Миколаїв,Миколаївська,Миколаївський,46.9758615,31.9939666,2026-03,drone,0,3
Миколаїв,Чернігівська,Ніжинський,50.7415033,31.3860852,2026-03,drone,0,2
Миколаївка,Дніпропетровська,Дніпровський,48.5495226,34.8545508,2026-03,drone,0,1
Миколаївка,Запорізька,Бердянський,47.1404461,36.8029994,2026-03,guided_air,0,1
Миколаївка,Полтавська,Миргородський,50.4361716,33.975914,2026-03,drone,0,1
Миколаївка,Сумська,Конотопський,51.1960431,33.8288042,2026-03,drone,0,3
Миколаївка,Харківська,Чугуївський,49.7154088,36.9345851,2026-03,drone,0,1
Миколаївка,Херсонська,Каховський,47.002258,34.15546,2026-03,drone,0,1
Миргород,Полтавська,Миргородський,49.9658333,33.6113889,2026-03,drone,0,8
Могриця,Сумська,Сумський,51.1227143,35.032302,2026-03,drone,0,1
Недригайлів,Сумська,Роменський,50.8358991,33.8782826,2026-03,drone,0,3
Немирів,Вінницька,Вінницький,48.9654035,28.8430131,2026-03,drone,0,1
Новгород-Сіверський,Чернігівська,Новгород-Сіверський,52.004259,33.2779899,2026-03,drone,0,1
Новий Буг,Миколаївська,Баштанський,47.6933814,32.5106596,2026-03,drone,0,1
Нововасилівка,Запорізька,Запорізький,47.946049,35.463181,2026-03,drone,0,1
Новогродівка,Донецька,Покровський,48.1997174,37.3399704,2026-03,drone,0,3
Новодонецьке,Донецька,Краматорський,48.6342604,36.9819183,2026-03,drone,0,1
Новомиколаївка,Запорізька,Запорізький,47.97146,35.89886,2026-03,drone,0,6
Новомикільськ,Вінницька,Могилів-Подільський,48.417961,28.160311,2026-03,drone,0,2
Новомосковськ,Дніпропетровська,Новомосковський,48.6358512,35.2595541,2026-03,drone,0,3
Новопетрівка,Сумська,Сумський,50.5814148,34.4761301,2026-03,drone,0,1
Новослобідське,Сумська,Конотопський,51.3749282,34.132125,2026-03,drone,0,1
Нові Санжари,Полтавська,Полтавський,49.3338321,34.3148631,2026-03,drone,0,1
Ніжин,Чернігівська,Ніжинський,51.0464747,31.8806289,2026-03,drone,0,8
Нікополь,Дніпропетровська,Нікопольський,47.5692061,34.3917272,2026-03,drone,0,5
Овідіополь,Одеська,Одеський,46.2473734,30.4448614,2026-03,drone,0,1
Одеса,Одеська,Одеський,46.4843023,30.7322878,2026-03,drone,0,23
Олександрівка,Донецька,Донецький,48.0158753,37.8013407,2026-03,drone,0,1
Олишівка,Чернігівська,Чернігівський,51.217918,31.32992,2026-03,drone,0,1
Опішня,Полтавська,Полтавський,49.9570991,34.6100455,2026-03,drone,0,3
Оріхів,Запорізька,Пологівський,47.5691902,35.7789871,2026-03,drone,0,1
Охтирка,Сумська,Охтирський,50.3115386,34.8868923,2026-03,drone,0,7
Очаків,Миколаївська,Миколаївський,46.6145957,31.5452994,2026-03,drone,0,5
П'ятихатки,Дніпропетровська,Павлоградський,48.74599,36.01833,2026-03,drone,0,1
Павлоград,Дніпропетровська,Павлоградський,48.5316759,35.8703695,2026-03,drone,0,11
Павлоград,Луганська,Сєвєродонецький,48.9478698,38.4936475,2026-03,drone,0,1
Павлівка,Вінницька,Тульчинський,48.38568,28.86941,2026-03,drone,0,1
Парафіївка,Чернігівська,Прилуцький,50.8840075,32.6447189,2026-03,drone,0,1
Перещепине,Дніпропетровська,Новомосковський,49.01825,35.35915,2026-03,drone,0,1
Петропавлівка,Дніпропетровська,Синельниківський,48.45863,36.42483,2026-03,drone,0,4
Печеніги,Харківська,Чугуївський,49.865444,36.9391629,2026-03,drone,0,10
Пирятин,Львівська,Львівський,50.1346697,23.8537195,2026-03,shahed,0,1
Пирятин,Полтавська,Лубенський,50.2361111,32.5011111,2026-03,drone,0,1
Плішивець,Полтавська,Миргородський,50.458488,34.1396609,2026-03,drone,0,1
Покров,Дніпропетровська,Нікопольський,47.6546589,34.1149341,2026-03,drone,0,4
Покровське,Дніпропетровська,Синельниківський,47.9808528,36.2333808,2026-03,drone,0,2
Полтава,Полтавська,Полтавський,49.5897423,34.5507948,2026-03,drone,0,5
Полтава,Харківська,Куп’янський,49.6949729,37.1753112,2026-03,drone,0,8
Полтавка,Дніпропетровська,Криворізький,47.66556,33.1152,2026-03,drone,0,2
Полтавське,Дніпропетровська,Синельниківський,48.399643,36.709404,2026-03,drone,0,1
Полтавське,Харківська,Лозівський,48.8842428,36.3160254,2026-03,drone,0,2
Прилужжя,Сумська,Конотопський,51.30048,33.429016,2026-03,drone,0,2
Прилуки,Чернігівська,Прилуцький,50.5950864,32.3866658,2026-03,drone,0,2
Путивль,Сумська,Конотопський,51.3359821,33.8715451,2026-03,drone,0,8
Путилівка,Дніпропетровська,Нікопольський,47.546421,34.15443,2026-03,drone,0,3
Південне,Дніпропетровська,Нікопольський,47.748482,34.380531,2026-03,drone,0,2
Південне,Дніпропетровська,Нікопольський,47.748482,34.380531,2026-03,guided_air,0,1
Південне,Донецька,Бахмутський,48.3970469,37.8501378,2026-03,drone,0,1
Південне,Одеська,Білгород-Дністровський,46.337597,29.986652,2026-03,drone,0,11
Південне,Харківська,Харківський,49.984881,36.0681717,2026-03,drone,0,2
Рава-Руська,Львівська,Львівський,50.230654,23.6240014,2026-03,shahed,0,1
Ржищів,Київська,Обухівський,49.96822,31.04118,2026-03,drone,0,1
Рогань,Харківська,Харківський,49.9035,36.479103,2026-03,drone,0,10
Рогань,Харківська,Харківський,49.9035,36.479103,2026-03,guided_air,0,1
Рогатин,Івано-Франківська,Івано-Франківський,49.4092703,24.6105811,2026-03,drone,0,1
Рокитне,Житомирська,Коростенський,51.377941,28.358181,2026-03,drone,0,1
Ромни,Сумська,Роменський,50.74207,33.4877,2026-03,drone,0,6
Ропове,Миколаївська,Баштанський,47.5225573,32.923254,2026-03,drone,1,1
Ріпки,Сумська,Роменський,50.74207,33.4877,2026-03,drone,0,1
Ріпки,Чернігівська,Чернігівський,51.8036433,31.0931453,2026-03,drone,0,4
Савинці,Харківська,Ізюмський,49.39625,37.05036,2026-03,drone,0,1
Сарата,Одеська,Білгород-Дністровський,46.0220664,29.6648751,2026-03,drone,0,1
Сахновщина,Харківська,Красноградський,49.1517351,35.875332,2026-03,drone,0,1
Седнів,Чернігівська,Чернігівський,51.64209,31.562403,2026-03,drone,0,4
Семенівка,Дніпропетровська,Дніпровський,48.9434,34.48986,2026-03,drone,0,1
Семенівка,Донецька,Краматорський,48.7389415,37.5843812,2026-03,drone,0,1
Семенівка,Чернігівська,Корюківський,51.52279,32.21638,2026-03,drone,0,4
Сергіївка,Дніпропетровська,Криворізький,48.103291,33.751369,2026-03,drone,0,2
Синельникове,Дніпропетровська,Синельниківський,48.3269304,35.5246984,2026-03,drone,0,11
Славгород,Дніпропетровська,Синельниківський,48.1009562,35.5171714,2026-03,drone,0,6
Слобожанське,Харківська,Харківський,50.203121,36.422314,2026-03,drone,0,1
Слов'янка,Дніпропетровська,Криворізький,47.6617478,33.7180001,2026-03,drone,0,1
Слов'янськ,Донецька,Краматорський,48.8522691,37.6058241,2026-03,drone,0,1
Смотрич,Хмельницька,Кам’янець-Подільський,48.94993,26.55808,2026-03,shahed,0,1
Сміла,Черкаська,Черкаський,49.2336897,31.8829216,2026-03,drone,0,1
Сміле,Запорізька,Пологівський,47.3624,36.65108,2026-03,drone,0,1
Сновськ,Чернігівська,Корюківський,51.8187527,31.9448953,2026-03,drone,0,13
Снігурівка,Запорізька,Пологівський,47.2557432,35.7021159,2026-03,drone,0,1
Снігурівка,Миколаївська,Баштанський,47.070721,32.7924643,2026-03,drone,0,7
Солоне,Дніпропетровська,Синельниківський,48.13591,36.79047,2026-03,drone,0,5
Сосниця,Чернігівська,Корюківський,51.5244906,32.5028975,2026-03,drone,0,1
Соснівка,Дніпропетровська,Синельниківський,47.9741006,36.4563294,2026-03,drone,0,1
Соснівка,Полтавська,Миргородський,49.8764366,34.0069282,2026-03,drone,0,1
Софіївка,Дніпропетровська,Криворізький,48.061314,33.2810237,2026-03,drone,0,3
Срібне,Чернігівська,Прилуцький,50.661573,32.9174152,2026-03,drone,0,2
Ставки,Вінницька,Гайсинський,48.4439535,29.7482193,2026-03,drone,0,1
Стара Гута,Вінницька,Хмільницький,49.556175,27.9491205,2026-03,drone,0,1
Старий Колодязь,Дніпропетровська,Синельниківський,48.482418,36.350155,2026-03,drone,0,2
Старий Салтів,Харківська,Чугуївський,50.0760423,36.7936724,2026-03,drone,0,7
Старий Самбір,Львівська,Самбірський,49.44406,23.0022677,2026-03,drone,0,1
Старий Хутір,Полтавська,Миргородський,50.3595181,33.2741725,2026-03,drone,0,1
Старикове,Сумська,Шосткинський,51.575661,34.099838,2026-03,drone,0,3
Старозаводське,Дніпропетровська,Нікопольський,47.546421,34.15443,2026-03,drone,0,2
Старокостянтинів,Хмельницька,Хмельницький,49.756163,27.2087889,2026-03,,0,1
Старокостянтинів,Хмельницька,Хмельницький,49.756163,27.2087889,2026-03,drone,0,5
Старонове,Сумська,Сумський,50.5814148,34.4761301,2026-03,drone,0,4
Старопетрівка,Запорізька,Бердянський,46.91643,36.81999,2026-03,drone,0,2
Старостинці,Вінницька,Вінницький,49.4848166,29.2579157,2026-03,drone,0,1
Старосілля,Одеська,Білгород-Дністровський,46.340572,29.566586,2026-03,drone,0,1
Степанівка,Сумська,Конотопський,51.1960431,33.8288042,2026-03,drone,0,2
Суми,Сумська,Сумський,50.9119775,34.8027723,2026-03,drone,0,54
Суми,Сумська,Сумський,50.9119775,34.8027723,2026-03,guided_air,0,1
Суми,Сумська,Сумський,50.9119775,34.8027723,2026-03,kab,0,1
Сумці,Харківська,Лозівський,49.394455,36.284039,2026-03,drone,0,1
Тальне,Черкаська,Звенигородський,48.8889723,30.6980137,2026-03,drone,0,2
Татарбунари,Одеська,Білгород-Дністровський,45.8398696,29.6166537,2026-03,drone,0,9
Терни,Сумська,Роменський,50.8358991,33.8782826,2026-03,drone,0,6
Тернівка,Вінницька,Хмільницький,49.7207433,28.6709477,2026-03,drone,0,1
Тимофіївка,Полтавська,Миргородський,50.458488,34.1396609,2026-03,drone,0,1
Томаківка,Дніпропетровська,Кам’янський,48.6541915,34.3347779,2026-03,drone,0,2
Тростянець,Вінницька,Вінницький,49.1117881,28.6889425,2026-03,drone,0,1
Тростянець,Сумська,Охтирський,50.48046,34.96467,2026-03,drone,0,8
Тростянець,Чернігівська,Прилуцький,50.8840075,32.6447189,2026-03,drone,0,2
Турбів,Вінницька,Вінницький,49.339939,28.7260729,2026-03,drone,0,1
Угроїди,Сумська,Сумський,50.7712539,35.2563391,2026-03,drone,0,1
Українка,Житомирська,Коростенський,50.7677902,29.2414346,2026-03,drone,0,1
Умань,Черкаська,Уманський,48.7497621,30.2203052,2026-03,shahed,0,1
Устилуг,Волинська,Володимир-Волинський,50.8622192,24.1505139,2026-03,drone,0,1
Харків,Харківська,Харківський,49.9923181,36.2310146,2026-03,drone,0,63
Харківка,Сумська,Шосткинський,51.767231,34.06345,2026-03,drone,0,2
Харківське,Донецька,Донецький,47.7952806,38.4798317,2026-03,drone,0,1
Харківці,Полтавська,Миргородський,50.3701299,33.9950534,2026-03,drone,0,3
Херсон,Херсонська,Херсонський,46.6412644,32.625794,2026-03,drone,0,2
Хмельницький,Хмельницька,Хмельницький,49.4196404,26.9793793,2026-03,drone,0,2
Холми,Чернігівська,Корюківський,51.872562,32.595619,2026-03,drone,0,12
Хорол,Сумська,Роменський,50.819687,34.022835,2026-03,drone,0,1
Хорошеве,Дніпропетровська,Синельниківський,48.4043673,35.275539,2026-03,drone,0,1
Хотінь,Сумська,Сумський,51.0786763,34.78001,2026-03,drone,0,4
Циркуни,Харківська,Харківський,50.08289,36.385342,2026-03,drone,0,1
Чаплине,Дніпропетровська,Синельниківський,48.238911,36.217121,2026-03,drone,0,3
Черкаси,Черкаська,Черкаський,49.4302723,32.0447228243568,2026-03,drone,0,2
Черкаське,Дніпропетровська,Новомосковський,48.7061619,35.379844,2026-03,drone,0,4
Чернече,Одеська,Подільський,47.9363162,29.6225979,2026-03,drone,0,1
Чернеччина,Сумська,Охтирський,50.308109,34.80949,2026-03,drone,0,1
Чернишки,Сумська,Сумський,50.5814148,34.4761301,2026-03,drone,0,1
Черняхівка,Київська,Бориспільський,50.2758913,31.7634861,2026-03,drone,0,1
Чернігів,Чернігівська,Чернігівський,51.494099,31.294332,2026-03,drone,2,16
Чернігівка,Дніпропетровська,Дніпровський,48.18399,34.565262,2026-03,drone,0,1
Чернігівка,Запорізька,Бердянський,47.19486,36.2075,2026-03,drone,0,1
Чернігівка,Миколаївська,Баштанський,47.5752739,32.6213011,2026-03,drone,0,1
Чигирин,Черкаська,Черкаський,49.0775098,32.6664089,2026-03,drone,0,1
Чорноглазівка,Дніпропетровська,Павлоградський,48.74599,36.01833,2026-03,drone,0,1
Чорноморськ,Одеська,Одеський,46.3020943,30.653466,2026-03,drone,0,6
Чорноморське,Одеська,Одеський,46.5849122,30.9334115,2026-03,,0,1
Чорноморське,Одеська,Одеський,46.5849122,30.9334115,2026-03,drone,0,4
Чорноморське,Херсонська,Скадовський,46.2458348,32.2929002,2026-03,drone,0,1
Чорнопарівка,Дніпропетровська,Дніпровський,48.18399,34.565262,2026-03,drone,0,1
Чортория,Вінницька,Гайсинський,49.0062062,29.4416807,2026-03,shahed,0,1
Чугуєве,Дніпропетровська,Синельниківський,48.13591,36.79047,2026-03,drone,0,6
Чугуїв,Харківська,Чугуївський,49.8363648,36.6898157,2026-03,drone,0,33
Чутове,Полтавська,Полтавський,49.7216667,35.1694444,2026-03,drone,0,1
Шахтарське,Дніпропетровська,Синельниківський,48.4043673,35.275539,2026-03,drone,0,5
Шевченкове,Вінницька,Вінницький,49.1136358,29.2024356,2026-03,drone,0,1
Шевченкове,Запорізька,Пологівський,47.4784803,36.2531412,2026-03,drone,0,1
Шевченкове,Харківська,Куп’янський,49.6949729,37.1753112,2026-03,drone,0,3
Шевченківське,Сумська,Конотопський,51.252941,33.124119,2026-03,drone,0,1
Шепетівка,Хмельницька,Шепетівський,50.1809437,27.0651783,2026-03,drone,0,1
Шилівка,Полтавська,Полтавський,50.21026,34.35768,2026-03,drone,0,1
Широке,Дніпропетровська,Криворізький,47.6846511,33.2645369,2026-03,drone,0,3
Широке,Миколаївська,Баштанський,47.09781,32.677599,2026-03,drone,0,1
Ширяєве,Сумська,Конотопський,51.3749282,34.132125,2026-03,drone,0,1
Шостаки,Полтавська,Полтавський,49.5897423,34.5507948,2026-03,drone,0,1
Шостка,Сумська,Шосткинський,51.8643223,33.4728213,2026-03,drone,0,13
Шпола,Черкаська,Звенигородський,49.0132605,31.393139,2026-03,drone,0,1
Яготин,Київська,Бориспільський,50.2758913,31.7634861,2026-03,drone,0,2
Ямпіль,Донецька,Краматорський,48.9801314,37.8168012,2026-03,drone,0,1
Ямпіль,Сумська,Шосткинський,51.9481126,33.778454,2026-03,drone,0,1
Ямпіль,Черкаська,Звенигородський,48.94329,30.9723848,2026-03,drone,0,1
Іванків,Київська,Фастівський,50.3356709,30.2847595,2026-04,drone,0,1
Ізмайлівка,Кіровоградська,Олександрійський,48.670609,33.1169742,2026-04,drone,0,1
Ізмаїл,Одеська,Ізмаїльський,45.3511307,28.8361514,2026-04,drone,0,6
Іллінці,Вінницька,Вінницький,49.1136358,29.2024356,2026-04,drone,0,1
Ічня,Чернігівська,Прилуцький,50.8623444,32.3910144,2026-04,drone,0,1
Авіаторське,Дніпропетровська,Дніпровський,48.4680221,35.0417711,2026-04,drone,0,1
Апостолове,Дніпропетровська,Криворізький,47.6617478,33.7180001,2026-04,drone,0,2
Балаклія,Харківська,Ізюмський,49.4521336,36.8397826,2026-04,drone,0,3
Баришівка,Київська,Броварський,50.3645295,31.3256722,2026-04,drone,0,2
Баштанка,Миколаївська,Баштанський,47.4033486,32.4388921,2026-04,drone,0,2
Бердичів,Житомирська,Бердичівський,49.8940442,28.5814912,2026-04,drone,0,1
Березанка,Миколаївська,Миколаївський,46.8544054,31.3874915,2026-04,drone,0,1
Березнегувате,Миколаївська,Баштанський,47.308722,32.8486739,2026-04,drone,0,1
Березівка,Вінницька,Вінницький,48.9654035,28.8430131,2026-04,drone,0,1
Близнюки,Харківська,Лозівський,48.85311,36.55186,2026-04,drone,0,1
Бобринець,Кіровоградська,Кропивницький,48.05729,32.15938,2026-04,drone,0,2
Богодухів,Харківська,Богодухівський,50.1601711,35.5220539,2026-04,drone,0,2
Борзна,Чернігівська,Ніжинський,51.2534475,32.4263156,2026-04,drone,0,2
Бориспіль,Київська,Бориспільський,50.3512101,30.95077,2026-04,drone,0,1
Борівка,Вінницька,Могилів-Подільський,48.5406973,28.1221153,2026-04,drone,0,1
Боярка,Київська,Фастівський,50.3356709,30.2847595,2026-04,drone,0,1
Брацлав,Вінницька,Тульчинський,48.8268749,28.9379724,2026-04,drone,0,1
Бровари,Київська,Броварський,50.5111168,30.7900482,2026-04,drone,0,1
Буринь,Сумська,Конотопський,51.1960431,33.8288042,2026-04,drone,0,2
Біла,Вінницька,Вінницький,49.339939,28.7260729,2026-04,drone,0,1
Білгород-Дністровський,Одеська,Білгород-Дністровський,46.1909823,30.345784,2026-04,drone,0,1
Білозерка,Херсонська,Херсонський,46.63078,32.44537,2026-04,drone,0,1
Білозір'я,Черкаська,Черкаський,49.2975805,31.8935819,2026-04,drone,0,1
Білопілля,Сумська,Сумський,51.1460449,34.3121992,2026-04,,0,1
Вапнярка,Вінницька,Тульчинський,48.5312383,28.7468189,2026-04,drone,0,1
Варва,Чернігівська,Прилуцький,50.4982561,32.7228573,2026-04,drone,0,1
Васильків,Київська,Обухівський,50.17387,30.32158,2026-04,drone,0,1
Велика Димерка,Київська,Броварський,50.5913563,30.9016229,2026-04,drone,0,2
Велика Лепетиха,Херсонська,Каховський,47.178599,33.9428266,2026-04,drone,0,1
Велика Писарівка,Сумська,Охтирський,50.4253238,35.4838569,2026-04,drone,0,2
Велика Тернівка,Запорізька,Мелітопольський,46.69636,35.15522,2026-04,kab,0,1
Вилкове,Одеська,Ізмаїльський,45.40306,29.58309,2026-04,drone,0,3
Вишгород,Київська,Вишгородський,50.5824332,30.485121,2026-04,drone,0,2
Вишнівка,Вінницька,Вінницький,49.4848166,29.2579157,2026-04,drone,0,1
Вознівці,Вінницька,Жмеринський,48.97121,28.10989,2026-04,drone,0,1
Володимирівка,Вінницька,Жмеринський,49.0354593,28.1147317,2026-04,drone,0,1
Вільшани,Харківська,Харківський,49.984881,36.0681717,2026-04,drone,0,1
Вільшанка,Одеська,Подільський,48.1246576,30.0796984,2026-04,drone,0,1
Вінниця,Вінницька,Вінницький,49.2320162,28.467975,2026-04,drone,0,1
Віньківці,Хмельницька,Хмельницький,49.0347398,27.2320952,2026-04,drone,0,1
Гадяч,Полтавська,Миргородський,50.3701299,33.9950534,2026-04,,0,1
Гадяч,Полтавська,Миргородський,50.3701299,33.9950534,2026-04,drone,0,1
Глобине,Полтавська,Кременчуцький,49.392047,33.2507308,2026-04,drone,0,1
Градизьк,Полтавська,Кременчуцький,49.2311773,33.1206291,2026-04,drone,0,1
Гребінка,Полтавська,Лубенський,50.1206044,32.4289258,2026-04,drone,0,1
Дашів,Вінницька,Гайсинський,49.0062062,29.4416807,2026-04,drone,0,1
Джурин,Вінницька,Жмеринський,48.681271,28.292053,2026-04,drone,0,1
Диканька,Полтавська,Полтавський,49.8227778,34.5386111,2026-04,drone,0,2
Димер,Київська,Вишгородський,50.7835487,30.3078042,2026-04,drone,0,1
Дніпро,Дніпропетровська,Дніпровський,48.4680221,35.0417711,2026-04,,0,3
Дніпро,Дніпропетровська,Дніпровський,48.4680221,35.0417711,2026-04,drone,0,11
Дніпрорудне,Запорізька,Василівський,47.3899205,35.0028481,2026-04,drone,0,2
Дубно,Рівненська,Дубенський,50.4187918,25.7455972,2026-04,drone,0,1
Дубов'язівка,Сумська,Конотопський,51.132481,33.37846,2026-04,drone,0,1
Дунаївці,Хмельницька,Кам’янець-Подільський,49.02305,26.84338,2026-04,drone,0,1
Жашків,Черкаська,Уманський,49.2478012,30.1066179,2026-04,drone,0,1
Запоріжжя,Дніпропетровська,Новомосковський,48.9145571,34.9291661,2026-04,drone,0,1
Запоріжжя,Запорізька,Запорізький,47.8507859,35.1182867,2026-04,drone,0,20
Затока,Одеська,Білгород-Дністровський,46.1458339,30.5255473,2026-04,drone,0,2
Збараж,Вінницька,Хмільницький,49.5337018,28.8450733,2026-04,drone,0,1
Златопіль,Дніпропетровська,Криворізький,47.9559565,33.525732,2026-04,drone,0,2
Знам'янка,Кіровоградська,Кропивницький,48.7199609,32.6659476,2026-04,drone,0,1
Золотоноша,Черкаська,Золотоніський,49.6689719,32.0427439,2026-04,drone,0,1
Кам'янка,Вінницька,Вінницький,49.3232593,28.0837586,2026-04,drone,0,1
Кам'янське,Дніпропетровська,Кам’янський,48.5167748,34.6068797,2026-04,drone,0,3
Канів,Черкаська,Черкаський,49.7551031,31.4610802,2026-04,drone,0,1
Київ,м. Київ,,50.4501,30.5234,2026-04,drone,0,9
Ковель,Волинська,Ковельський,51.2120538,24.708894,2026-04,drone,0,1
Козелець,Чернігівська,Чернігівський,50.9160647,31.1167509,2026-04,drone,0,1
Комишня,Полтавська,Миргородський,50.1838006,33.679619,2026-04,drone,0,1
Комишуваха,Запорізька,Запорізький,47.7141975,35.5322725,2026-04,drone,0,1
Конотоп,Сумська,Конотопський,51.2397495,33.206675,2026-04,,0,1
Конотоп,Сумська,Конотопський,51.2397495,33.206675,2026-04,drone,0,4
Корнин,Житомирська,Житомирський,50.09697,29.54018,2026-04,drone,0,1
Коровій Яр,Донецька,Краматорський,48.9801314,37.8168012,2026-04,guided_air,0,1
Коростень,Житомирська,Коростенський,51.0060511,28.5875505,2026-04,drone,0,3
Коростень,Чернігівська,Чернігівський,51.217918,31.32992,2026-04,,0,1
Корсунь-Шевченківський,Черкаська,Черкаський,49.418037,31.2556741,2026-04,drone,0,1
Корюківка,Чернігівська,Корюківський,51.77444,32.2514,2026-04,drone,0,1
Котельва,Полтавська,Полтавський,50.0621097,34.7496951,2026-04,drone,0,1
Красноград,Харківська,Красноградський,49.3741326,35.4494234,2026-04,drone,0,2
Краснопілля,Сумська,Сумський,50.7712539,35.2563391,2026-04,drone,0,1
Кременчувате,Кіровоградська,Кропивницький,48.2497235,32.2043672,2026-04,drone,0,1
Кременчук,Полтавська,Кременчуцький,49.0629553,33.403516,2026-04,drone,0,6
Кривий,Закарпатська,Хустський,48.1764917,23.291166,2026-04,drone,0,9
Кривий,Закарпатська,Хустський,48.1764917,23.291166,2026-04,guided_air,0,1
Кривий Ріг,Дніпропетровська,Криворізький,47.9102734,33.3917703,2026-04,drone,0,8
Кривий Ріг,Херсонська,Генічеський,46.3558121,34.3363579,2026-04,drone,0,1
Крижопіль,Вінницька,Тульчинський,48.38568,28.86941,2026-04,drone,0,1
Кролевець,Сумська,Конотопський,51.5548654,33.3875984,2026-04,drone,0,2
Кропивницький,Кіровоградська,Кропивницький,48.5105805,32.2656283,2026-04,,0,1
Кропивницький,Кіровоградська,Кропивницький,48.5105805,32.2656283,2026-04,drone,0,2
Кушугум,Запорізька,Запорізький,47.71671,35.20981,2026-04,drone,0,1
Ладижин,Вінницька,Гайсинський,48.6810505,29.2567642,2026-04,drone,0,1
Лани,Вінницька,Вінницький,49.173946,28.495565,2026-04,drone,0,1
Лебедин,Сумська,Сумський,50.5814148,34.4761301,2026-04,drone,0,1
Лисянка,Вінницька,Вінницький,49.259651,28.36672,2026-04,,0,1
Лозова,Харківська,Богодухівський,50.1601711,35.5220539,2026-04,,0,1
Лозова,Харківська,Лозівський,48.8842428,36.3160254,2026-04,drone,0,1
Лохвиця,Полтавська,Миргородський,50.3595181,33.2741725,2026-04,drone,0,1
Лубни,Полтавська,Лубенський,50.0118206,33.0030821,2026-04,drone,0,2
Люботаївка,Одеська,Березівський,47.037708,30.479984,2026-04,drone,0,1
Люботин,Харківська,Харківський,49.9435604,35.9185185,2026-04,drone,0,1
Макарів,Київська,Бучанський,50.4639897,29.8068986,2026-04,drone,0,1
Макове,Сумська,Шосткинський,51.8643223,33.4728213,2026-04,drone,0,1
Мала Виска,Кіровоградська,Новоукраїнський,48.6404935,31.634205,2026-04,drone,0,1
Мала Данилівка,Харківська,Харківський,50.0561227,36.1706244,2026-04,drone,0,1
Маньківка,Вінницька,Тульчинський,48.6730485,28.8569476,2026-04,drone,0,1
Межова,Дніпропетровська,Синельниківський,48.2553506,36.7322839,2026-04,drone,0,1
Мена,Чернігівська,Корюківський,51.52279,32.21638,2026-04,drone,0,1
Миколаїв,Миколаївська,Миколаївський,46.9758615,31.9939666,2026-04,drone,0,5
Миколаївка,Донецька,Волноваський,47.6976728,37.5003415,2026-04,guided_air,0,1
Миргород,Полтавська,Миргородський,49.9658333,33.6113889,2026-04,drone,0,1
Михайлівське,Сумська,Сумський,50.7712539,35.2563391,2026-04,drone,0,1
Низи,Сумська,Сумський,50.881664,34.71088,2026-04,drone,0,1
Нова Григорівка,Вінницька,Могилів-Подільський,48.442544,27.7991124,2026-04,guided_air,0,1
Нова Одеса,Миколаївська,Миколаївський,47.310996,31.7739735,2026-04,drone,0,1
Новгород-Сіверський,Чернігівська,Новгород-Сіверський,52.004259,33.2779899,2026-04,drone,0,2
Новгородське,Сумська,Охтирський,50.619511,34.967079,2026-04,drone,0,1
Новомикільськ,Вінницька,Могилів-Подільський,48.417961,28.160311,2026-04,drone,0,1
Новомиргород,Кіровоградська,Новоукраїнський,48.7969701,31.6523837,2026-04,drone,0,1
Новоукраїнка,Кіровоградська,Новоукраїнський,48.3250616,31.522047,2026-04,cruise,0,1
Ніжин,Чернігівська,Ніжинський,51.0464747,31.8806289,2026-04,drone,0,2
Нікополь,Дніпропетровська,Нікопольський,47.5692061,34.3917272,2026-04,drone,0,1
Обухів,Київська,Обухівський,50.1101633,30.6269696,2026-04,drone,0,1
Одеса,Одеська,Одеський,46.4843023,30.7322878,2026-04,,0,1
Одеса,Одеська,Одеський,46.4843023,30.7322878,2026-04,drone,0,11
Озерне,Вінницька,Вінницький,49.19472,29.53056,2026-04,drone,0,1
Олександрівка,Полтавська,Лубенський,50.2733333,32.9383333,2026-04,drone,0,1
Охтирка,Сумська,Охтирський,50.3115386,34.8868923,2026-04,drone,0,3
Павлоград,Дніпропетровська,Павлоградський,48.5316759,35.8703695,2026-04,drone,0,7
Павлівка,Харківська,Богодухівський,50.0625892,35.1647821,2026-04,drone,0,2
Перегонівка,Кіровоградська,Голованівський,48.5350601,30.5208753,2026-04,,0,1
Переліски,Вінницька,Жмеринський,48.85654,27.7985,2026-04,drone,0,1
Переяслав,Київська,Бориспільський,50.0643984,31.4447327,2026-04,drone,0,1
Печеніги,Харківська,Чугуївський,49.865444,36.9391629,2026-04,drone,0,1
Пирятин,Полтавська,Лубенський,50.2361111,32.5011111,2026-04,,0,1
Пирятин,Полтавська,Лубенський,50.2361111,32.5011111,2026-04,drone,0,1
Покровське,Дніпропетровська,Синельниківський,47.9808528,36.2333808,2026-04,drone,0,1
Полтава,Полтавська,Полтавський,49.5897423,34.5507948,2026-04,drone,0,8
Полтава,Харківська,Куп’янський,49.6949729,37.1753112,2026-04,drone,0,1
Полтавка,Дніпропетровська,Криворізький,47.66556,33.1152,2026-04,drone,0,1
Полтавське,Харківська,Лозівський,48.8842428,36.3160254,2026-04,drone,0,1
Почапинці,Вінницька,Жмеринський,49.0354593,28.1147317,2026-04,drone,0,1
Південне,Дніпропетровська,Нікопольський,47.748482,34.380531,2026-04,drone,0,1
Південне,Одеська,Білгород-Дністровський,46.337597,29.986652,2026-04,drone,0,1
Південне,Харківська,Харківський,49.984881,36.0681717,2026-04,drone,0,1
Рахни-Лісові,Вінницька,Тульчинський,48.7860654,28.5647525,2026-04,drone,0,1
Рені,Одеська,Ізмаїльський,45.455413,28.2790948,2026-04,drone,0,1
Ромни,Сумська,Роменський,50.74207,33.4877,2026-04,drone,0,4
Ружин,Житомирська,Бердичівський,49.72172,29.20475,2026-04,drone,0,1
Ружицьке,Вінницька,Гайсинський,48.6810505,29.2567642,2026-04,drone,0,1
Седнів,Чернігівська,Чернігівський,51.64209,31.562403,2026-04,drone,0,1
Синельникове,Дніпропетровська,Синельниківський,48.3269304,35.5246984,2026-04,drone,0,1
Сквира,Київська,Білоцерківський,49.7337685,29.6624138,2026-04,drone,0,1
Слов'янськ,Донецька,Краматорський,48.8522691,37.6058241,2026-04,drone,0,1
Смига,Рівненська,Дубенський,50.2382136,25.7629956,2026-04,drone,0,1
Сновськ,Чернігівська,Корюківський,51.8187527,31.9448953,2026-04,drone,0,2
Снігурівка,Запорізька,Пологівський,47.2557432,35.7021159,2026-04,drone,0,1
Снігурівка,Миколаївська,Баштанський,47.070721,32.7924643,2026-04,drone,0,2
Сосниця,Чернігівська,Корюківський,51.5244906,32.5028975,2026-04,drone,0,1
Старопетрівка,Запорізька,Бердянський,46.91643,36.81999,2026-04,drone,0,2
Стрий,Львівська,Стрийський,49.255875,23.8530863,2026-04,drone,0,1
Суми,Сумська,Сумський,50.9119775,34.8027723,2026-04,drone,0,14
Сутиски,Вінницька,Вінницький,49.0453739,28.418232,2026-04,drone,0,1
Тальне,Черкаська,Звенигородський,48.8889723,30.6980137,2026-04,drone,0,1
Татарбунари,Одеська,Білгород-Дністровський,45.8398696,29.6166537,2026-04,drone,0,1
Терни,Дніпропетровська,Павлоградський,48.74599,36.01833,2026-04,drone,0,1
Тернівка,Вінницька,Тульчинський,48.38568,28.86941,2026-04,drone,0,1
Тетіїв,Київська,Білоцерківський,49.3686166,29.6771098,2026-04,drone,0,1
Тишківка,Вінницька,Гайсинський,48.797123,29.720028,2026-04,drone,0,1
Томаківка,Дніпропетровська,Нікопольський,47.8128265,34.7523182,2026-04,drone,0,1
Томашпіль,Вінницька,Тульчинський,48.5453497,28.5114332,2026-04,drone,0,1
Тростянець,Вінницька,Вінницький,49.1117881,28.6889425,2026-04,drone,0,1
Тростянець,Одеська,Роздільнянський,47.0128646,29.6667427,2026-04,drone,0,1
Тузли,Одеська,Білгород-Дністровський,45.871349,30.08778,2026-04,drone,0,1
Тульчин,Вінницька,Тульчинський,48.6730485,28.8569476,2026-04,drone,0,1
Устинівка,Кіровоградська,Кропивницький,47.9576049,32.5361354,2026-04,drone,0,1
Харкове,Запорізька,Пологівський,47.2557432,35.7021159,2026-04,drone,0,1
Харків,Харківська,Харківський,49.9923181,36.2310146,2026-04,drone,0,14
Харківка,Сумська,Шосткинський,51.767231,34.06345,2026-04,drone,0,1
Херсон,Херсонська,Херсонський,46.6412644,32.625794,2026-04,drone,0,2
Холми,Чернігівська,Корюківський,51.872562,32.595619,2026-04,drone,0,2
Хотінь,Сумська,Сумський,51.0786763,34.78001,2026-04,drone,0,1
Хуст,Закарпатська,Хустський,48.1764917,23.291166,2026-04,drone,0,1
Чайки,Київська,Обухівський,49.54765,30.8733,2026-04,drone,0,1
Черкас,Київська,Білоцерківський,49.694134,30.082663,2026-04,drone,0,1
Черкаси,Черкаська,Черкаський,49.4302723,32.0447228243568,2026-04,,0,1
Черкаси,Черкаська,Черкаський,49.4302723,32.0447228243568,2026-04,drone,0,3
Черненко,Донецька,Маріупольський,47.1701321,37.6952892,2026-04,guided_air,0,1
Чернігів,Чернігівська,Чернігівський,51.494099,31.294332,2026-04,drone,0,8
Чернігівка,Запорізька,Бердянський,47.19486,36.2075,2026-04,drone,0,1
Чоповичі,Житомирська,Коростенський,50.8268121,28.9467176,2026-04,drone,0,1
Чорноморськ,Одеська,Одеський,46.3020943,30.653466,2026-04,drone,0,1
Чорноморське,Одеська,Одеський,46.5849122,30.9334115,2026-04,drone,0,5
Чорнопарівка,Дніпропетровська,Дніпровський,48.18399,34.565262,2026-04,drone,0,1
Чорнухи,Полтавська,Лубенський,50.2733333,32.9383333,2026-04,drone,0,3
Чугуїв,Харківська,Чугуївський,49.8363648,36.6898157,2026-04,drone,0,1
Шаргород,Вінницька,Жмеринський,48.7498267,28.08317,2026-04,drone,0,1
Шахтарське,Дніпропетровська,Синельниківський,48.4043673,35.275539,2026-04,drone,0,2
Шевченківське,Сумська,Конотопський,51.252941,33.124119,2026-04,drone,0,1
Шишаки,Полтавська,Миргородський,49.8764366,34.0069282,2026-04,drone,0,2
Шостка,Сумська,Шосткинський,51.8643223,33.4728213,2026-04,drone,0,7
Яготин,Київська,Бориспільський,50.2758913,31.7634861,2026-04,drone,0,1
Ярмолинці,Вінницька,Гайсинський,48.8120874,29.3893874,2026-04,drone,0,1
Іванків,Київська,Фастівський,50.3356709,30.2847595,2026-05,drone,1,5
Іванівка,Дніпропетровська,Синельниківський,48.2553506,36.7322839,2026-05,drone,0,1
Іванівка,Одеська,Роздільнянський,47.104568,29.990959,2026-05,drone,0,1
Ізмаїл,Одеська,Ізмаїльський,45.3511307,28.8361514,2026-05,drone,0,4
Ізюм,Харківська,Ізюмський,49.1913721,37.2784125,2026-05,drone,0,6
Ічня,Чернігівська,Прилуцький,50.8623444,32.3910144,2026-05,drone,0,3
Апостолове,Дніпропетровська,Криворізький,47.6617478,33.7180001,2026-05,drone,0,1
Архангельське,Херсонська,Бериславський,47.4933112,33.528245,2026-05,drone,0,1
Арциз,Одеська,Болградський,45.9962017,29.431517,2026-05,drone,0,2
Балабине,Запорізька,Запорізький,47.71671,35.20981,2026-05,drone,0,1
Балаклія,Харківська,Ізюмський,49.4521336,36.8397826,2026-05,drone,0,7
Баланове,Миколаївська,Миколаївський,46.649658,31.506041,2026-05,drone,0,1
Барвінкове,Сумська,Сумський,50.784302,34.829411,2026-05,drone,0,1
Барвінкове,Харківська,Ізюмський,48.9070045,37.0287573,2026-05,drone,0,4
Барвінок,Дніпропетровська,Дніпровський,48.18399,34.565262,2026-05,drone,0,1
Баришівка,Київська,Броварський,50.3645295,31.3256722,2026-05,drone,0,2
Барок,Вінницька,Жмеринський,48.85654,27.7985,2026-05,drone,0,1
Батурин,Чернігівська,Ніжинський,51.3413087,32.8778317,2026-05,drone,0,3
Бахмач,Чернігівська,Ніжинський,51.1801374,32.8165107,2026-05,drone,0,2
Баштанка,Миколаївська,Баштанський,47.4033486,32.4388921,2026-05,drone,0,2
Березанка,Миколаївська,Миколаївський,46.8544054,31.3874915,2026-05,drone,0,1
Березань,Київська,Броварський,50.3132713,31.4689158,2026-05,drone,0,2
Березине,Дніпропетровська,Кам’янський,48.207699,34.24868,2026-05,drone,0,1
Березна,Чернігівська,Чернігівський,51.5778917,31.7902811,2026-05,drone,0,3
Березне,Рівненська,Рівненський,51.0035653,26.7524487,2026-05,drone,0,1
Березнегувате,Миколаївська,Баштанський,47.308722,32.8486739,2026-05,drone,0,1
Березівка,Харківська,Харківський,49.9622881,36.1239316,2026-05,drone,0,1
Берислав,Херсонська,Бериславський,46.8357749,33.416743,2026-05,drone,0,1
Бишів,Київська,Фастівський,50.266571,29.88693,2026-05,drone,0,1
Богодарівка,Дніпропетровська,Синельниківський,47.9808528,36.2333808,2026-05,drone,0,1
Богодарівка,Полтавська,Лубенський,50.2733333,32.9383333,2026-05,drone,0,2
Богодухів,Харківська,Богодухівський,50.1601711,35.5220539,2026-05,drone,0,9
Боголюбове,Сумська,Охтирський,50.48046,34.96467,2026-05,drone,0,2
Божедарівка,Дніпропетровська,Кам’янський,48.3601,34.11392,2026-05,drone,0,1
Борзна,Чернігівська,Ніжинський,51.2534475,32.4263156,2026-05,drone,0,5
Борзівщина,Сумська,Охтирський,50.308109,34.80949,2026-05,drone,0,1
Бориспіль,Київська,Бориспільський,50.3512101,30.95077,2026-05,drone,0,2
Борисівка,Дніпропетровська,Нікопольський,47.62161,34.52453,2026-05,drone,0,1
Борова,Харківська,Чугуївський,49.6815177,36.354776,2026-05,drone,0,1
Боромля,Сумська,Охтирський,50.619511,34.967079,2026-05,drone,0,1
Бровари,Київська,Броварський,50.5111168,30.7900482,2026-05,drone,0,9
Бровки,Дніпропетровська,Синельниківський,48.238911,36.217121,2026-05,drone,0,2
Бурилове,Миколаївська,Первомайський,47.9532217,30.3425878,2026-05,drone,0,1
Буринь,Сумська,Конотопський,51.1960431,33.8288042,2026-05,drone,0,9
Біла,Вінницька,Могилів-Подільський,48.2400683,28.2779272,2026-05,drone,0,1
Білогородка,Київська,Бучанський,50.390171,30.22785,2026-05,drone,0,1
Білогір'я,Запорізька,Пологівський,47.532688,35.896801,2026-05,drone,0,1
Білозерське,Донецька,Покровський,48.53313,37.05791,2026-05,drone,0,1
Білозірка,Миколаївська,Миколаївський,47.039509,32.439911,2026-05,drone,0,1
Білопілля,Сумська,Сумський,51.1460449,34.3121992,2026-05,drone,0,5
Валки,Харківська,Богодухівський,49.8305999,35.6088208,2026-05,drone,0,1
Вапнярка,Вінницька,Тульчинський,48.5312383,28.7468189,2026-05,drone,0,1
Вапнярки,Вінницька,Тульчинський,48.5453497,28.5114332,2026-05,drone,0,1
Варварівка,Полтавська,Лубенський,49.7822104,33.2740646,2026-05,drone,0,2
Васильківка,Дніпропетровська,Синельниківський,48.21041,36.03035,2026-05,drone,0,4
Велика Багачка,Полтавська,Миргородський,49.7852778,33.7213889,2026-05,drone,0,1
Велика Димерка,Київська,Броварський,50.5913563,30.9016229,2026-05,drone,0,2
Велика Лепетиха,Херсонська,Каховський,47.178599,33.9428266,2026-05,drone,0,3
Велика Писарівка,Сумська,Охтирський,50.4253238,35.4838569,2026-05,drone,0,1
Великокозирщина,Дніпропетровська,Новомосковський,49.0814029,35.218048,2026-05,drone,0,2
Великопілля,Миколаївська,Баштанський,46.9581182,32.702749,2026-05,drone,0,2
Вилкове,Одеська,Ізмаїльський,45.40306,29.58309,2026-05,drone,0,3
Вишгород,Київська,Вишгородський,50.5824332,30.485121,2026-05,drone,0,1
Вознесенськ,Миколаївська,Вознесенський,47.5679582,31.3338636,2026-05,drone,0,1
Вознівці,Вінницька,Жмеринський,48.97121,28.10989,2026-05,drone,0,1
Волиця,Волинська,Володимир-Волинський,50.6282366,24.4638426,2026-05,drone,0,1
Володарка,Київська,Білоцерківський,49.5224979,29.9280475,2026-05,drone,0,1
Ворожба,Сумська,Сумський,50.5814148,34.4761301,2026-05,drone,0,1
Воскресенське,Миколаївська,Миколаївський,47.0171096,32.1465767,2026-05,drone,0,1
Вільне,Вінницька,Могилів-Подільський,48.442544,27.7991124,2026-05,drone,0,1
Вільнянськ,Запорізька,Запорізький,47.9433,35.43159,2026-05,drone,0,2
Вільшани,Харківська,Харківський,49.984881,36.0681717,2026-05,drone,0,1
Вінниця,Вінницька,Вінницький,49.2320162,28.467975,2026-05,,0,1
Вінниця,Вінницька,Вінницький,49.2320162,28.467975,2026-05,drone,0,1
Гадяч,Полтавська,Миргородський,50.3701299,33.9950534,2026-05,drone,0,1
Глобине,Полтавська,Кременчуцький,49.392047,33.2507308,2026-05,drone,0,1
Глухів,Сумська,Шосткинський,51.67831,33.9093,2026-05,drone,0,1
Гоголеве,Полтавська,Миргородський,49.8764366,34.0069282,2026-05,drone,0,2
Гончарівське,Чернігівська,Чернігівський,51.2990164,30.9276044,2026-05,drone,0,4
Городище,Київська,Білоцерківський,49.7969703,30.1158069,2026-05,drone,0,1
Городня,Чернігівська,Прилуцький,50.8623444,32.3910144,2026-05,drone,0,1
Городуватка,Дніпропетровська,Криворізький,47.66556,33.1152,2026-05,drone,1,3
Горохівка,Миколаївська,Миколаївський,47.0171096,32.1465767,2026-05,drone,0,1
Гути,Харківська,Богодухівський,50.1601711,35.5220539,2026-05,drone,0,1
Гірницьке,Дніпропетровська,Нікопольський,47.6546589,34.1149341,2026-05,drone,0,4
Десна,Вінницька,Вінницький,49.2320162,28.467975,2026-05,drone,0,1
Диканька,Полтавська,Полтавський,49.8227778,34.5386111,2026-05,drone,0,2
Димер,Київська,Вишгородський,50.7835487,30.3078042,2026-05,drone,1,2
Дніпро,Дніпропетровська,Дніпровський,48.4680221,35.0417711,2026-05,,0,1
Дніпро,Дніпропетровська,Дніпровський,48.4680221,35.0417711,2026-05,drone,0,23
Дніпрорудне,Запорізька,Василівський,47.3899205,35.0028481,2026-05,drone,0,1
Добропілля,Донецька,Покровський,48.4441378,36.9162268,2026-05,drone,0,1
Дубов'язівка,Сумська,Конотопський,51.132481,33.37846,2026-05,drone,0,1
Дубове,Полтавська,Лубенський,49.7822104,33.2740646,2026-05,drone,0,1
Дігтярівка,Сумська,Роменський,50.809021,33.767509,2026-05,drone,0,1
Есмань,Сумська,Шосткинський,51.767231,34.06345,2026-05,drone,0,2
Житомир,Житомирська,Житомирський,50.2598298,28.6692345,2026-05,drone,0,2
Жовква,Львівська,Львівський,50.056134,23.9711967,2026-05,drone,0,2
Заводське,Сумська,Конотопський,51.252941,33.124119,2026-05,drone,0,1
Запоріжжя,Дніпропетровська,Синельниківський,48.389278,36.315651,2026-05,drone,0,3
Запоріжжя,Запорізька,Запорізький,47.8507859,35.1182867,2026-05,ballistic,0,1
Запоріжжя,Запорізька,Запорізький,47.8507859,35.1182867,2026-05,drone,0,19
Запоріжжя,Чернігівська,Ніжинський,51.236801,32.149078,2026-05,drone,0,1
Затока,Одеська,Білгород-Дністровський,46.1458339,30.5255473,2026-05,drone,0,4
Златопіль,Дніпропетровська,Криворізький,47.9559565,33.525732,2026-05,drone,0,1
Зміїв,Харківська,Чугуївський,49.6815177,36.354776,2026-05,drone,0,2
Зміїв,Харківська,Чугуївський,49.6815177,36.354776,2026-05,kab,0,1
Золотогірка,Вінницька,Могилів-Подільський,48.7130055,27.5355762,2026-05,drone,0,1
Золотоноша,Черкаська,Золотоніський,49.6689719,32.0427439,2026-05,drone,0,1
Золочів,Харківська,Богодухівський,50.2790531,35.9824347,2026-05,drone,0,1
Зіньків,Полтавська,Полтавський,50.21026,34.35768,2026-05,drone,0,2
Кагарлик,Київська,Обухівський,49.8650658,30.8226786,2026-05,drone,0,1
Калинівка,Вінницька,Жмеринський,48.7498267,28.08317,2026-05,drone,0,1
Кам'янське,Дніпропетровська,Кам’янський,48.5167748,34.6068797,2026-05,drone,0,2
Караван,Харківська,Харківський,49.9435604,35.9185185,2026-05,drone,0,1
Карлівка,Миколаївська,Миколаївський,47.3684734,31.9874081,2026-05,drone,0,1
Кириківка,Сумська,Охтирський,50.337784,35.143055,2026-05,drone,0,1
Киричкове,Дніпропетровська,Синельниківський,47.9808528,36.2333808,2026-05,drone,1,1
Київ,м. Київ,,50.4501,30.5234,2026-05,cruise,0,6
Київ,м. Київ,,50.4501,30.5234,2026-05,drone,0,16
Козелець,Чернігівська,Чернігівський,50.9160647,31.1167509,2026-05,drone,0,3
Козельщина,Полтавська,Кременчуцький,49.2136111,33.8413889,2026-05,drone,0,1
Коломак,Харківська,Богодухівський,49.8436,35.31349,2026-05,drone,0,1
Коломия,Івано-Франківська,Коломийський,48.5259211,25.0380538,2026-05,drone,0,1
Комісарівка,Миколаївська,Миколаївський,46.8544054,31.3874915,2026-05,drone,0,1
Кононівка,Київська,Білоцерківський,49.7337685,29.6624138,2026-05,drone,0,1
Кононівка,Полтавська,Лубенський,50.0118206,33.0030821,2026-05,drone,0,1
Конотоп,Сумська,Конотопський,51.2397495,33.206675,2026-05,drone,0,10
Конотоп,Чернігівська,Чернігівський,51.8915393,31.595545,2026-05,drone,0,1
Корнин,Житомирська,Житомирський,50.09697,29.54018,2026-05,drone,0,1
Коробчине,Дніпропетровська,Кам’янський,48.3747353,34.4569858,2026-05,drone,1,1
Короп,Чернігівська,Новгород-Сіверський,51.5671394,32.9520532,2026-05,drone,0,1
Коростень,Житомирська,Коростенський,51.0060511,28.5875505,2026-05,drone,1,8
Корюківка,Чернігівська,Корюківський,51.77444,32.2514,2026-05,drone,0,2
Костопіль,Рівненська,Рівненський,50.8792198,26.4533981,2026-05,drone,1,1
Котельва,Полтавська,Полтавський,50.0621097,34.7496951,2026-05,drone,0,2
Краматорськ,Донецька,Краматорський,48.7389415,37.5843812,2026-05,drone,0,3
Краснопілля,Миколаївська,Миколаївський,46.8544054,31.3874915,2026-05,drone,0,1
Красятичі,Київська,Вишгородський,51.0782874,29.6377868,2026-05,drone,1,3
Кременище,Київська,Обухівський,50.272751,30.522079,2026-05,drone,0,1
Кременчук,Полтавська,Кременчуцький,49.0629553,33.403516,2026-05,,0,2
Кременчук,Полтавська,Кременчуцький,49.0629553,33.403516,2026-05,ballistic,0,1
Кременчук,Полтавська,Кременчуцький,49.0629553,33.403516,2026-05,cruise,0,1
Кременчук,Полтавська,Кременчуцький,49.0629553,33.403516,2026-05,drone,0,5
Кременівка,Дніпропетровська,Новомосковський,49.118382,34.773186,2026-05,drone,0,4
Кремінне,Вінницька,Могилів-Подільський,48.512192,27.63199,2026-05,drone,0,1
Кривець,Київська,Білоцерківський,49.3897213,30.1921389,2026-05,drone,0,1
Кривий,Закарпатська,Хустський,48.1764917,23.291166,2026-05,drone,0,4
Кривий Ріг,Дніпропетровська,Криворізький,47.9102734,33.3917703,2026-05,drone,0,20
Кривий Ріг,Херсонська,Генічеський,46.3558121,34.3363579,2026-05,drone,0,1
Кривоносівка,Сумська,Шосткинський,52.264019,33.598251,2026-05,drone,0,1
Крижопіль,Вінницька,Тульчинський,48.38568,28.86941,2026-05,drone,0,1
Кролевець,Сумська,Конотопський,51.5548654,33.3875984,2026-05,drone,1,18
Кропивня,Вінницька,Жмеринський,48.7498267,28.08317,2026-05,drone,0,1
Кропивня,Житомирська,Житомирський,50.3201518,29.0584885,2026-05,drone,0,1
Куликівка,Чернігівська,Чернігівський,51.3735623,31.6455818,2026-05,drone,0,2
Кулиничі,Харківська,Харківський,49.98745,36.513748,2026-05,drone,0,2
Куп'янськ,Харківська,Куп’янський,49.7132963,37.6141992,2026-05,,0,1
Курилівка,Дніпропетровська,Дніпровський,48.7120245,34.6240969,2026-05,drone,0,1
Лебедин,Київська,Бориспільський,50.3512101,30.95077,2026-05,drone,0,1
Лебедин,Сумська,Сумський,50.5814148,34.4761301,2026-05,drone,0,5
Лебединське,Дніпропетровська,Нікопольський,47.748482,34.380531,2026-05,drone,0,2
Лиманське,Одеська,Роздільнянський,46.6618481,29.9760782,2026-05,drone,0,1
Липова Долина,Сумська,Роменський,50.5637857,33.7990004,2026-05,drone,0,2
Липове,Полтавська,Кременчуцький,49.2311773,33.1206291,2026-05,drone,0,2
Липовець,Київська,Обухівський,49.8650658,30.8226786,2026-05,drone,0,1
Лозова,Харківська,Лозівський,48.8842428,36.3160254,2026-05,drone,0,3
Лозове,Дніпропетровська,Синельниківський,48.45863,36.42483,2026-05,drone,0,1
Лохвиця,Полтавська,Миргородський,50.3595181,33.2741725,2026-05,drone,0,2
Лубни,Полтавська,Лубенський,50.0118206,33.0030821,2026-05,drone,0,2
Любар,Житомирська,Житомирський,49.9231632,27.7487535,2026-05,drone,0,1
Люботин,Харківська,Харківський,49.9435604,35.9185185,2026-05,drone,0,1
Магдалинівка,Дніпропетровська,Новомосковський,48.9145571,34.9291661,2026-05,drone,0,1
Макарів,Київська,Бучанський,50.4639897,29.8068986,2026-05,drone,0,1
Маяки,Одеська,Одеський,46.413799,30.26836,2026-05,drone,0,1
Мена,Чернігівська,Корюківський,51.52279,32.21638,2026-05,drone,1,15
Миколаїв,Львівська,Червоноградський,50.2205052,24.844945,2026-05,drone,0,1
Миколаїв,Миколаївська,Миколаївський,46.9758615,31.9939666,2026-05,drone,0,1
Миколаїв,Хмельницька,Хмельницький,49.5050201,26.756082,2026-05,drone,0,1
Миколаїв,Чернігівська,Ніжинський,50.7415033,31.3860852,2026-05,drone,0,3
Миколаївка,Дніпропетровська,Новомосковський,48.8082927,35.2563381,2026-05,drone,0,1
Миколаївка,Житомирська,Новоград-Волинський,50.575901,27.76726,2026-05,drone,0,1
Миколаївка,Сумська,Роменський,50.74207,33.4877,2026-05,drone,0,1
Миколаївка,Харківська,Богодухівський,49.8436,35.31349,2026-05,drone,0,1
Миргород,Полтавська,Миргородський,49.9658333,33.6113889,2026-05,,0,1
Миргород,Полтавська,Миргородський,49.9658333,33.6113889,2026-05,drone,0,6
Народичі,Житомирська,Коростенський,51.2037677,29.0913215,2026-05,drone,1,2
Недригайлів,Сумська,Роменський,50.8358991,33.8782826,2026-05,drone,0,1
Немирів,Вінницька,Вінницький,48.9654035,28.8430131,2026-05,drone,0,2
Низи,Сумська,Сумський,50.881664,34.71088,2026-05,drone,0,1
Новгород-Сіверський,Чернігівська,Новгород-Сіверський,52.004259,33.2779899,2026-05,drone,0,2
Новий Буг,Миколаївська,Баштанський,47.6933814,32.5106596,2026-05,drone,0,1
Новий Мир,Дніпропетровська,Нікопольський,47.770885,34.729996,2026-05,drone,0,1
Новоград-Волинський,Житомирська,Новоград-Волинський,50.5917622,27.6066973,2026-05,drone,0,1
Новомиколаївка,Запорізька,Запорізький,47.97146,35.89886,2026-05,drone,0,1
Новомосковськ,Дніпропетровська,Новомосковський,48.6358512,35.2595541,2026-05,drone,0,5
Ніжиловичі,Київська,Бучанський,50.4639897,29.8068986,2026-05,drone,0,2
Ніжин,Чернігівська,Ніжинський,51.0464747,31.8806289,2026-05,drone,2,11
Ніжинське,Сумська,Конотопський,51.5548654,33.3875984,2026-05,drone,0,2
Нікополь,Дніпропетровська,Нікопольський,47.5692061,34.3917272,2026-05,drone,0,3
Нікополь,Харківська,Ізюмський,48.9070045,37.0287573,2026-05,drone,0,2
Обухів,Київська,Обухівський,50.1101633,30.6269696,2026-05,drone,0,1
Овруч,Житомирська,Коростенський,51.3259771,28.8026718,2026-05,drone,0,6
Овідіополь,Одеська,Одеський,46.2473734,30.4448614,2026-05,drone,0,1
Одеса,Одеська,Одеський,46.4843023,30.7322878,2026-05,,0,1
Одеса,Одеська,Одеський,46.4843023,30.7322878,2026-05,drone,0,16
Озерне,Вінницька,Вінницький,49.19472,29.53056,2026-05,drone,0,1
Озерне,Донецька,Краматорський,48.9801314,37.8168012,2026-05,drone,0,1
Озерне,Житомирська,Житомирський,49.9231632,27.7487535,2026-05,drone,0,1
Олевськ,Житомирська,Коростенський,51.22272,27.64881,2026-05,drone,0,2
Олександрівка,Дніпропетровська,Нікопольський,47.748482,34.380531,2026-05,drone,0,1
Олишівка,Чернігівська,Чернігівський,51.217918,31.32992,2026-05,drone,0,2
Опішня,Полтавська,Полтавський,49.9570991,34.6100455,2026-05,drone,0,1
Оратів,Вінницька,Вінницький,49.19472,29.53056,2026-05,drone,0,1
Охтирка,Сумська,Охтирський,50.3115386,34.8868923,2026-05,drone,0,9
Очаків,Миколаївська,Миколаївський,46.6145957,31.5452994,2026-05,drone,0,4
Павлоград,Дніпропетровська,Павлоградський,48.5316759,35.8703695,2026-05,drone,0,22
Павлоградське,Донецька,Донецький,48.0158753,37.8013407,2026-05,drone,0,1
Павлівка,Сумська,Сумський,51.1460449,34.3121992,2026-05,drone,0,1
Павлівка,Харківська,Лозівський,48.85311,36.55186,2026-05,drone,0,1
Павлівське,Запорізька,Запорізький,47.946049,35.463181,2026-05,drone,0,1
Перещепине,Дніпропетровська,Новомосковський,49.01825,35.35915,2026-05,drone,0,1
Переяслав,Київська,Бориспільський,50.0643984,31.4447327,2026-05,cruise,0,1
Переяслав,Київська,Бориспільський,50.0643984,31.4447327,2026-05,drone,0,1
Петриківка,Дніпропетровська,Дніпровський,48.067799,34.613155,2026-05,drone,0,1
Петропавлівка,Дніпропетровська,Синельниківський,48.45863,36.42483,2026-05,drone,0,4
Печеніги,Харківська,Чугуївський,49.865444,36.9391629,2026-05,drone,0,1
Пирятин,Полтавська,Лубенський,50.2361111,32.5011111,2026-05,drone,0,3
Письменне,Дніпропетровська,Синельниківський,48.21041,36.03035,2026-05,drone,0,2
Повергів,Львівська,Стрийський,49.5253714,23.9788155,2026-05,drone,0,1
Полтава,Полтавська,Полтавський,49.5897423,34.5507948,2026-05,drone,0,3
Полтава,Харківська,Куп’янський,49.6949729,37.1753112,2026-05,drone,0,4
Полтавка,Сумська,Конотопський,51.132481,33.37846,2026-05,drone,0,1
Полісся,Чернігівська,Чернігівський,51.8915393,31.595545,2026-05,drone,0,1
Прилужжя,Сумська,Конотопський,51.30048,33.429016,2026-05,drone,0,1
Прилужне,Вінницька,Могилів-Подільський,48.2400683,28.2779272,2026-05,drone,0,2
Прилуки,Житомирська,Коростенський,51.3259771,28.8026718,2026-05,drone,0,1
Прилуки,Запорізька,Пологівський,47.747269,36.079788,2026-05,drone,0,1
Прилуки,Чернігівська,Прилуцький,50.5950864,32.3866658,2026-05,drone,0,5
Прип'ять,Волинська,Ковельський,51.4909494,23.9219323,2026-05,drone,0,1
Путивль,Сумська,Конотопський,51.3359821,33.8715451,2026-05,drone,0,4
Путилівка,Дніпропетровська,Нікопольський,47.546421,34.15443,2026-05,drone,0,1
Південне,Дніпропетровська,Нікопольський,47.748482,34.380531,2026-05,drone,0,1
Південне,Одеська,Білгород-Дністровський,46.337597,29.986652,2026-05,drone,0,5
Південне,Харківська,Харківський,49.8847449,36.0666511,2026-05,drone,0,1
Радомишль,Житомирська,Житомирський,50.4961812,29.2289588,2026-05,drone,0,1
Радушне,Дніпропетровська,Криворізький,47.9559565,33.525732,2026-05,drone,0,1
Рені,Одеська,Ізмаїльський,45.455413,28.2790948,2026-05,drone,0,2
Рогань,Харківська,Харківський,49.9035,36.479103,2026-05,drone,0,1
Ромни,Сумська,Роменський,50.74207,33.4877,2026-05,drone,0,9
Ромодан,Полтавська,Миргородський,49.9923481,33.3207607,2026-05,drone,0,2
Рівне,Дніпропетровська,Новомосковський,49.01825,35.35915,2026-05,drone,0,1
Рівне,Рівненська,Рівненський,50.6196175,26.2513165,2026-05,drone,1,3
Ріпки,Чернігівська,Чернігівський,51.8036433,31.0931453,2026-05,drone,0,2
Савинці,Харківська,Ізюмський,49.39625,37.05036,2026-05,drone,0,2
Сарни,Рівненська,Сарненський,51.3350028,26.6171275,2026-05,drone,0,3
Святогірськ,Донецька,Краматорський,49.0355675,37.5653551,2026-05,drone,0,1
Седнів,Чернігівська,Чернігівський,51.64209,31.562403,2026-05,drone,0,4
Семенівка,Чернігівська,Корюківський,51.52279,32.21638,2026-05,drone,0,1
Сергіївка,Одеська,Білгород-Дністровський,46.02756,30.37273,2026-05,drone,0,1
Синельникове,Дніпропетровська,Синельниківський,48.3269304,35.5246984,2026-05,drone,0,7
Сквира,Київська,Білоцерківський,49.7337685,29.6624138,2026-05,drone,0,1
Скороходове,Чернігівська,Прилуцький,50.83168,33.13442,2026-05,drone,0,1
Слава,Чернігівська,Корюківський,51.8187527,31.9448953,2026-05,drone,0,6
Славгород,Дніпропетровська,Синельниківський,48.1009562,35.5171714,2026-05,drone,0,1
Славгород,Сумська,Сумський,50.7712539,35.2563391,2026-05,drone,0,1
Славнівка,Полтавська,Полтавський,49.259043,34.2690187,2026-05,drone,0,1
Славутич,Київська,Вишгородський,51.5201397,30.7562301,2026-05,drone,0,2
Славів,Житомирська,Житомирський,50.45299,28.66573,2026-05,drone,0,4
Слатине,Харківська,Харківський,50.107307,36.1205965,2026-05,drone,0,1
Слобожанське,Харківська,Чугуївський,49.5989864,36.5242153,2026-05,drone,0,1
Слов'янськ,Донецька,Краматорський,48.8522691,37.6058241,2026-05,drone,0,3
Сміла,Черкаська,Черкаський,49.2336897,31.8829216,2026-05,drone,0,3
Сновидовичі,Житомирська,Коростенський,51.22272,27.64881,2026-05,drone,0,1
Сновськ,Чернігівська,Корюківський,51.8187527,31.9448953,2026-05,drone,1,11
Снігурівка,Миколаївська,Баштанський,47.070721,32.7924643,2026-05,drone,0,4
Солодирі,Житомирська,Житомирський,50.5959845,28.445337,2026-05,drone,0,1
Солоне,Дніпропетровська,Дніпровський,48.20423,34.87713,2026-05,drone,0,2
Сосниця,Чернігівська,Корюківський,51.5244906,32.5028975,2026-05,drone,0,2
Софіївка,Дніпропетровська,Криворізький,48.0482032,33.8668627,2026-05,drone,0,1
Старий Салтів,Харківська,Чугуївський,50.0760423,36.7936724,2026-05,drone,0,6
Старикове,Сумська,Шосткинський,51.575661,34.099838,2026-05,drone,0,1
Старокостянтинів,Хмельницька,Хмельницький,49.756163,27.2087889,2026-05,drone,0,1
Старостинці,Вінницька,Вінницький,49.4848166,29.2579157,2026-05,drone,0,1
Старочуднівська Гута,Житомирська,Житомирський,50.146945,27.9214928,2026-05,drone,0,1
Суми,Сумська,Сумський,50.9119775,34.8027723,2026-05,drone,0,28
Талалаївка,Чернігівська,Прилуцький,50.83168,33.13442,2026-05,drone,0,2
Татарбунари,Одеська,Білгород-Дністровський,45.8398696,29.6166537,2026-05,drone,0,8
Терни,Дніпропетровська,Павлоградський,48.74599,36.01833,2026-05,drone,0,2
Терни,Полтавська,Лубенський,50.0118206,33.0030821,2026-05,drone,0,2
Терни,Сумська,Роменський,50.8358991,33.8782826,2026-05,drone,0,3
Тернові Поди,Миколаївська,Миколаївський,46.862518,32.191662,2026-05,drone,0,1
Тернівка,Вінницька,Хмільницький,49.7207433,28.6709477,2026-05,drone,0,1
Тернівка,Київська,Обухівський,49.8650658,30.8226786,2026-05,drone,0,1
Токмак,Запорізька,Пологівський,47.2557432,35.7021159,2026-05,drone,0,1
Тростянець,Сумська,Охтирський,50.48046,34.96467,2026-05,drone,0,2
Тузли,Миколаївська,Миколаївський,46.6612599,31.2085145,2026-05,drone,0,1
Тітківці,Закарпатська,Хустський,48.5281184,23.5009289,2026-05,drone,0,1
Українка,Київська,Обухівський,50.1537167,30.7420742,2026-05,drone,0,1
Умань,Черкаська,Уманський,48.7497621,30.2203052,2026-05,drone,0,2
Харкове,Запорізька,Пологівський,47.2557432,35.7021159,2026-05,drone,0,1
Харкове,Чернігівська,Прилуцький,50.83168,33.13442,2026-05,drone,0,1
Харків,Харківська,Харківський,49.9923181,36.2310146,2026-05,drone,0,22
Харківське,Донецька,Донецький,47.7952806,38.4798317,2026-05,drone,0,2
Харківці,Київська,Бориспільський,50.0643984,31.4447327,2026-05,drone,0,1
Харківці,Полтавська,Миргородський,50.3701299,33.9950534,2026-05,drone,0,1
Херсон,Херсонська,Херсонський,46.6412644,32.625794,2026-05,drone,0,1
Холми,Чернігівська,Корюківський,51.872562,32.595619,2026-05,drone,0,8
Хорол,Сумська,Роменський,50.819687,34.022835,2026-05,drone,0,1
Хотінь,Сумська,Сумський,51.0786763,34.78001,2026-05,drone,0,1
Хутір-Мокляки,Житомирська,Новоград-Волинський,50.872091,27.8047443,2026-05,drone,0,3
Цвіткове,Черкаська,Черкаський,49.2686,31.4331682,2026-05,drone,0,1
Чаплине,Дніпропетровська,Синельниківський,48.238911,36.217121,2026-05,drone,0,3
Черкаси,Черкаська,Черкаський,49.4302723,32.0447228243568,2026-05,drone,0,1
Черкаське,Дніпропетровська,Новомосковський,48.7061619,35.379844,2026-05,drone,0,1
Чернецьке,Сумська,Сумський,50.5814148,34.4761301,2026-05,drone,0,3
Чернеча Слобода,Сумська,Конотопський,51.132481,33.37846,2026-05,drone,0,1
Чернече,Полтавська,Лубенський,50.0118206,33.0030821,2026-05,drone,0,1
Черняхів,Житомирська,Житомирський,50.45299,28.66573,2026-05,drone,0,2
Чернівці,Вінницька,Могилів-Подільський,48.5406973,28.1221153,2026-05,drone,0,1
Чернігів,Чернігівська,Чернігівський,51.494099,31.294332,2026-05,drone,2,10
Чернігівка,Дніпропетровська,Дніпровський,48.18399,34.565262,2026-05,drone,0,2
Чернігівське,Харківська,Лозівський,48.8842428,36.3160254,2026-05,drone,0,1
Чорногородка,Київська,Фастівський,50.266571,29.88693,2026-05,drone,0,8
Чорноморка,Миколаївська,Миколаївський,46.649658,31.506041,2026-05,drone,0,1
Чорноморськ,Одеська,Одеський,46.3020943,30.653466,2026-05,drone,0,3
Чорноморське,Одеська,Одеський,46.5849122,30.9334115,2026-05,drone,0,8
Чорнопарівка,Дніпропетровська,Дніпровський,48.18399,34.565262,2026-05,drone,1,1
Чорнорудка,Житомирська,Бердичівський,49.868717,29.14735,2026-05,drone,1,2
Чорнухи,Полтавська,Лубенський,50.2733333,32.9383333,2026-05,drone,0,1
Чугуєве,Дніпропетровська,Синельниківський,48.13591,36.79047,2026-05,drone,0,2
Чугуїв,Харківська,Чугуївський,49.8363648,36.6898157,2026-05,drone,0,4
Чуднів,Житомирська,Житомирський,50.0524287,28.1153765,2026-05,drone,0,1
Чутове,Полтавська,Полтавський,49.7216667,35.1694444,2026-05,drone,0,1
Шарівка,Харківська,Богодухівський,50.1601711,35.5220539,2026-05,drone,0,1
Шахтарське,Дніпропетровська,Синельниківський,48.4043673,35.275539,2026-05,drone,0,2
Шевченкове,Сумська,Конотопський,51.252941,33.124119,2026-05,drone,0,1
Шевченкове,Харківська,Богодухівський,50.0625892,35.1647821,2026-05,drone,0,1
Широке,Дніпропетровська,Криворізький,47.6846511,33.2645369,2026-05,drone,0,1
Шостакове,Миколаївська,Миколаївський,47.18486,31.793865,2026-05,drone,0,1
Шостка,Сумська,Шосткинський,51.8643223,33.4728213,2026-05,drone,0,20
Ямпіль,Сумська,Шосткинський,51.9481126,33.778454,2026-05,drone,0,1
Іванків,Київська,Фастівський,50.3356709,30.2847595,2026-06,drone,0,1
Івано-Ганнівка,Запорізька,Запорізький,47.79911,35.305592,2026-06,drone,0,1
Ізмаїл,Одеська,Ізмаїльський,45.3511307,28.8361514,2026-06,drone,0,1
Ізюм,Харківська,Ізюмський,49.1913721,37.2784125,2026-06,drone,0,12
Ічня,Чернігівська,Прилуцький,50.8623444,32.3910144,2026-06,drone,2,4
Авіаторське,Дніпропетровська,Дніпровський,48.4680221,35.0417711,2026-06,drone,0,4
Апостолове,Дніпропетровська,Криворізький,47.6617478,33.7180001,2026-06,drone,0,6
Архангельське,Миколаївська,Баштанський,47.4937814,32.2971718,2026-06,drone,0,1
Архангельське,Херсонська,Бериславський,47.4933112,33.528245,2026-06,drone,0,1
Балабине,Запорізька,Запорізький,47.71671,35.20981,2026-06,drone,0,7
Балаган,Донецька,Покровський,48.26294,37.37892,2026-06,drone,0,1
Балакирівка,Луганська,Старобільський,49.2822424,38.897386,2026-06,drone,0,1
Балаклія,Полтавська,Миргородський,49.6792533,33.7820696,2026-06,drone,0,4
Балаклія,Харківська,Ізюмський,49.4521336,36.8397826,2026-06,drone,1,7
Барвінкове,Сумська,Сумський,50.784302,34.829411,2026-06,drone,0,1
Барвінкове,Харківська,Ізюмський,48.9070045,37.0287573,2026-06,drone,0,2
Барвінок,Дніпропетровська,Дніпровський,48.18399,34.565262,2026-06,drone,0,1
Баришівка,Київська,Броварський,50.3645295,31.3256722,2026-06,drone,0,1
Батурин,Чернігівська,Ніжинський,51.3413087,32.8778317,2026-06,drone,0,1
Бахмач,Чернігівська,Ніжинський,51.1801374,32.8165107,2026-06,drone,0,1
Баштанка,Миколаївська,Баштанський,47.4033486,32.4388921,2026-06,drone,0,3
Бердичів,Житомирська,Бердичівський,49.8940442,28.5814912,2026-06,drone,0,1
Березанка,Миколаївська,Миколаївський,46.8544054,31.3874915,2026-06,drone,0,1
Березань,Київська,Броварський,50.3132713,31.4689158,2026-06,drone,0,2
Березна,Чернігівська,Чернігівський,51.5778917,31.7902811,2026-06,drone,0,1
Березнегувате,Миколаївська,Баштанський,47.308722,32.8486739,2026-06,drone,0,1
Березняк,Дніпропетровська,Кам’янський,48.68626,33.922,2026-06,drone,0,1
Благовіщенське,Кіровоградська,Голованівський,48.327711,30.2344886,2026-06,drone,0,1
Благодатне,Харківська,Богодухівський,49.8305999,35.6088208,2026-06,drone,0,1
Близнюки,Харківська,Лозівський,48.85311,36.55186,2026-06,drone,0,1
Богодарівка,Дніпропетровська,Синельниківський,47.9808528,36.2333808,2026-06,drone,0,2
Богодарівка,Миколаївська,Вознесенський,47.696378,31.8489152,2026-06,drone,0,1
Богодухів,Харківська,Богодухівський,50.1601711,35.5220539,2026-06,drone,2,16
Боголюбове,Сумська,Охтирський,50.48046,34.96467,2026-06,drone,0,3
Божедарівка,Дніпропетровська,Кам’янський,48.3601,34.11392,2026-06,drone,0,2
Болград,Одеська,Болградський,45.6779137,28.6132404,2026-06,drone,0,1
Борзна,Чернігівська,Ніжинський,51.2534475,32.4263156,2026-06,drone,0,5
Бориспіль,Київська,Бориспільський,50.3512101,30.95077,2026-06,drone,0,1
Борисівка,Запорізька,Мелітопольський,46.9464984,35.4405448,2026-06,drone,0,1
Борова,Харківська,Чугуївський,49.6815177,36.354776,2026-06,drone,3,4
Боровківка,Дніпропетровська,Кам’янський,48.6541915,34.3347779,2026-06,drone,0,2
Борок,Житомирська,Житомирський,50.08255,29.09866,2026-06,drone,0,1
Боромля,Сумська,Охтирський,50.619511,34.967079,2026-06,drone,0,1
Бровари,Київська,Броварський,50.5111168,30.7900482,2026-06,,0,1
Бровари,Київська,Броварський,50.5111168,30.7900482,2026-06,drone,4,5
Буринь,Сумська,Конотопський,51.1960431,33.8288042,2026-06,drone,2,6
Білгород-Дністровський,Одеська,Білгород-Дністровський,46.1909823,30.345784,2026-06,drone,0,5
Біле,Харківська,Куп’янський,49.6604248,37.6984775,2026-06,,0,1
Біле,Харківська,Куп’янський,49.6604248,37.6984775,2026-06,drone,1,2
Білий Колодязь,Харківська,Чугуївський,50.2928843,36.9370028,2026-06,drone,0,1
Білозерське,Дніпропетровська,Павлоградський,48.74599,36.01833,2026-06,drone,0,1
Валки,Харківська,Богодухівський,49.8305999,35.6088208,2026-06,drone,1,1
Васильків,Київська,Обухівський,50.17387,30.32158,2026-06,drone,1,1
Васильківка,Дніпропетровська,Синельниківський,48.21041,36.03035,2026-06,drone,0,4
Велика Багачка,Полтавська,Миргородський,49.7852778,33.7213889,2026-06,drone,0,1
Велика Димерка,Київська,Броварський,50.5913563,30.9016229,2026-06,drone,1,1
Велика Лепетиха,Херсонська,Каховський,47.178599,33.9428266,2026-06,drone,0,3
Великий Бурлук,Харківська,Куп’янський,50.05422,37.38939,2026-06,drone,0,1
Великодолинське,Одеська,Одеський,46.3467158,30.5759542,2026-06,drone,0,1
Великокозирщина,Дніпропетровська,Новомосковський,49.0814029,35.218048,2026-06,drone,0,1
Великі Мости,Львівська,Червоноградський,50.240162,24.1385486,2026-06,drone,0,2
Верхівцеве,Дніпропетровська,Кам’янський,48.48404,34.24232,2026-06,drone,0,1
Вилкове,Одеська,Ізмаїльський,45.40306,29.58309,2026-06,drone,1,3
Високий,Харківська,Харківський,49.8911681,36.1286649,2026-06,drone,0,1
Вишгород,Київська,Вишгородський,50.5824332,30.485121,2026-06,drone,1,2
Вишнівка,Харківська,Куп’янський,49.769779,37.586632,2026-06,drone,0,1
Вознесенськ,Миколаївська,Вознесенський,47.5679582,31.3338636,2026-06,drone,0,2
Вознесенськ,Миколаївська,Вознесенський,47.5679582,31.3338636,2026-06,kab,1,1
Вознесенське,Дніпропетровська,Синельниківський,48.2553506,36.7322839,2026-06,drone,0,2
Ворожба,Сумська,Сумський,50.5814148,34.4761301,2026-06,drone,0,2
Вільногірськ,Дніпропетровська,Кам’янський,48.49365,34.02328,2026-06,drone,0,2
Вільнянськ,Запорізька,Запорізький,47.9433,35.43159,2026-06,drone,1,4
Вільшани,Харківська,Харківський,49.984881,36.0681717,2026-06,drone,0,1
Вільшанка,Кіровоградська,Голованівський,48.235415,30.8745445,2026-06,drone,1,1
Вільшанська Нива,Київська,Фастівський,50.18726,29.80797,2026-06,drone,0,1
Гадяч,Полтавська,Миргородський,50.3701299,33.9950534,2026-06,drone,0,3
Глобине,Полтавська,Кременчуцький,49.392047,33.2507308,2026-06,drone,0,1
Глухів,Сумська,Шосткинський,51.67831,33.9093,2026-06,drone,0,5
Гончарівське,Чернігівська,Чернігівський,51.2990164,30.9276044,2026-06,drone,1,3
Городище,Сумська,Роменський,50.819687,34.022835,2026-06,drone,0,1
Городниця,Житомирська,Новоград-Волинський,50.80627,27.31407,2026-06,drone,0,1
Городня,Чернігівська,Чернігівський,51.8915393,31.595545,2026-06,drone,0,5
Гоща,Рівненська,Рівненський,50.60466,26.6827977,2026-06,drone,0,1
Гребінка,Полтавська,Лубенський,50.1206044,32.4289258,2026-06,drone,1,1
Грушівка,Дніпропетровська,Криворізький,47.588978,34.012913,2026-06,drone,0,1
Гірницьке,Дніпропетровська,Нікопольський,47.6546589,34.1149341,2026-06,drone,0,3
Дачне,Одеська,Одеський,46.577221,30.54817,2026-06,drone,0,1
Дергачі,Харківська,Харківський,50.107307,36.1205965,2026-06,drone,0,4
Десна,Чернігівська,Чернігівський,50.9247792,30.7729799,2026-06,drone,0,1
Диканька,Полтавська,Полтавський,49.8227778,34.5386111,2026-06,drone,2,9
Димер,Київська,Вишгородський,50.7835487,30.3078042,2026-06,drone,1,1
Дніпро,Дніпропетровська,Дніпровський,48.4680221,35.0417711,2026-06,,0,1
Дніпро,Дніпропетровська,Дніпровський,48.4680221,35.0417711,2026-06,ballistic,0,1
Дніпро,Дніпропетровська,Дніпровський,48.4680221,35.0417711,2026-06,drone,4,22
Дніпрорудне,Запорізька,Василівський,47.3899205,35.0028481,2026-06,drone,0,1
Добрянка,Чернігівська,Чернігівський,52.063057,31.173548,2026-06,drone,0,1
Дубов'язівка,Сумська,Конотопський,51.132481,33.37846,2026-06,drone,0,2
Дубравка,Дніпропетровська,Новомосковський,48.9145571,34.9291661,2026-06,drone,0,1
Есмань,Сумська,Шосткинський,51.7311446,33.8753315,2026-06,drone,0,1
Заводське,Полтавська,Миргородський,50.4052959,33.3973661,2026-06,cruise,0,1
Заводське,Полтавська,Миргородський,50.4052959,33.3973661,2026-06,drone,0,1
Запоріжжя,Дніпропетровська,Синельниківський,48.389278,36.315651,2026-06,drone,0,1
Запоріжжя,Запорізька,Запорізький,47.8507859,35.1182867,2026-06,,0,3
Запоріжжя,Запорізька,Пологівський,47.20653,35.59742,2026-06,drone,1,36
Запорізьке,Дніпропетровська,Синельниківський,48.1009562,35.5171714,2026-06,drone,0,2
Запорізьке,Херсонська,Каховський,46.83025,33.86639,2026-06,drone,0,1
Зарічне,Дніпропетровська,Павлоградський,48.74599,36.01833,2026-06,drone,0,1
Затока,Одеська,Білгород-Дністровський,46.1458339,30.5255473,2026-06,drone,2,11
Затоки,Вінницька,Жмеринський,49.077621,27.6813781,2026-06,drone,0,3
Зачепилівка,Харківська,Красноградський,49.1954572,35.2408676,2026-06,drone,1,1
Зеленодольськ,Дніпропетровська,Криворізький,47.5668051,33.6474574,2026-06,drone,0,1
Златопіль,Дніпропетровська,Криворізький,47.9559565,33.525732,2026-06,drone,0,1
Зноб-Новгородське,Сумська,Шосткинський,52.264019,33.598251,2026-06,drone,0,2
Золочів,Харківська,Богодухівський,50.2790531,35.9824347,2026-06,drone,0,1
Зіньків,Полтавська,Полтавський,50.21026,34.35768,2026-06,drone,0,5
Кам'янка,Вінницька,Вінницький,49.3232593,28.0837586,2026-06,drone,0,1
Кам'янське,Дніпропетровська,Кам’янський,48.5167748,34.6068797,2026-06,drone,3,9
Карлівка,Полтавська,Полтавський,49.4537175,35.1374845,2026-06,drone,0,1
Кароліно-Бугаз,Одеська,Білгород-Дністровський,46.1458339,30.5255473,2026-06,drone,0,3
Каховка,Херсонська,Каховський,46.8054626,33.4817825,2026-06,drone,0,1
Кириківка,Сумська,Охтирський,50.337784,35.143055,2026-06,drone,0,1
Киричкове,Дніпропетровська,Синельниківський,47.9808528,36.2333808,2026-06,drone,0,1
Київ,м. Київ,,50.4501,30.5234,2026-06,,0,7
Київ,м. Київ,,50.4501,30.5234,2026-06,drone,4,14
Коблеве,Миколаївська,Миколаївський,46.6612599,31.2085145,2026-06,drone,0,1
Козельщина,Полтавська,Полтавський,49.4441667,34.87,2026-06,drone,0,1
Коломак,Полтавська,Полтавський,49.627499,34.687222,2026-06,drone,0,1
Комишанка,Сумська,Роменський,50.819687,34.022835,2026-06,drone,1,1
Комишня,Полтавська,Миргородський,50.1838006,33.679619,2026-06,drone,0,1
Комишуваха,Запорізька,Запорізький,47.7141975,35.5322725,2026-06,drone,0,5
Конотоп,Сумська,Конотопський,51.2397495,33.206675,2026-06,drone,8,24
Конотоп,Чернігівська,Чернігівський,51.8915393,31.595545,2026-06,drone,1,2
Коробчине,Дніпропетровська,Кам’янський,48.3747353,34.4569858,2026-06,drone,1,2
Короваї,Полтавська,Лубенський,50.1206044,32.4289258,2026-06,drone,0,1
Корольки,Сумська,Конотопський,51.3359821,33.8715451,2026-06,drone,0,1
Короп,Чернігівська,Новгород-Сіверський,51.5671394,32.9520532,2026-06,drone,0,1
Коростень,Житомирська,Коростенський,51.0060511,28.5875505,2026-06,drone,4,17
Коростівці,Вінницька,Жмеринський,49.0354593,28.1147317,2026-06,drone,0,1
Корюківка,Чернігівська,Корюківський,51.77444,32.2514,2026-06,drone,0,2
Костянтинівка,Запорізька,Мелітопольський,46.833878,35.425159,2026-06,drone,0,1
Котельва,Полтавська,Полтавський,50.0621097,34.7496951,2026-06,drone,1,4
Коцюбинське,Київська,Бучанський,50.4904717,30.3337903,2026-06,drone,3,3
Крамарка,Дніпропетровська,Новомосковський,48.9145571,34.9291661,2026-06,drone,0,1
Краматорськ,Донецька,Краматорський,48.7389415,37.5843812,2026-06,drone,0,1
Красилів,Хмельницька,Хмельницький,49.6544431,26.9709084,2026-06,drone,0,1
Красне,Запорізька,Бердянський,47.19486,36.2075,2026-06,drone,0,1
Красноград,Харківська,Красноградський,49.3741326,35.4494234,2026-06,drone,0,1
Краснопілля,Сумська,Сумський,50.7712539,35.2563391,2026-06,drone,0,1
Краснопіль,Житомирська,Коростенський,50.8977565,28.3085694,2026-06,drone,0,1
Краснощокове,Дніпропетровська,Синельниківський,48.238911,36.217121,2026-06,drone,0,1
Красятичі,Київська,Вишгородський,51.0782874,29.6377868,2026-06,drone,0,3
Кременчук,Полтавська,Кременчуцький,49.0629553,33.403516,2026-06,,0,1
Кременчук,Полтавська,Кременчуцький,49.0629553,33.403516,2026-06,ballistic,0,2
Кременчук,Полтавська,Кременчуцький,49.0629553,33.403516,2026-06,drone,1,5
Кременівка,Дніпропетровська,Новомосковський,49.118382,34.773186,2026-06,drone,0,2
Кременівка,Донецька,Маріупольський,47.303725,37.5980463,2026-06,drone,0,1
Кремінне,Вінницька,Могилів-Подільський,48.512192,27.63199,2026-06,drone,0,1
Кривий,Закарпатська,Хустський,48.1764917,23.291166,2026-06,drone,1,5
Кривий Ріг,Дніпропетровська,Криворізький,47.9102734,33.3917703,2026-06,drone,0,13
Кривий Ріг,Дніпропетровська,Криворізький,47.9102734,33.3917703,2026-06,guided_air,0,1
Кривоносове,Кіровоградська,Кропивницький,47.90897,32.172771,2026-06,guided_air,0,1
Кринички,Дніпропетровська,Кам’янський,48.49365,34.02328,2026-06,drone,1,3
Кролевець,Сумська,Конотопський,51.5548654,33.3875984,2026-06,drone,3,17
Кролевець-Слобідка,Чернігівська,Новгород-Сіверський,52.004259,33.2779899,2026-06,drone,0,1
Кропивницький,Кіровоградська,Кропивницький,48.5105805,32.2656283,2026-06,cruise,0,1
Кропивницький,Кіровоградська,Кропивницький,48.5105805,32.2656283,2026-06,drone,2,5
Кропивня,Київська,Вишгородський,50.93301,29.9042867,2026-06,drone,0,1
Куликівка,Чернігівська,Прилуцький,50.8623444,32.3910144,2026-06,drone,0,2
Куп'янськ,Харківська,Куп’янський,49.7132963,37.6141992,2026-06,drone,0,1
Лебедин,Сумська,Сумський,50.5814148,34.4761301,2026-06,drone,0,3
Лебедин,Чернігівська,Новгород-Сіверський,51.5671394,32.9520532,2026-06,drone,0,1
Лиман,Донецька,Покровський,48.4441378,36.9162268,2026-06,drone,1,5
Лиман,Одеська,Білгород-Дністровський,45.673229,29.741247,2026-06,drone,0,1
Лиманське,Одеська,Роздільнянський,46.6618481,29.9760782,2026-06,drone,0,3
Линове,Сумська,Конотопський,51.3749282,34.132125,2026-06,drone,1,1
Линовиця,Чернігівська,Прилуцький,50.4641,32.396339,2026-06,drone,0,1
Липова Долина,Сумська,Роменський,50.5637857,33.7990004,2026-06,drone,0,3
Лозова,Харківська,Богодухівський,50.1601711,35.5220539,2026-06,drone,0,2
Лозове,Дніпропетровська,Синельниківський,48.45863,36.42483,2026-06,drone,0,1
Лозове,Донецька,Покровський,48.24612,37.60311,2026-06,drone,1,2
Лозове,Запорізька,Пологівський,47.474331,36.35342,2026-06,drone,0,1
Лозове,Миколаївська,Баштанський,47.835215,32.8241797,2026-06,drone,0,2
Лозовик,Київська,Бучанський,50.4639897,29.8068986,2026-06,drone,0,1
Лозівський,Луганська,Алчевський,48.5782151,38.9451299,2026-06,drone,0,2
Лохвиця,Полтавська,Миргородський,50.3595181,33.2741725,2026-06,drone,0,3
Лубни,Полтавська,Лубенський,50.0118206,33.0030821,2026-06,,0,1
Лубни,Полтавська,Лубенський,50.0118206,33.0030821,2026-06,drone,0,2
Любеч,Чернігівська,Чернігівський,51.7004629,30.658659,2026-06,drone,0,1
Любешів,Волинська,Камінь-Каширський,51.7632795,25.5048264,2026-06,drone,0,1
Любимівка,Київська,Бучанський,50.4605965,30.1757337,2026-06,drone,0,1
Любов,Дніпропетровська,Дніпровський,48.20423,34.87713,2026-06,drone,0,1
Магдалинівка,Дніпропетровська,Новомосковський,48.9145571,34.9291661,2026-06,drone,1,6
Макарів,Київська,Бучанський,50.4639897,29.8068986,2026-06,drone,1,1
Маковецьке,Київська,Білоцерківський,49.555498,30.5023421,2026-06,drone,0,1
Малинівка,Харківська,Чугуївський,49.8006602,36.7180703,2026-06,drone,0,1
Марганець,Дніпропетровська,Нікопольський,47.6490555,34.649194,2026-06,drone,0,1
Машівка,Полтавська,Полтавський,49.4441667,34.87,2026-06,drone,0,2
Маяк,Дніпропетровська,Нікопольський,47.770885,34.729996,2026-06,,0,1
Маяки,Одеська,Одеський,46.413799,30.26836,2026-06,drone,0,2
Межова,Дніпропетровська,Синельниківський,48.2553506,36.7322839,2026-06,drone,0,2
Мена,Чернігівська,Корюківський,51.52279,32.21638,2026-06,drone,1,9
Миколаїв,Миколаївська,Миколаївський,46.9758615,31.9939666,2026-06,drone,0,7
Миколаїв,Чернігівська,Ніжинський,50.7415033,31.3860852,2026-06,drone,0,1
Миколаївка,Сумська,Конотопський,51.1960431,33.8288042,2026-06,drone,0,2
Миколаївка,Херсонська,Бериславський,47.4933112,33.528245,2026-06,drone,1,1
Миргород,Полтавська,Миргородський,49.9658333,33.6113889,2026-06,drone,4,10
Миролюбівка,Дніпропетровська,Нікопольський,47.8128265,34.7523182,2026-06,drone,1,1
Народичі,Житомирська,Коростенський,51.2037677,29.0913215,2026-06,drone,0,1
Недригайлів,Сумська,Роменський,50.8358991,33.8782826,2026-06,drone,0,3
Нетішин,Хмельницька,Шепетівський,50.3338348,26.6496599,2026-06,drone,0,1
Низи,Сумська,Сумський,50.881664,34.71088,2026-06,drone,0,2
Нова Водолага,Харківська,Харківський,49.7181212,35.8601594,2026-06,drone,0,1
Новгород-Сіверський,Чернігівська,Новгород-Сіверський,52.004259,33.2779899,2026-06,drone,0,4
Новгородське,Сумська,Охтирський,50.619511,34.967079,2026-06,drone,1,3
Новий Буг,Миколаївська,Баштанський,47.6933814,32.5106596,2026-06,drone,0,1
Новий Коротич,Харківська,Харківський,49.9622881,36.1239316,2026-06,drone,0,1
Новоград-Волинський,Житомирська,Новоград-Волинський,50.5917622,27.6066973,2026-06,drone,0,2
Новоданилівка,Миколаївська,Баштанський,47.5752739,32.6213011,2026-06,drone,1,1
Новодонецьке,Донецька,Краматорський,48.6342604,36.9819183,2026-06,drone,0,1
Новомиколаївка,Запорізька,Запорізький,47.97146,35.89886,2026-06,drone,0,1
Новомосковськ,Дніпропетровська,Новомосковський,48.6358512,35.2595541,2026-06,drone,0,6
Новомосковськ,Дніпропетровська,Новомосковський,48.6358512,35.2595541,2026-06,guided_air,0,1
Новослобідське,Сумська,Конотопський,51.3749282,34.132125,2026-06,drone,1,1
Новосілка,Миколаївська,Вознесенський,47.529674,31.3240378,2026-06,drone,0,1
Нові Білярі,Одеська,Одеський,46.6225029,31.0994897,2026-06,drone,0,1
Ніжин,Чернігівська,Ніжинський,51.0464747,31.8806289,2026-06,,0,1
Ніжин,Чернігівська,Ніжинський,51.0464747,31.8806289,2026-06,drone,3,7
Ніжинське,Сумська,Конотопський,51.5548654,33.3875984,2026-06,drone,0,1
Ніжинське,Сумська,Конотопський,51.5548654,33.3875984,2026-06,guided_air,0,1
Нікополь,Дніпропетровська,Нікопольський,47.5692061,34.3917272,2026-06,drone,0,3
Нікополь,Харківська,Ізюмський,48.9070045,37.0287573,2026-06,drone,0,2
Обухів,Київська,Обухівський,50.1101633,30.6269696,2026-06,drone,0,1
Овруч,Житомирська,Коростенський,51.3259771,28.8026718,2026-06,drone,3,8
Овідіополь,Одеська,Одеський,46.2473734,30.4448614,2026-06,drone,0,3
Одеса,Одеська,Одеський,46.4843023,30.7322878,2026-06,drone,2,22
Олександрівка,Харківська,Красноградський,49.1954572,35.2408676,2026-06,drone,0,1
Олишівка,Чернігівська,Чернігівський,51.217918,31.32992,2026-06,drone,1,2
Ольшанське,Миколаївська,Миколаївський,47.18486,31.793865,2026-06,drone,0,1
Опішня,Полтавська,Полтавський,49.9570991,34.6100455,2026-06,drone,0,4
Охтирка,Сумська,Охтирський,50.3115386,34.8868923,2026-06,drone,2,12
Очаків,Миколаївська,Миколаївський,46.6145957,31.5452994,2026-06,drone,0,4
П'ятихатки,Дніпропетровська,Павлоградський,48.74599,36.01833,2026-06,drone,2,2
Павлоград,Дніпропетровська,Павлоградський,48.5316759,35.8703695,2026-06,ballistic,0,1
Павлоград,Дніпропетровська,Павлоградський,48.5316759,35.8703695,2026-06,drone,3,39
Павлоград,Луганська,Сєвєродонецький,48.9478698,38.4936475,2026-06,drone,0,1
Павлівка,Харківська,Лозівський,48.85311,36.55186,2026-06,drone,0,1
Парафіївка,Чернігівська,Прилуцький,50.8840075,32.6447189,2026-06,drone,0,1
Первомайське,Дніпропетровська,Синельниківський,48.21041,36.03035,2026-06,drone,0,1
Переможне,Запорізька,Мелітопольський,46.69636,35.15522,2026-06,drone,0,1
Перещепине,Дніпропетровська,Новомосковський,49.01825,35.35915,2026-06,drone,0,2
Петриківка,Дніпропетровська,Дніпровський,48.067799,34.613155,2026-06,drone,1,2
Петропавлівка,Дніпропетровська,Криворізький,47.89455,33.941921,2026-06,drone,0,1
Печеніги,Харківська,Чугуївський,49.865444,36.9391629,2026-06,drone,0,4
Пирятин,Полтавська,Лубенський,50.2361111,32.5011111,2026-06,drone,0,2
Покровське,Дніпропетровська,Синельниківський,47.9808528,36.2333808,2026-06,drone,1,1
Полтава,Полтавська,Полтавський,49.5897423,34.5507948,2026-06,drone,4,13
Полтава,Харківська,Куп’янський,49.6949729,37.1753112,2026-06,drone,0,3
Полтавка,Дніпропетровська,Криворізький,47.66556,33.1152,2026-06,drone,0,1
Помічна,Кіровоградська,Новоукраїнський,48.243309,31.4037217,2026-06,drone,0,1
Пономаренки,Сумська,Охтирський,50.4253238,35.4838569,2026-06,drone,0,2
Понорниця,Чернігівська,Новгород-Сіверський,51.720539,32.843971,2026-06,drone,0,3
Придніпрянське,Дніпропетровська,Дніпровський,48.373829,35.172729,2026-06,drone,0,1
Прилужжя,Сумська,Конотопський,51.30048,33.429016,2026-06,drone,1,1
Прилуки,Запорізька,Пологівський,47.747269,36.079788,2026-06,drone,0,1
Прилуки,Чернігівська,Прилуцький,50.5950864,32.3866658,2026-06,drone,0,1
Прип'ять,Волинська,Ковельський,51.4909494,23.9219323,2026-06,drone,0,2
Просяна,Дніпропетровська,Синельниківський,48.0905779,36.4104291,2026-06,drone,0,3
Прудянка,Харківська,Харківський,50.107307,36.1205965,2026-06,drone,1,3
Путивль,Сумська,Конотопський,51.3359821,33.8715451,2026-06,drone,2,11
Путилівка,Дніпропетровська,Нікопольський,47.546421,34.15443,2026-06,drone,1,1
Путилівка,Одеська,Роздільнянський,47.104568,29.990959,2026-06,drone,0,1
Південне,Дніпропетровська,Нікопольський,47.748482,34.380531,2026-06,drone,0,1
Південне,Запорізька,Мелітопольський,46.894451,35.416489,2026-06,drone,0,1
Південне,Одеська,Білгород-Дністровський,46.337597,29.986652,2026-06,drone,0,3
Південне,Харківська,Харківський,49.984881,36.0681717,2026-06,drone,0,1
Решетилівка,Полтавська,Полтавський,49.5586111,34.0791667,2026-06,drone,0,1
Рибацьке,Донецька,Маріупольський,47.0957648,37.5499621,2026-06,drone,0,1
Рибці,Сумська,Сумський,50.9119775,34.8027723,2026-06,drone,0,1
Рогань,Харківська,Харківський,49.9035,36.479103,2026-06,guided_air,0,1
Рокитне,Рівненська,Сарненський,51.2700302,27.2184767,2026-06,drone,0,2
Ромни,Сумська,Роменський,50.74207,33.4877,2026-06,drone,2,15
Ропове,Миколаївська,Баштанський,47.5225573,32.923254,2026-06,drone,0,2
Рівне,Запорізька,Мелітопольський,46.894451,35.416489,2026-06,drone,0,2
Рівне,Сумська,Конотопський,51.3749282,34.132125,2026-06,drone,0,1
Ріпки,Харківська,Богодухівський,50.1601711,35.5220539,2026-06,drone,0,1
Ріпки,Чернігівська,Чернігівський,51.8036433,31.0931453,2026-06,drone,0,6
Сарата,Одеська,Білгород-Дністровський,46.0220664,29.6648751,2026-06,drone,1,3
Сарни,Рівненська,Сарненський,51.3350028,26.6171275,2026-06,drone,1,4
Сарнівка,Житомирська,Коростенський,51.22272,27.64881,2026-06,drone,0,2
Сахновщина,Харківська,Красноградський,49.1517351,35.875332,2026-06,drone,1,2
Сахнівщина,Полтавська,Полтавський,49.4441667,34.87,2026-06,drone,0,1
Свеса,Сумська,Шосткинський,51.94816,33.93299,2026-06,drone,0,3
Седнів,Чернігівська,Чернігівський,51.64209,31.562403,2026-06,drone,0,1
Сергіївка,Донецька,Покровський,48.26294,37.37892,2026-06,drone,0,1
Сергіївка,Одеська,Білгород-Дністровський,46.02756,30.37273,2026-06,drone,0,2
Синельникове,Дніпропетровська,Синельниківський,48.3269304,35.5246984,2026-06,drone,1,12
Скороходове,Полтавська,Полтавський,49.7726802,35.0715767,2026-06,drone,0,1
Слава,Чернігівська,Корюківський,51.8187527,31.9448953,2026-06,drone,2,8
Славгород,Дніпропетровська,Синельниківський,48.1009562,35.5171714,2026-06,drone,0,2
Славне,Волинська,Луцький,50.8333448,25.4648622,2026-06,drone,0,1
Славутич,Київська,Вишгородський,51.5201397,30.7562301,2026-06,drone,0,7
Славів,Житомирська,Житомирський,50.45299,28.66573,2026-06,drone,0,1
Слободо-Петрівка,Полтавська,Лубенський,50.1206044,32.4289258,2026-06,drone,1,2
Слобожанське,Харківська,Харківський,50.203121,36.422314,2026-06,drone,1,2
Слов'янськ,Донецька,Краматорський,48.8522691,37.6058241,2026-06,drone,0,1
Сновськ,Чернігівська,Корюківський,51.8187527,31.9448953,2026-06,drone,0,13
Снігурівка,Миколаївська,Баштанський,47.070721,32.7924643,2026-06,drone,0,5
Солоне,Дніпропетровська,Дніпровський,48.20423,34.87713,2026-06,drone,0,3
Сосниця,Чернігівська,Корюківський,51.5244906,32.5028975,2026-06,drone,0,1
Старий Салтів,Харківська,Чугуївський,50.0760423,36.7936724,2026-06,drone,0,6
Старий Самбір,Львівська,Самбірський,49.44406,23.0022677,2026-06,drone,0,1
Степань,Рівненська,Сарненський,51.1331321,26.3058758,2026-06,drone,0,1
Степанівка,Житомирська,Коростенський,51.07853,28.3976,2026-06,drone,0,1
Степанівка,Сумська,Конотопський,51.1960431,33.8288042,2026-06,drone,0,5
Степногірськ,Запорізька,Василівський,47.58694,35.35606,2026-06,drone,0,1
Суми,Сумська,Сумський,50.9119775,34.8027723,2026-06,ballistic,0,1
Суми,Сумська,Сумський,50.9119775,34.8027723,2026-06,drone,6,74
Суми,Сумська,Сумський,50.9119775,34.8027723,2026-06,guided_air,0,1
Суми,Сумська,Сумський,50.9119775,34.8027723,2026-06,kab,1,1
Сумці,Харківська,Лозівський,49.394455,36.284039,2026-06,drone,0,1
Талалаївка,Чернігівська,Ніжинський,50.955681,31.917252,2026-06,drone,0,1
Татарбунари,Одеська,Білгород-Дністровський,45.8398696,29.6166537,2026-06,drone,1,8
Теофіполь,Хмельницька,Хмельницький,49.84463,26.41525,2026-06,drone,0,1
Терни,Сумська,Роменський,50.8358991,33.8782826,2026-06,drone,5,8
Тернувате,Дніпропетровська,Кам’янський,48.345341,33.84235,2026-06,drone,0,1
Тернівка,Дніпропетровська,Криворізький,48.061314,33.2810237,2026-06,drone,0,3
Тернівка,Київська,Обухівський,49.8650658,30.8226786,2026-06,drone,0,1
Токарівка,Харківська,Харківський,50.107307,36.1205965,2026-06,drone,0,1
Томаківка,Дніпропетровська,Дніпровський,48.18399,34.565262,2026-06,drone,0,1
Тростянець,Сумська,Охтирський,50.48046,34.96467,2026-06,drone,1,6
Тітківці,Закарпатська,Хустський,48.5281184,23.5009289,2026-06,drone,1,2
Улянівка,Сумська,Сумський,50.9395138,34.3729195,2026-06,drone,0,1
Утківка,Харківська,Харківський,49.8183386,36.0628675,2026-06,drone,1,1
Харкове,Запорізька,Пологівський,47.2557432,35.7021159,2026-06,drone,0,3
Харків,Харківська,Харківський,49.9923181,36.2310146,2026-06,drone,3,63
Харків,Харківська,Харківський,49.9923181,36.2310146,2026-06,guided_air,0,1
Харківка,Сумська,Шосткинський,51.767231,34.06345,2026-06,drone,0,3
Харківське,Донецька,Донецький,47.7952806,38.4798317,2026-06,drone,1,1
Харківці,Київська,Бориспільський,50.0643984,31.4447327,2026-06,drone,0,2
Херсон,Херсонська,Херсонський,46.6412644,32.625794,2026-06,drone,0,1
Хмельове,Кіровоградська,Новоукраїнський,48.6014602,31.2957107,2026-06,drone,0,1
Холми,Чернігівська,Корюківський,51.872562,32.595619,2026-06,drone,1,6
Хутір-Мокляки,Житомирська,Новоград-Волинський,50.872091,27.8047443,2026-06,drone,0,3
Чаплине,Дніпропетровська,Синельниківський,48.238911,36.217121,2026-06,drone,0,3
Черкас,Київська,Білоцерківський,49.694134,30.082663,2026-06,drone,0,1
Черкасівка,Полтавська,Полтавський,49.627499,34.687222,2026-06,cruise,0,1
Черкасівка,Полтавська,Полтавський,49.627499,34.687222,2026-06,drone,0,1
Чернецьке,Сумська,Сумський,50.5814148,34.4761301,2026-06,drone,0,1
Чернишки,Сумська,Сумський,50.5814148,34.4761301,2026-06,drone,0,1
Черняхів,Житомирська,Житомирський,50.45299,28.66573,2026-06,drone,0,1
Черняхівка,Київська,Бориспільський,50.2758913,31.7634861,2026-06,,0,1
Чернігів,Чернігівська,Чернігівський,51.494099,31.294332,2026-06,,0,1
Чернігів,Чернігівська,Чернігівський,51.494099,31.294332,2026-06,drone,1,15
Чернігівка,Дніпропетровська,Дніпровський,48.18399,34.565262,2026-06,drone,0,1
Чернігівка,Запорізька,Бердянський,47.19486,36.2075,2026-06,drone,0,1
Чернігівка,Миколаївська,Баштанський,47.5752739,32.6213011,2026-06,drone,1,1
Чигирин,Одеська,Березівський,47.1691588,30.8145604,2026-06,drone,0,1
Чорногородка,Київська,Фастівський,50.266571,29.88693,2026-06,drone,1,4
Чорноземне,Запорізька,Василівський,47.2817378,35.3955872,2026-06,drone,0,2
Чорноморка,Миколаївська,Миколаївський,46.649658,31.506041,2026-06,drone,0,1
Чорноморськ,Одеська,Одеський,46.3020943,30.653466,2026-06,,0,1
Чорноморськ,Одеська,Одеський,46.3020943,30.653466,2026-06,drone,2,15
Чорноморське,Одеська,Одеський,46.5849122,30.9334115,2026-06,drone,0,4
Чорноморське,Херсонська,Скадовський,46.2458348,32.2929002,2026-06,drone,0,1
Чорнопарівка,Дніпропетровська,Дніпровський,48.18399,34.565262,2026-06,drone,1,2
Чорнорудка,Житомирська,Бердичівський,49.868717,29.14735,2026-06,drone,1,1
Чугуєве,Дніпропетровська,Синельниківський,48.13591,36.79047,2026-06,drone,0,4
Чугуїв,Харківська,Чугуївський,49.8363648,36.6898157,2026-06,,0,1
Чугуїв,Харківська,Чугуївський,49.8363648,36.6898157,2026-06,drone,1,13
Шарівка,Харківська,Богодухівський,50.1601711,35.5220539,2026-06,drone,0,2
Шахтарське,Дніпропетровська,Синельниківський,48.4043673,35.275539,2026-06,drone,0,6
Шацьк,Волинська,Ковельський,51.4909494,23.9219323,2026-06,drone,0,1
Шевченко,Луганська,Сєвєродонецький,49.0329045,38.3725819,2026-06,drone,0,1
Шевченкове,Дніпропетровська,Криворізький,47.9559565,33.525732,2026-06,drone,0,1
Шевченкове,Миколаївська,Миколаївський,46.862518,32.191662,2026-06,drone,0,1
Шевченкове,Сумська,Сумський,50.9119775,34.8027723,2026-06,drone,0,1
Шепетівка,Хмельницька,Шепетівський,50.1809437,27.0651783,2026-06,drone,0,1
Шишаки,Полтавська,Миргородський,49.8764366,34.0069282,2026-06,drone,0,1
Шостакове,Миколаївська,Миколаївський,47.18486,31.793865,2026-06,drone,0,2
Шостка,Сумська,Шосткинський,51.8643223,33.4728213,2026-06,drone,0,25
Яворницьке,Запорізька,Запорізький,47.910351,34.901161,2026-06,drone,0,1
Яготин,Київська,Бориспільський,50.2758913,31.7634861,2026-06,drone,0,3
Ямпіль,Вінницька,Могилів-Подільський,48.2400683,28.2779272,2026-06,drone,0,1
Ямпіль,Донецька,Краматорський,48.9801314,37.8168012,2026-06,drone,0,2
Ямпіль,Хмельницька,Шепетівський,49.9562165,26.2274578,2026-06,drone,0,1
Ємільчине,Житомирська,Новоград-Волинський,50.872091,27.8047443,2026-07,drone,0,1
Іванків,Київська,Фастівський,50.3356709,30.2847595,2026-07,drone,0,1
Ізмаїл,Одеська,Ізмаїльський,45.3511307,28.8361514,2026-07,drone,0,1
Ізюм,Харківська,Ізюмський,49.1913721,37.2784125,2026-07,drone,1,2
Ічня,Чернігівська,Прилуцький,50.8623444,32.3910144,2026-07,drone,1,6
Андріївка,Харківська,Куп’янський,50.05422,37.38939,2026-07,drone,1,1
Апостолове,Дніпропетровська,Криворізький,47.6617478,33.7180001,2026-07,drone,1,1
Архангельське,Херсонська,Бериславський,47.4933112,33.528245,2026-07,drone,1,1
Арциз,Одеська,Болградський,45.9962017,29.431517,2026-07,drone,1,1
Балаклія,Полтавська,Миргородський,49.6792533,33.7820696,2026-07,drone,1,1
Балаклія,Харківська,Ізюмський,49.4521336,36.8397826,2026-07,,0,1
Балаклія,Харківська,Ізюмський,49.4521336,36.8397826,2026-07,drone,1,1
Барвінкове,Харківська,Ізюмський,48.9070045,37.0287573,2026-07,,0,1
Барвінкове,Харківська,Ізюмський,48.9070045,37.0287573,2026-07,drone,2,2
Барвінкове,Чернігівська,Прилуцький,50.8840075,32.6447189,2026-07,drone,1,1
Барвінщина,Полтавська,Лубенський,50.0118206,33.0030821,2026-07,drone,0,1
Батурин,Чернігівська,Ніжинський,51.3413087,32.8778317,2026-07,drone,1,2
Бахмач,Чернігівська,Ніжинський,51.1801374,32.8165107,2026-07,drone,1,2
Березань,Київська,Броварський,50.3132713,31.4689158,2026-07,drone,0,1
Близнюки,Харківська,Лозівський,48.85311,36.55186,2026-07,drone,1,2
Богодухів,Харківська,Богодухівський,50.1601711,35.5220539,2026-07,drone,0,2
Божедарівка,Дніпропетровська,Кам’янський,48.3601,34.11392,2026-07,,0,1
Божедарівка,Дніпропетровська,Кам’янський,48.3601,34.11392,2026-07,drone,1,1
Болград,Одеська,Болградський,45.6779137,28.6132404,2026-07,drone,0,1
Борзна,Чернігівська,Ніжинський,51.2534475,32.4263156,2026-07,drone,0,2
Бориспіль,Київська,Бориспільський,50.3512101,30.95077,2026-07,cruise,0,1
Бориспіль,Київська,Бориспільський,50.3512101,30.95077,2026-07,drone,2,2
Бородіно,Одеська,Болградський,46.3023788,29.2422721,2026-07,drone,0,1
Боярка,Київська,Фастівський,50.3356709,30.2847595,2026-07,drone,1,1
Бровари,Київська,Броварський,50.5111168,30.7900482,2026-07,drone,1,3
Бровки,Дніпропетровська,Синельниківський,48.238911,36.217121,2026-07,drone,1,1
Буринь,Сумська,Конотопський,51.1960431,33.8288042,2026-07,drone,0,1
Білгород-Дністровський,Одеська,Білгород-Дністровський,46.1909823,30.345784,2026-07,drone,0,3
Білопілля,Сумська,Сумський,51.1460449,34.3121992,2026-07,drone,1,3
Біляївка,Одеська,Одеський,46.4826109,30.2014161,2026-07,drone,0,2
Валки,Харківська,Богодухівський,49.8305999,35.6088208,2026-07,,0,1
Валки,Харківська,Богодухівський,49.8305999,35.6088208,2026-07,drone,2,2
Васильківка,Дніпропетровська,Синельниківський,48.21041,36.03035,2026-07,drone,0,1
Велика Багачка,Полтавська,Миргородський,49.7852778,33.7213889,2026-07,drone,1,2
Велика Лепетиха,Херсонська,Каховський,47.178599,33.9428266,2026-07,drone,0,1
Велика Писарівка,Сумська,Охтирський,50.4253238,35.4838569,2026-07,drone,0,1
Веселівка,Вінницька,Вінницький,49.4848166,29.2579157,2026-07,drone,0,1
Визирка,Одеська,Одеський,46.696785,30.997566,2026-07,drone,1,1
Вилкове,Одеська,Ізмаїльський,45.40306,29.58309,2026-07,drone,2,8
Вишгород,Київська,Вишгородський,50.5824332,30.485121,2026-07,drone,0,4
Вишневе,Дніпропетровська,Кам’янський,48.4379101,33.9165294,2026-07,,0,1
Вишневе,Чернігівська,Ніжинський,50.7415033,31.3860852,2026-07,drone,1,1
Вознесенськ,Миколаївська,Вознесенський,47.5679582,31.3338636,2026-07,drone,0,1
Ворожба,Сумська,Сумський,51.1722411,34.2245008,2026-07,drone,1,4
Вільне,Харківська,Ізюмський,49.4521336,36.8397826,2026-07,drone,1,1
Вільний Яр,Миколаївська,Вознесенський,47.6895064,31.2785396,2026-07,drone,0,1
Вільногірськ,Дніпропетровська,Кам’янський,48.49365,34.02328,2026-07,drone,1,2
Вільнянськ,Запорізька,Запорізький,47.9433,35.43159,2026-07,drone,0,3
Вільнянськ,Запорізька,Запорізький,47.9433,35.43159,2026-07,kab,1,1
Вільшани,Харківська,Харківський,49.984881,36.0681717,2026-07,drone,0,3
Гадяч,Полтавська,Миргородський,50.3701299,33.9950534,2026-07,drone,1,2
Глухів,Сумська,Шосткинський,51.67831,33.9093,2026-07,drone,0,5
Городня,Чернігівська,Прилуцький,50.8623444,32.3910144,2026-07,drone,2,2
Горішні Плавні,Полтавська,Кременчуцький,49.0140647,33.6330875,2026-07,drone,0,1
Грибівка,Одеська,Одеський,46.2250393,30.531351,2026-07,drone,1,1
Грушівка,Дніпропетровська,Кам’янський,48.3747353,34.4569858,2026-07,drone,0,1
Гути,Сумська,Конотопський,51.252941,33.124119,2026-07,drone,1,1
Дачне,Дніпропетровська,Криворізький,47.89455,33.941921,2026-07,,0,1
Дашів,Вінницька,Вінницький,49.1136358,29.2024356,2026-07,drone,1,1
Дергачі,Харківська,Харківський,50.107307,36.1205965,2026-07,drone,0,2
Десна,Чернігівська,Чернігівський,50.9247792,30.7729799,2026-07,drone,1,1
Джурин,Вінницька,Жмеринський,48.681271,28.292053,2026-07,drone,1,1
Диканька,Полтавська,Полтавський,49.8227778,34.5386111,2026-07,drone,1,1
Дмитрівка,Миколаївська,Миколаївський,46.8544054,31.3874915,2026-07,drone,0,1
Дніпро,Дніпропетровська,Дніпровський,48.4680221,35.0417711,2026-07,,0,1
Дніпро,Дніпропетровська,Дніпровський,48.4680221,35.0417711,2026-07,drone,14,24
Дніпрорудне,Запорізька,Василівський,47.3899205,35.0028481,2026-07,drone,0,1
Добровілля,Дніпропетровська,Синельниківський,48.238911,36.217121,2026-07,drone,0,1
Доманівка,Київська,Вишгородський,50.93301,29.9042867,2026-07,drone,0,1
Драбів,Черкаська,Золотоніський,49.9615236,32.1520869,2026-07,drone,0,1
Житомир,Житомирська,Житомирський,50.2598298,28.6692345,2026-07,drone,5,7
Запоріжжя,Дніпропетровська,Синельниківський,48.389278,36.315651,2026-07,drone,2,3
Запоріжжя,Запорізька,Запорізький,47.8507859,35.1182867,2026-07,drone,6,52
Запоріжжя,Запорізька,Запорізький,47.8507859,35.1182867,2026-07,kab,0,3
Запорізьке,Дніпропетровська,Криворізький,48.0482032,33.8668627,2026-07,drone,0,1
Затока,Одеська,Білгород-Дністровський,46.1458339,30.5255473,2026-07,,0,1
Затока,Одеська,Білгород-Дністровський,46.1458339,30.5255473,2026-07,drone,0,5
Затоки,Вінницька,Жмеринський,49.077621,27.6813781,2026-07,ballistic,0,1
Затоки,Вінницька,Жмеринський,49.077621,27.6813781,2026-07,drone,0,1
Звенигородка,Миколаївська,Вознесенський,47.356307,31.2367979,2026-07,drone,0,1
Згурівка,Київська,Броварський,50.4950666,31.7691817,2026-07,drone,0,1
Златопіль,Дніпропетровська,Криворізький,47.9559565,33.525732,2026-07,drone,0,1
Зміїв,Харківська,Чугуївський,49.6815177,36.354776,2026-07,drone,1,1
Золотоноша,Черкаська,Золотоніський,49.6689719,32.0427439,2026-07,drone,0,1
Золочів,Харківська,Богодухівський,50.2790531,35.9824347,2026-07,drone,1,1
Зіньків,Полтавська,Полтавський,50.21026,34.35768,2026-07,drone,1,3
Кам'янське,Дніпропетровська,Нікопольський,47.62161,34.52453,2026-07,drone,3,5
Кам'янське,Запорізька,Василівський,47.4431859,35.2803026,2026-07,drone,1,2
Канів,Черкаська,Черкаський,49.7551031,31.4610802,2026-07,drone,0,1
Кириківка,Сумська,Охтирський,50.337784,35.143055,2026-07,drone,2,3
Киричкове,Дніпропетровська,Синельниківський,47.9808528,36.2333808,2026-07,drone,1,1
Київ,м. Київ,,50.4501,30.5234,2026-07,,0,1
Київ,м. Київ,,50.4501,30.5234,2026-07,ballistic,0,3
Київ,м. Київ,,50.4501,30.5234,2026-07,drone,26,34
Кобеляки,Полтавська,Полтавський,49.1433333,34.2002778,2026-07,drone,2,2
Козелець,Чернігівська,Чернігівський,50.9160647,31.1167509,2026-07,drone,1,1
Козельщина,Полтавська,Полтавський,49.4441667,34.87,2026-07,drone,0,1
Козин,Київська,Обухівський,50.228951,30.647875,2026-07,drone,1,1
Козятин,Вінницька,Хмільницький,49.7195867,28.8354279,2026-07,drone,1,1
Комишуваха,Запорізька,Запорізький,47.7141975,35.5322725,2026-07,drone,0,1
Кононівка,Київська,Білоцерківський,49.7337685,29.6624138,2026-07,drone,0,1
Конотоп,Сумська,Конотопський,51.2397495,33.206675,2026-07,drone,4,10
Конотоп,Чернігівська,Чернігівський,51.8915393,31.595545,2026-07,drone,0,1
Королівка,Київська,Бучанський,50.4639897,29.8068986,2026-07,drone,0,2
Коростень,Житомирська,Коростенський,51.0060511,28.5875505,2026-07,drone,1,2
Коростишів,Житомирська,Житомирський,50.3201518,29.0584885,2026-07,drone,1,1
Корюківка,Чернігівська,Корюківський,51.77444,32.2514,2026-07,drone,0,1
Кошари,Одеська,Одеський,46.6225029,31.0994897,2026-07,drone,0,1
Краснопілля,Дніпропетровська,Новомосковський,49.118382,34.773186,2026-07,drone,0,1
Краснопіль,Одеська,Роздільнянський,47.3253391,29.8933262,2026-07,drone,1,1
Красятичі,Київська,Вишгородський,51.0782874,29.6377868,2026-07,drone,0,2
Кременище,Київська,Обухівський,50.272751,30.522079,2026-07,drone,1,1
Кременчук,Полтавська,Кременчуцький,49.0629553,33.403516,2026-07,drone,1,7
Кременівка,Дніпропетровська,Новомосковський,49.118382,34.773186,2026-07,drone,0,1
Крива Балка,Одеська,Білгород-Дністровський,46.18755,29.86153,2026-07,drone,0,1
Кривенкове,Сумська,Шосткинський,51.7311446,33.8753315,2026-07,drone,0,1
Кривий,Закарпатська,Хустський,48.1764917,23.291166,2026-07,,0,1
Кривий,Закарпатська,Хустський,48.1764917,23.291166,2026-07,drone,5,10
Кривий Ріг,Дніпропетровська,Криворізький,47.9102734,33.3917703,2026-07,drone,8,14
Криворучки,Полтавська,Миргородський,49.8764366,34.0069282,2026-07,drone,1,1
Криворіжжя,Донецька,Покровський,48.4441378,36.9162268,2026-07,drone,1,1
Кривошиї,Вінницька,Хмільницький,49.556175,27.9491205,2026-07,drone,0,1
Кринички,Дніпропетровська,Кам’янський,48.3747353,34.4569858,2026-07,drone,1,1
Кролевець,Сумська,Конотопський,51.5548654,33.3875984,2026-07,drone,2,4
Кропивницький,Кіровоградська,Кропивницький,48.5105805,32.2656283,2026-07,drone,1,3
Кушугум,Запорізька,Запорізький,47.71671,35.20981,2026-07,drone,0,1
Кілія,Одеська,Ізмаїльський,45.4409767,29.2652788,2026-07,drone,0,1
Лебедин,Сумська,Сумський,50.5814148,34.4761301,2026-07,drone,0,1
Лиманка,Одеська,Одеський,46.367195,30.651262,2026-07,drone,1,1
Липова Долина,Сумська,Роменський,50.5637857,33.7990004,2026-07,drone,0,1
Лозова,Харківська,Богодухівський,50.1601711,35.5220539,2026-07,,0,1
Лозова,Харківська,Богодухівський,50.1601711,35.5220539,2026-07,drone,1,5
Лозове,Дніпропетровська,Синельниківський,48.45863,36.42483,2026-07,drone,3,3
Лозівка,Полтавська,Полтавський,49.5897423,34.5507948,2026-07,drone,1,1
Лохвиця,Полтавська,Миргородський,50.3595181,33.2741725,2026-07,drone,0,1
Любеч,Чернігівська,Чернігівський,51.7004629,30.658659,2026-07,drone,2,2
Люботин,Харківська,Харківський,49.9435604,35.9185185,2026-07,,0,1
Макарів,Київська,Бучанський,50.4639897,29.8068986,2026-07,drone,1,1
Макорти,Дніпропетровська,Криворізький,48.103291,33.751369,2026-07,drone,1,1
Макошине,Чернігівська,Корюківський,51.52279,32.21638,2026-07,drone,0,1
Малин,Житомирська,Коростенський,50.7677902,29.2414346,2026-07,drone,0,1
Маяки,Одеська,Одеський,46.413799,30.26836,2026-07,drone,0,1
Мена,Чернігівська,Корюківський,51.52279,32.21638,2026-07,drone,3,7
Мерефа,Харківська,Харківський,49.8183386,36.0628675,2026-07,drone,2,2
Миколаїв,Львівська,Стрийський,49.5253714,23.9788155,2026-07,drone,1,3
Миколаїв,Миколаївська,Миколаївський,46.9758615,31.9939666,2026-07,drone,10,15
Миколаїв,Чернігівська,Ніжинський,50.7415033,31.3860852,2026-07,drone,8,13
Миколаївка,Дніпропетровська,Дніпровський,48.5495226,34.8545508,2026-07,drone,0,1
Миколаївка,Запорізька,Бердянський,47.1404461,36.8029994,2026-07,drone,1,3
Миколаївка,Сумська,Сумський,50.9395138,34.3729195,2026-07,drone,1,3
Миколаївка,Харківська,Красноградський,49.55555,35.748138,2026-07,drone,1,1
Миргород,Полтавська,Миргородський,49.9658333,33.6113889,2026-07,drone,1,5
Недригайлів,Сумська,Роменський,50.8358991,33.8782826,2026-07,drone,0,1
Новгород-Сіверський,Чернігівська,Новгород-Сіверський,52.004259,33.2779899,2026-07,drone,0,2
Новомосковськ,Дніпропетровська,Новомосковський,48.6358512,35.2595541,2026-07,drone,2,2
Новопетрівка,Сумська,Сумський,50.5814148,34.4761301,2026-07,drone,0,1
Новопокровка,Харківська,Чугуївський,49.8377053,36.5549759,2026-07,drone,1,2
Новоукраїнка,Кіровоградська,Новоукраїнський,48.3250616,31.522047,2026-07,drone,0,1
Ніжиловичі,Київська,Бучанський,50.4639897,29.8068986,2026-07,drone,0,1
Ніжин,Чернігівська,Ніжинський,51.0464747,31.8806289,2026-07,drone,7,9
Нікополь,Дніпропетровська,Нікопольський,47.5692061,34.3917272,2026-07,drone,0,1
Овруч,Житомирська,Коростенський,51.3259771,28.8026718,2026-07,drone,0,1
Овідіополь,Одеська,Одеський,46.2473734,30.4448614,2026-07,drone,1,2
Одеса,Одеська,Одеський,46.4843023,30.7322878,2026-07,,0,10
Одеса,Одеська,Одеський,46.4843023,30.7322878,2026-07,ballistic,0,1
Одеса,Одеська,Одеський,46.4843023,30.7322878,2026-07,drone,13,29
Одеса,Одеська,Одеський,46.4843023,30.7322878,2026-07,missile_alert,2,2
Олександрівка,Вінницька,Вінницький,49.2296415,29.0642148,2026-07,drone,0,1
Олександрія,Кіровоградська,Олександрійський,48.670609,33.1169742,2026-07,drone,0,1
Оржиця,Полтавська,Лубенський,49.7875449,32.6997311,2026-07,drone,0,1
Острів,Чернігівська,Ніжинський,51.1801374,32.8165107,2026-07,drone,1,1
Охтирка,Сумська,Охтирський,50.3115386,34.8868923,2026-07,drone,1,5
Охтирка,Сумська,Охтирський,50.3115386,34.8868923,2026-07,guided_air,0,1
Очаків,Миколаївська,Миколаївський,46.6145957,31.5452994,2026-07,drone,0,3
П'ятихатки,Дніпропетровська,Павлоградський,48.74599,36.01833,2026-07,,0,1
П'ятихатки,Дніпропетровська,Павлоградський,48.74599,36.01833,2026-07,drone,2,2
Павлоград,Дніпропетровська,Павлоградський,48.5316759,35.8703695,2026-07,drone,3,8
Павлівка,Вінницька,Хмільницький,49.4583688,28.5262638,2026-07,drone,1,1
Парафіївка,Чернігівська,Прилуцький,50.8840075,32.6447189,2026-07,drone,0,1
Переяслав,Київська,Бориспільський,50.0643984,31.4447327,2026-07,drone,0,1
Петрове,Кіровоградська,Кропивницький,48.7199609,32.6659476,2026-07,drone,0,1
Петропавлівка,Дніпропетровська,Криворізький,47.89455,33.941921,2026-07,drone,0,4
Печеніги,Харківська,Чугуївський,49.865444,36.9391629,2026-07,drone,0,1
Пирятин,Полтавська,Лубенський,50.2361111,32.5011111,2026-07,drone,2,3
Полтава,Полтавська,Полтавський,49.5897423,34.5507948,2026-07,drone,0,3
Полтава,Харківська,Куп’янський,49.6949729,37.1753112,2026-07,drone,3,9
Полтавка,Миколаївська,Баштанський,47.5752739,32.6213011,2026-07,drone,0,1
Пономаренки,Сумська,Охтирський,50.4253238,35.4838569,2026-07,drone,0,1
Понорниця,Чернігівська,Новгород-Сіверський,51.720539,32.843971,2026-07,drone,1,2
Прилуки,Чернігівська,Прилуцький,50.5950864,32.3866658,2026-07,drone,1,5
Прудище,Сумська,Шосткинський,51.9481126,33.778454,2026-07,drone,0,1
Путивль,Сумська,Конотопський,51.3359821,33.8715451,2026-07,drone,0,3
Путиловичі,Житомирська,Коростенський,51.07853,28.3976,2026-07,drone,0,1
Південне,Дніпропетровська,Нікопольський,47.748482,34.380531,2026-07,,0,1
Південне,Донецька,Бахмутський,48.3970469,37.8501378,2026-07,drone,2,2
Південне,Одеська,Білгород-Дністровський,46.337597,29.986652,2026-07,drone,2,4
Південне,Харківська,Харківський,49.984881,36.0681717,2026-07,,0,2
Південне,Харківська,Харківський,49.984881,36.0681717,2026-07,drone,2,4
Решетилівка,Полтавська,Полтавський,49.5586111,34.0791667,2026-07,drone,0,1
Ржищів,Київська,Обухівський,49.96822,31.04118,2026-07,drone,1,3
Ромни,Сумська,Роменський,50.74207,33.4877,2026-07,drone,1,2
Савинці,Харківська,Ізюмський,49.39625,37.05036,2026-07,drone,0,1
Сарата,Одеська,Білгород-Дністровський,46.0220664,29.6648751,2026-07,drone,0,2
Сахни,Сумська,Конотопський,51.30048,33.429016,2026-07,drone,0,1
Семенівка,Чернігівська,Новгород-Сіверський,52.17853,32.57755,2026-07,drone,0,1
Сергіївка,Житомирська,Новоград-Волинський,50.872091,27.8047443,2026-07,drone,0,1
Сергіївка,Запорізька,Запорізький,47.951923,35.253956,2026-07,drone,0,1
Сергіївка,Одеська,Білгород-Дністровський,46.02756,30.37273,2026-07,drone,0,1
Синельникове,Дніпропетровська,Синельниківський,48.3269304,35.5246984,2026-07,drone,2,11
Синельникове,Дніпропетровська,Синельниківський,48.3269304,35.5246984,2026-07,guided_air,1,1
Слава,Чернігівська,Корюківський,51.8187527,31.9448953,2026-07,drone,5,9
Славутич,Київська,Вишгородський,51.5201397,30.7562301,2026-07,drone,0,1
Слобожанське,Харківська,Харківський,50.203121,36.422314,2026-07,drone,1,2
Сновськ,Чернігівська,Корюківський,51.8187527,31.9448953,2026-07,drone,3,6
Снігурівка,Миколаївська,Баштанський,47.070721,32.7924643,2026-07,drone,1,3
Соборне,Сумська,Охтирський,50.379852,34.584534,2026-07,drone,0,1
Соснова,Київська,Бориспільський,50.2026673,31.6137276,2026-07,drone,0,1
Соснівка,Полтавська,Миргородський,50.20203,34.0387209,2026-07,drone,0,1
Соснівка,Сумська,Роменський,50.809021,33.767509,2026-07,drone,1,1
Софіївка,Дніпропетровська,Криворізький,48.0482032,33.8668627,2026-07,drone,4,5
Старий Салтів,Харківська,Чугуївський,50.0760423,36.7936724,2026-07,drone,2,3
Старозаводське,Дніпропетровська,Нікопольський,47.546421,34.15443,2026-07,drone,1,1
Старонове,Сумська,Сумський,50.5814148,34.4761301,2026-07,drone,0,1
Старосілля,Одеська,Білгород-Дністровський,46.340572,29.566586,2026-07,drone,1,1
Степанівка,Сумська,Конотопський,51.1960431,33.8288042,2026-07,drone,0,3
Суми,Сумська,Сумський,50.9119775,34.8027723,2026-07,drone,6,76
Суми,Сумська,Сумський,50.9119775,34.8027723,2026-07,guided_air,0,1
Сумці,Харківська,Лозівський,49.394455,36.284039,2026-07,drone,0,2
Татарбунари,Одеська,Білгород-Дністровський,45.8398696,29.6166537,2026-07,drone,1,2
Теплодар,Одеська,Одеський,46.5050729,30.3272329,2026-07,,0,1
Терни,Сумська,Роменський,50.8358991,33.8782826,2026-07,drone,0,1
Тернівщина,Полтавська,Лубенський,50.0118206,33.0030821,2026-07,drone,0,2
Томаківка,Дніпропетровська,Дніпровський,48.18399,34.565262,2026-07,drone,0,1
Українка,Запорізька,Запорізький,47.905201,35.301819,2026-07,drone,0,1
Харкове,Запорізька,Пологівський,47.2557432,35.7021159,2026-07,drone,2,6
Харкове,Запорізька,Пологівський,47.2557432,35.7021159,2026-07,kab,0,1
Харків,Харківська,Харківський,49.9923181,36.2310146,2026-07,drone,13,86
Харківка,Сумська,Шосткинський,51.767231,34.06345,2026-07,drone,0,2
Харківці,Полтавська,Миргородський,50.3701299,33.9950534,2026-07,drone,0,1
Херсон,Херсонська,Херсонський,46.6412644,32.625794,2026-07,drone,1,5
Хмельове,Кіровоградська,Новоукраїнський,48.6014602,31.2957107,2026-07,drone,0,1
Холми,Чернігівська,Корюківський,51.872562,32.595619,2026-07,drone,0,2
Хорол,Сумська,Роменський,50.819687,34.022835,2026-07,drone,1,1
Черкас,Київська,Білоцерківський,49.694134,30.082663,2026-07,drone,0,1
Черкаси,Черкаська,Черкаський,49.4302723,32.0447228243568,2026-07,drone,3,3
Чернече,Одеська,Подільський,47.9363162,29.6225979,2026-07,drone,0,1
Чернече,Полтавська,Миргородський,50.40081,33.7537985,2026-07,drone,0,1
Чернігів,Чернігівська,Чернігівський,51.494099,31.294332,2026-07,drone,10,19
Чорногородка,Київська,Фастівський,50.266571,29.88693,2026-07,drone,1,2
Чорноморськ,Одеська,Одеський,46.3020943,30.653466,2026-07,,0,3
Чорноморськ,Одеська,Одеський,46.3020943,30.653466,2026-07,drone,10,18
Чорноморськ,Одеська,Одеський,46.3020943,30.653466,2026-07,guided_air,0,1
Чорноморське,Одеська,Одеський,46.5849122,30.9334115,2026-07,drone,3,6
Чорнухи,Полтавська,Лубенський,50.2733333,32.9383333,2026-07,drone,0,1
Чугуїв,Харківська,Чугуївський,49.8363648,36.6898157,2026-07,drone,1,2
Чутове,Полтавська,Полтавський,49.7216667,35.1694444,2026-07,drone,0,1
Шалигине,Сумська,Шосткинський,51.575661,34.099838,2026-07,drone,0,1
Шахтарське,Дніпропетровська,Синельниківський,48.4043673,35.275539,2026-07,drone,0,1
Шевченківське,Дніпропетровська,Криворізький,48.0477159,33.4276509,2026-07,drone,1,1
Шостаки,Полтавська,Полтавський,49.5897423,34.5507948,2026-07,drone,0,1
Шостка,Сумська,Шосткинський,51.8643223,33.4728213,2026-07,drone,1,4
Шпола,Черкаська,Звенигородський,49.0132605,31.393139,2026-07,drone,0,1
Яготин,Київська,Бориспільський,50.2758913,31.7634861,2026-07,drone,0,2
Ямпіль,Сумська,Шосткинський,51.9481126,33.778454,2026-07,drone,0,1
Іванків,Житомирська,Житомирський,50.3439043,28.6854007,2026-08,drone,0,1
Іванівка,Одеська,Березівський,46.9824413,30.4628447,2026-08,drone,2,3
Ізмаїл,Одеська,Ізмаїльський,45.3511307,28.8361514,2026-08,drone,4,15
Ізюм,Харківська,Ізюмський,49.1913721,37.2784125,2026-08,drone,0,3
Ірпінь,Київська,Бучанський,50.5206777,30.2448725,2026-08,drone,1,1
Ічня,Чернігівська,Прилуцький,50.8623444,32.3910144,2026-08,drone,3,4
Андрушівка,Житомирська,Бердичівський,50.0301392,29.0222111,2026-08,drone,1,1
Андріївка,Харківська,Богодухівський,50.2790531,35.9824347,2026-08,drone,1,1
Архангельське,Миколаївська,Баштанський,47.4937814,32.2971718,2026-08,drone,0,1
Архангельське,Херсонська,Бериславський,47.4933112,33.528245,2026-08,drone,2,2
Арциз,Одеська,Болградський,45.9962017,29.431517,2026-08,drone,1,3
Балабанка,Одеська,Білгород-Дністровський,45.9442525,29.9743896,2026-08,drone,1,3
Балабине,Запорізька,Запорізький,47.71671,35.20981,2026-08,drone,0,1
Балаклія,Харківська,Ізюмський,49.4521336,36.8397826,2026-08,drone,3,5
Барвінкове,Харківська,Ізюмський,48.9070045,37.0287573,2026-08,drone,2,2
Баришівка,Київська,Броварський,50.3645295,31.3256722,2026-08,drone,1,1
Батурин,Чернігівська,Ніжинський,51.3413087,32.8778317,2026-08,drone,0,1
Бахмач,Чернігівська,Ніжинський,51.1801374,32.8165107,2026-08,drone,3,3
Баштанка,Миколаївська,Баштанський,47.4033486,32.4388921,2026-08,,0,2
Баштанка,Миколаївська,Баштанський,47.4033486,32.4388921,2026-08,drone,2,5
Безлюдівка,Харківська,Харківський,49.87072,36.29848,2026-08,drone,0,1
Березанка,Миколаївська,Миколаївський,46.8544054,31.3874915,2026-08,drone,2,5
Березнегувате,Миколаївська,Баштанський,47.308722,32.8486739,2026-08,drone,3,4
Березівка,Одеська,Подільський,47.9363162,29.6225979,2026-08,drone,1,2
Березівка,Харківська,Харківський,49.9622881,36.1239316,2026-08,loitering,0,1
Близнюки,Харківська,Лозівський,48.85311,36.55186,2026-08,drone,0,2
Бобринець,Кіровоградська,Кропивницький,48.05729,32.15938,2026-08,,0,1
Богодарівка,Дніпропетровська,Синельниківський,47.9808528,36.2333808,2026-08,drone,1,1
Богодарівка,Миколаївська,Вознесенський,47.696378,31.8489152,2026-08,drone,1,1
Богодухів,Харківська,Богодухівський,50.1601711,35.5220539,2026-08,drone,4,5
Боголюбове,Сумська,Охтирський,50.48046,34.96467,2026-08,drone,0,1
Божедарівка,Дніпропетровська,Кам’янський,48.3601,34.11392,2026-08,drone,3,3
Болград,Одеська,Болградський,45.6779137,28.6132404,2026-08,drone,1,2
Борзна,Чернігівська,Ніжинський,51.2534475,32.4263156,2026-08,drone,1,1
Бориспіль,Київська,Бориспільський,50.3512101,30.95077,2026-08,drone,13,13
Борова,Київська,Фастівський,50.0799307,29.9162821,2026-08,drone,2,2
Боромля,Сумська,Охтирський,50.619511,34.967079,2026-08,drone,1,1
Боротьба,Чернігівська,Прилуцький,50.6323917,32.3798861,2026-08,drone,1,1
Борівське,Полтавська,Полтавський,49.898056,34.801388,2026-08,drone,1,1
Боярка,Київська,Фастівський,50.3356709,30.2847595,2026-08,drone,2,2
Бровари,Київська,Броварський,50.5111168,30.7900482,2026-08,drone,27,27
Бурилове,Миколаївська,Первомайський,47.9532217,30.3425878,2026-08,drone,0,2
Буринь,Сумська,Конотопський,51.1960431,33.8288042,2026-08,drone,2,8
Буча,Київська,Бучанський,50.5503127,30.2106925,2026-08,drone,2,2
Білгород-Дністровський,Одеська,Білгород-Дністровський,46.1909823,30.345784,2026-08,drone,3,11
Біле,Харківська,Куп’янський,49.6604248,37.6984775,2026-08,drone,3,3
Білики,Полтавська,Миргородський,49.9658333,33.6113889,2026-08,drone,1,1
Білики,Чернігівська,Чернігівський,50.9508278,30.8782419,2026-08,drone,1,1
Білозерське,Донецька,Покровський,48.53313,37.05791,2026-08,drone,0,1
Білопілля,Вінницька,Хмільницький,49.77356,28.72891,2026-08,drone,3,3
Білопілля,Сумська,Сумський,51.1460449,34.3121992,2026-08,drone,3,5
Біляївка,Одеська,Одеський,46.4826109,30.2014161,2026-08,drone,1,1
Валки,Харківська,Богодухівський,49.8305999,35.6088208,2026-08,drone,2,2
Варва,Чернігівська,Прилуцький,50.4982561,32.7228573,2026-08,drone,1,1
Васильків,Київська,Обухівський,50.17387,30.32158,2026-08,drone,7,7
Васильківка,Дніпропетровська,Синельниківський,48.21041,36.03035,2026-08,drone,2,3
Велика Багачка,Полтавська,Миргородський,49.7852778,33.7213889,2026-08,drone,1,1
Велика Виска,Кіровоградська,Новоукраїнський,48.566271,31.855744,2026-08,drone,1,1
Велика Димерка,Київська,Броварський,50.5913563,30.9016229,2026-08,drone,4,5
Веселинове,Миколаївська,Вознесенський,47.356307,31.2367979,2026-08,drone,1,1
Вилкове,Одеська,Ізмаїльський,45.40306,29.58309,2026-08,drone,6,10
Вишгород,Київська,Вишгородський,50.5824332,30.485121,2026-08,drone,7,7
Вишневе,Дніпропетровська,Криворізький,47.66556,33.1152,2026-08,drone,1,1
Вишневе,Київська,Бучанський,50.3917497,30.3678999,2026-08,drone,2,2
Вознесенськ,Миколаївська,Вознесенський,47.5679582,31.3338636,2026-08,drone,2,3
Вознесенське,Дніпропетровська,Синельниківський,48.2553506,36.7322839,2026-08,drone,1,1
Волиця,Волинська,Володимир-Волинський,50.6282366,24.4638426,2026-08,drone,1,1
Ворожба,Сумська,Сумський,51.1722411,34.2245008,2026-08,drone,1,1
Воскресенське,Миколаївська,Миколаївський,47.0171096,32.1465767,2026-08,drone,1,1
Вільногірськ,Дніпропетровська,Кам’янський,48.49365,34.02328,2026-08,drone,0,1
Вільшанка,Кіровоградська,Голованівський,48.235415,30.8745445,2026-08,drone,1,1
Вінниця,Вінницька,Вінницький,49.2320162,28.467975,2026-08,drone,4,4
Гадяч,Полтавська,Миргородський,50.3701299,33.9950534,2026-08,drone,1,2
Глеваха,Київська,Фастівський,50.259673,30.3059171,2026-08,drone,2,2
Глухів,Сумська,Шосткинський,51.67831,33.9093,2026-08,drone,0,5
Гончарівське,Чернігівська,Чернігівський,51.2990164,30.9276044,2026-08,drone,1,2
Городня,Чернігівська,Прилуцький,50.8623444,32.3910144,2026-08,drone,4,10
Горохівка,Миколаївська,Миколаївський,47.0171096,32.1465767,2026-08,drone,0,1
Гостомель,Київська,Бучанський,50.58826,30.25909,2026-08,drone,6,6
Гребінка,Полтавська,Лубенський,50.1206044,32.4289258,2026-08,drone,0,1
Гути,Харківська,Богодухівський,50.1601711,35.5220539,2026-08,drone,1,2
Дарницьке,Волинська,Володимир-Волинський,50.8622192,24.1505139,2026-08,drone,2,2
Демурине,Дніпропетровська,Синельниківський,48.2553506,36.7322839,2026-08,drone,0,1
Дергачі,Харківська,Харківський,50.107307,36.1205965,2026-08,drone,1,4
Десна,Чернігівська,Чернігівський,50.9247792,30.7729799,2026-08,drone,2,2
Диканька,Полтавська,Полтавський,49.8227778,34.5386111,2026-08,,0,1
Диканька,Полтавська,Полтавський,49.8227778,34.5386111,2026-08,drone,3,4
Димер,Київська,Вишгородський,50.7835487,30.3078042,2026-08,drone,0,1
Дніпро,Дніпропетровська,Дніпровський,48.4680221,35.0417711,2026-08,drone,10,28
Дніпровське,Миколаївська,Миколаївський,46.6529086,31.6211184,2026-08,drone,1,3
Дніпрорудне,Запорізька,Василівський,47.3899205,35.0028481,2026-08,drone,1,1
Долинська,Кіровоградська,Кропивницький,48.1164313,32.7638204,2026-08,drone,1,1
Доманівка,Миколаївська,Вознесенський,47.6322253,30.9892003,2026-08,drone,1,1
Дружелюбівка,Дніпропетровська,Дніпровський,48.067799,34.613155,2026-08,drone,0,1
Дубов'язівка,Сумська,Конотопський,51.132481,33.37846,2026-08,drone,0,1
Есмань,Сумська,Шосткинський,51.7311446,33.8753315,2026-08,drone,0,2
Житомир,Житомирська,Житомирський,50.2598298,28.6692345,2026-08,drone,1,1
Жмеринка,Вінницька,Жмеринський,49.0354593,28.1147317,2026-08,drone,1,1
Жовті Води,Дніпропетровська,Кам’янський,48.3465174,33.5027797,2026-08,,0,1
Заводське,Полтавська,Миргородський,50.4052959,33.3973661,2026-08,drone,1,2
Запоріжжя,Дніпропетровська,Криворізький,47.6846511,33.2645369,2026-08,drone,4,5
Запоріжжя,Донецька,Волноваський,47.97781,36.74678,2026-08,drone,1,2
Запоріжжя,Запорізька,Запорізький,47.8507859,35.1182867,2026-08,,0,1
Запоріжжя,Запорізька,Запорізький,47.8507859,35.1182867,2026-08,drone,11,56
Запоріжжя,Запорізька,Запорізький,47.8507859,35.1182867,2026-08,loitering,0,1
Запорізьке,Дніпропетровська,Синельниківський,48.2553506,36.7322839,2026-08,drone,0,1
Затока,Одеська,Білгород-Дністровський,46.1458339,30.5255473,2026-08,,0,4
Затока,Одеська,Білгород-Дністровський,46.1458339,30.5255473,2026-08,drone,9,18
Затоки,Вінницька,Жмеринський,49.077621,27.6813781,2026-08,drone,2,4
Златопіль,Запорізька,Василівський,47.3899205,35.0028481,2026-08,drone,2,2
Знам'янка,Кіровоградська,Кропивницький,48.7199609,32.6659476,2026-08,drone,0,1
Зіньків,Полтавська,Полтавський,50.21026,34.35768,2026-08,drone,4,5
Кагарлик,Київська,Обухівський,49.8650658,30.8226786,2026-08,drone,2,2
Казанка,Миколаївська,Баштанський,47.835215,32.8241797,2026-08,drone,1,1
Калинівка,Київська,Броварський,50.5637731,30.8228756,2026-08,drone,1,1
Кам'янське,Дніпропетровська,Нікопольський,47.62161,34.52453,2026-08,drone,2,3
Кам'янське,Одеська,Болградський,45.9962017,29.431517,2026-08,drone,0,1
Канів,Черкаська,Черкаський,49.7551031,31.4610802,2026-08,drone,1,1
Карлівка,Полтавська,Полтавський,49.4537175,35.1374845,2026-08,drone,1,1
Карнаухівка,Дніпропетровська,Кам’янський,48.5167748,34.6068797,2026-08,drone,0,1
Кириківка,Сумська,Охтирський,50.337784,35.143055,2026-08,drone,1,2
Київ,м. Київ,,50.4501,30.5234,2026-08,,0,3
Київ,м. Київ,,50.4501,30.5234,2026-08,ballistic,0,4
Київ,м. Київ,,50.4501,30.5234,2026-08,drone,110,119
Київ,м. Київ,,50.4501,30.5234,2026-08,loitering,0,1
Кобеляки,Полтавська,Полтавський,49.1433333,34.2002778,2026-08,drone,1,1
Коблеве,Миколаївська,Миколаївський,46.6612599,31.2085145,2026-08,drone,0,1
Козелець,Чернігівська,Чернігівський,50.9160647,31.1167509,2026-08,drone,0,2
Козин,Київська,Обухівський,50.228951,30.647875,2026-08,drone,1,2
Коломак,Харківська,Богодухівський,49.8436,35.31349,2026-08,drone,1,1
Коломийці,Сумська,Сумський,50.881664,34.71088,2026-08,drone,1,1
Колосникове,Донецька,Донецький,48.0448144,37.9635093,2026-08,drone,1,1
Комишуваха,Запорізька,Запорізький,47.7141975,35.5322725,2026-08,drone,0,1
Конотоп,Сумська,Конотопський,51.2397495,33.206675,2026-08,drone,3,11
Копайгород,Вінницька,Жмеринський,48.85654,27.7985,2026-08,drone,1,1
Коробчине,Дніпропетровська,Кам’янський,48.3747353,34.4569858,2026-08,drone,1,1
Короп,Чернігівська,Новгород-Сіверський,51.5671394,32.9520532,2026-08,drone,0,1
Коростень,Житомирська,Коростенський,51.0060511,28.5875505,2026-08,drone,2,3
Корюківка,Чернігівська,Корюківський,51.77444,32.2514,2026-08,drone,0,2
Котельва,Полтавська,Полтавський,50.0621097,34.7496951,2026-08,drone,1,1
Краматорськ,Донецька,Краматорський,48.7389415,37.5843812,2026-08,drone,0,1
Красне,Полтавська,Лубенський,50.2733333,32.9383333,2026-08,,0,1
Красногорівка,Донецька,Покровський,48.24612,37.60311,2026-08,drone,1,1
Красноград,Харківська,Красноградський,49.3741326,35.4494234,2026-08,drone,1,3
Краснокутськ,Харківська,Богодухівський,50.0625892,35.1647821,2026-08,drone,4,4
Краснопілля,Миколаївська,Миколаївський,46.8544054,31.3874915,2026-08,drone,0,1
Краснопілля,Сумська,Сумський,50.7712539,35.2563391,2026-08,drone,0,2
Кременчук,Полтавська,Кременчуцький,49.0629553,33.403516,2026-08,,0,2
Кременчук,Полтавська,Кременчуцький,49.0629553,33.403516,2026-08,drone,3,5
Кременівка,Дніпропетровська,Новомосковський,49.118382,34.773186,2026-08,,0,2
Кременівка,Дніпропетровська,Новомосковський,49.118382,34.773186,2026-08,drone,0,1
Кремидівка,Одеська,Одеський,46.8193867,30.943207,2026-08,drone,1,1
Крива Балка,Одеська,Білгород-Дністровський,46.18755,29.86153,2026-08,drone,0,1
Кривий,Закарпатська,Хустський,48.1764917,23.291166,2026-08,drone,1,4
Кривий Ріг,Дніпропетровська,Криворізький,47.9102734,33.3917703,2026-08,,0,2
Кривий Ріг,Дніпропетровська,Криворізький,47.9102734,33.3917703,2026-08,drone,11,20
Кривий Ріг,Херсонська,Генічеський,46.3558121,34.3363579,2026-08,drone,0,2
Крижопіль,Вінницька,Тульчинський,48.38568,28.86941,2026-08,drone,1,1
Кринички,Дніпропетровська,Дніпровський,48.067799,34.613155,2026-08,drone,1,2
Кролевець,Сумська,Конотопський,51.5548654,33.3875984,2026-08,drone,2,5
Кропивницький,Кіровоградська,Кропивницький,48.5105805,32.2656283,2026-08,,0,2
Кропивницький,Кіровоградська,Кропивницький,48.5105805,32.2656283,2026-08,drone,3,3
Кропивня,Вінницька,Жмеринський,48.7498267,28.08317,2026-08,drone,1,1
Куликівка,Чернігівська,Чернігівський,51.3735623,31.6455818,2026-08,drone,2,2
Курортне,Одеська,Білгород-Дністровський,46.02756,30.37273,2026-08,drone,0,2
Кілія,Одеська,Ізмаїльський,45.4409767,29.2652788,2026-08,drone,0,1
Ладижин,Вінницька,Гайсинський,48.6810505,29.2567642,2026-08,drone,1,1
Лебедин,Сумська,Сумський,50.5814148,34.4761301,2026-08,drone,2,5
Летичів,Хмельницька,Хмельницький,49.38286,27.62306,2026-08,drone,1,1
Липова Долина,Сумська,Роменський,50.5637857,33.7990004,2026-08,drone,1,1
Лозова,Харківська,Богодухівський,50.1601711,35.5220539,2026-08,drone,3,6
Лозове,Дніпропетровська,Синельниківський,48.45863,36.42483,2026-08,drone,1,2
Лозове,Донецька,Покровський,48.24612,37.60311,2026-08,drone,8,13
Лозове,Одеська,Роздільнянський,46.8546716,30.0711363,2026-08,drone,1,1
Лубни,Полтавська,Лубенський,50.0118206,33.0030821,2026-08,drone,1,2
Лугини,Житомирська,Коростенський,51.07853,28.3976,2026-08,drone,1,1
Луцьк,Волинська,Луцький,50.7450733,25.320078,2026-08,drone,2,2
Любеч,Чернігівська,Чернігівський,51.7004629,30.658659,2026-08,drone,0,2
Любов,Дніпропетровська,Дніпровський,48.20423,34.87713,2026-08,drone,1,1
Люботин,Харківська,Харківський,49.9435604,35.9185185,2026-08,drone,2,2
Магдалинівка,Дніпропетровська,Новомосковський,48.9145571,34.9291661,2026-08,drone,0,1
Макошине,Чернігівська,Корюківський,51.52279,32.21638,2026-08,drone,0,1
Мала Виска,Кіровоградська,Новоукраїнський,48.6404935,31.634205,2026-08,,0,1
Маневичі,Волинська,Камінь-Каширський,51.2908106,25.537878,2026-08,drone,1,1
Марганець,Дніпропетровська,Нікопольський,47.6490555,34.649194,2026-08,drone,2,2
Машівка,Полтавська,Полтавський,49.4441667,34.87,2026-08,,0,1
Маяки,Одеська,Одеський,46.413799,30.26836,2026-08,drone,4,7
Межова,Дніпропетровська,Синельниківський,48.2553506,36.7322839,2026-08,drone,1,1
Мена,Чернігівська,Корюківський,51.52279,32.21638,2026-08,drone,1,2
Мерефа,Харківська,Харківський,49.8183386,36.0628675,2026-08,,0,1
Мерефа,Харківська,Харківський,49.8183386,36.0628675,2026-08,drone,1,1
Миколаїв,Миколаївська,Миколаївський,46.9758615,31.9939666,2026-08,drone,3,10
Миколаїв,Чернігівська,Ніжинський,50.7415033,31.3860852,2026-08,,0,1
Миколаїв,Чернігівська,Ніжинський,50.7415033,31.3860852,2026-08,drone,5,6
Миколаївка,Дніпропетровська,Синельниківський,48.13591,36.79047,2026-08,drone,0,1
Миколаївка,Запорізька,Бердянський,47.1404461,36.8029994,2026-08,drone,1,2
Миколаївка,Миколаївська,Баштанський,47.835215,32.8241797,2026-08,drone,0,1
Миколаївка,Полтавська,Полтавський,50.21026,34.35768,2026-08,drone,1,1
Миколаївка,Сумська,Охтирський,50.303745,34.472309,2026-08,drone,1,2
Миргород,Полтавська,Миргородський,49.9658333,33.6113889,2026-08,drone,6,7
Мокіївка,Полтавська,Лубенський,50.2733333,32.9383333,2026-08,drone,1,1
Недригайлів,Сумська,Роменський,50.8358991,33.8782826,2026-08,drone,1,1
Низи,Сумська,Сумський,50.881664,34.71088,2026-08,drone,0,1
Нова Борова,Житомирська,Житомирський,50.6933301,28.6396035,2026-08,drone,1,1
Нова Водолага,Харківська,Харківський,49.7181212,35.8601594,2026-08,drone,1,1
Новгород-Сіверський,Чернігівська,Новгород-Сіверський,52.004259,33.2779899,2026-08,drone,0,4
Новгородське,Сумська,Охтирський,50.619511,34.967079,2026-08,drone,0,2
Нове,Київська,Фастівський,50.3356709,30.2847595,2026-08,drone,1,1
Нове,Миколаївська,Вознесенський,47.529674,31.3240378,2026-08,drone,2,2
Нове,Одеська,Білгород-Дністровський,46.228905,30.21216,2026-08,drone,1,1
Нове,Полтавська,Миргородський,50.3595181,33.2741725,2026-08,drone,1,1
Нове,Харківська,Харківський,50.107307,36.1205965,2026-08,drone,1,1
Новий Буг,Миколаївська,Баштанський,47.6933814,32.5106596,2026-08,,0,1
Новомосковськ,Дніпропетровська,Новомосковський,48.6358512,35.2595541,2026-08,drone,0,1
Новоселиця,Сумська,Сумський,50.831184,34.94207,2026-08,drone,1,1
Новотроїцьке,Херсонська,Генічеський,46.3558121,34.3363579,2026-08,drone,1,1
Нові Санжари,Полтавська,Полтавський,49.3338321,34.3148631,2026-08,drone,1,1
Ніжин,Чернігівська,Ніжинський,51.0464747,31.8806289,2026-08,drone,2,3
Нікополь,Дніпропетровська,Нікопольський,47.5692061,34.3917272,2026-08,drone,1,2
Обухів,Київська,Обухівський,50.1101633,30.6269696,2026-08,drone,5,5
Овруч,Житомирська,Коростенський,51.3259771,28.8026718,2026-08,drone,1,1
Овідіополь,Одеська,Одеський,46.2473734,30.4448614,2026-08,drone,3,4
Одеса,Одеська,Одеський,46.4843023,30.7322878,2026-08,,0,6
Одеса,Одеська,Одеський,46.4843023,30.7322878,2026-08,drone,21,31
Одеса,Одеська,Одеський,46.4843023,30.7322878,2026-08,loitering,1,1
Олександрійське,Кіровоградська,Олександрійський,48.670609,33.1169742,2026-08,drone,0,1
Олександрія,Кіровоградська,Олександрійський,48.670609,33.1169742,2026-08,drone,0,1
Ольшанське,Миколаївська,Миколаївський,47.18486,31.793865,2026-08,drone,2,3
Опішня,Полтавська,Полтавський,49.9570991,34.6100455,2026-08,drone,2,2
Оратів,Вінницька,Вінницький,49.19472,29.53056,2026-08,drone,1,1
Оржиця,Полтавська,Лубенський,50.1206044,32.4289258,2026-08,drone,1,1
Орілька,Харківська,Лозівський,48.8842428,36.3160254,2026-08,drone,2,2
Охтирка,Сумська,Охтирський,50.3115386,34.8868923,2026-08,drone,5,12
Очаків,Миколаївська,Миколаївський,46.6145957,31.5452994,2026-08,drone,8,18
Павлоград,Дніпропетровська,Павлоградський,48.5316759,35.8703695,2026-08,,0,2
Павлоград,Дніпропетровська,Павлоградський,48.5316759,35.8703695,2026-08,drone,26,44
Парафіївка,Чернігівська,Прилуцький,50.8840075,32.6447189,2026-08,loitering,0,1
Перещепине,Дніпропетровська,Новомосковський,49.01825,35.35915,2026-08,drone,3,3
Переяслав,Київська,Бориспільський,50.0643984,31.4447327,2026-08,drone,3,3
Петрове,Кіровоградська,Олександрійський,48.33607,33.26626,2026-08,drone,0,1
Петропавлівка,Дніпропетровська,Синельниківський,48.45863,36.42483,2026-08,drone,0,6
Печеніги,Харківська,Чугуївський,49.865444,36.9391629,2026-08,drone,1,4
Пирятин,Полтавська,Лубенський,50.2361111,32.5011111,2026-08,drone,1,1
Покров,Дніпропетровська,Нікопольський,47.6546589,34.1149341,2026-08,drone,1,1
Полтава,Полтавська,Полтавський,49.5897423,34.5507948,2026-08,,0,1
Полтава,Полтавська,Полтавський,49.5897423,34.5507948,2026-08,drone,5,7
Полтава,Харківська,Куп’янський,49.6949729,37.1753112,2026-08,drone,4,5
Помічна,Кіровоградська,Новоукраїнський,48.243309,31.4037217,2026-08,drone,0,1
Понорниця,Чернігівська,Новгород-Сіверський,51.720539,32.843971,2026-08,drone,1,1
Приколотне,Харківська,Куп’янський,50.185158,37.5181193,2026-08,drone,0,1
Прилужжя,Сумська,Конотопський,51.30048,33.429016,2026-08,drone,1,1
Прилуки,Запорізька,Пологівський,47.747269,36.079788,2026-08,drone,1,1
Прип'ять,Волинська,Ковельський,51.4909494,23.9219323,2026-08,drone,0,1
Путивль,Сумська,Конотопський,51.3359821,33.8715451,2026-08,drone,3,7
Південне,Дніпропетровська,Нікопольський,47.748482,34.380531,2026-08,drone,1,1
Південне,Одеська,Білгород-Дністровський,46.337597,29.986652,2026-08,drone,7,10
Південне,Харківська,Харківський,49.984881,36.0681717,2026-08,drone,1,2
Радомишль,Житомирська,Житомирський,50.4961812,29.2289588,2026-08,drone,1,1
Радіонівка,Дніпропетровська,Криворізький,48.061314,33.2810237,2026-08,drone,1,1
Рені,Одеська,Ізмаїльський,45.455413,28.2790948,2026-08,drone,0,4
Ржищів,Київська,Обухівський,49.96822,31.04118,2026-08,drone,2,2
Рибацьке,Донецька,Маріупольський,47.0957648,37.5499621,2026-08,drone,0,1
Рогань,Харківська,Харківський,49.9035,36.479103,2026-08,drone,0,1
Роздолля,Запорізька,Запорізький,47.946049,35.463181,2026-08,drone,0,1
Роздільна,Одеська,Роздільнянський,46.8546716,30.0711363,2026-08,drone,2,3
Рокитне,Рівненська,Рівненський,50.8792198,26.4533981,2026-08,drone,1,1
Ромни,Сумська,Роменський,50.74207,33.4877,2026-08,drone,3,4
Ромодан,Полтавська,Миргородський,49.9923481,33.3207607,2026-08,drone,1,1
Рівнинне,Вінницька,Хмільницький,49.4583688,28.5262638,2026-08,drone,1,1
Ріпки,Чернігівська,Чернігівський,51.8036433,31.0931453,2026-08,drone,2,2
Савинці,Харківська,Ізюмський,49.39625,37.05036,2026-08,drone,0,1
Сарата,Одеська,Білгород-Дністровський,46.0220664,29.6648751,2026-08,drone,0,2
Сарни,Рівненська,Сарненський,51.3350028,26.6171275,2026-08,drone,1,1
Світлогірське,Одеська,Одеський,46.577221,30.54817,2026-08,drone,1,1
Седнів,Чернігівська,Чернігівський,51.64209,31.562403,2026-08,drone,0,1
Семенівка,Полтавська,Миргородський,49.7852778,33.7213889,2026-08,drone,3,3
Сергіївка,Запорізька,Запорізький,47.951923,35.253956,2026-08,drone,0,1
Сергіївка,Одеська,Білгород-Дністровський,46.02756,30.37273,2026-08,drone,2,5
Синельникове,Дніпропетровська,Синельниківський,48.3269304,35.5246984,2026-08,drone,0,4
Скороходове,Полтавська,Полтавський,49.7726802,35.0715767,2026-08,drone,1,1
Слава,Чернігівська,Корюківський,51.8187527,31.9448953,2026-08,drone,4,6
Славгород,Дніпропетровська,Синельниківський,48.1009562,35.5171714,2026-08,drone,0,1
Славне,Запорізька,Запорізький,47.7141975,35.5322725,2026-08,drone,0,1
Слобожанське,Харківська,Красноградський,49.55555,35.748138,2026-08,drone,2,2
Слобідка,Одеська,Роздільнянський,46.8546716,30.0711363,2026-08,drone,0,1
Слов'янськ,Донецька,Краматорський,48.8522691,37.6058241,2026-08,drone,0,1
Сновськ,Чернігівська,Корюківський,51.8187527,31.9448953,2026-08,drone,4,7
Снігурівка,Миколаївська,Баштанський,47.070721,32.7924643,2026-08,drone,2,17
Соболівка,Одеська,Подільський,47.728851,29.562288,2026-08,drone,1,1
Солоне,Дніпропетровська,Синельниківський,48.13591,36.79047,2026-08,drone,1,2
Сосниця,Чернігівська,Корюківський,51.5244906,32.5028975,2026-08,drone,0,1
Соснівка,Сумська,Конотопський,51.252941,33.124119,2026-08,drone,0,2
Софіївка,Дніпропетровська,Криворізький,48.0482032,33.8668627,2026-08,drone,1,1
Срібровщина,Сумська,Конотопський,51.5548654,33.3875984,2026-08,drone,1,1
Старий Салтів,Харківська,Чугуївський,50.0760423,36.7936724,2026-08,drone,2,4
Старокозаче,Одеська,Білгород-Дністровський,46.337597,29.986652,2026-08,drone,1,1
Степанівка,Сумська,Сумський,50.9417042,34.6422099,2026-08,drone,0,2
Суми,Сумська,Сумський,50.9119775,34.8027723,2026-08,ballistic,0,1
Суми,Сумська,Сумський,50.9119775,34.8027723,2026-08,drone,9,64
Сумці,Харківська,Лозівський,49.394455,36.284039,2026-08,drone,0,1
Талалаївка,Чернігівська,Ніжинський,50.955681,31.917252,2026-08,drone,0,1
Татарбунари,Одеська,Білгород-Дністровський,45.8398696,29.6166537,2026-08,drone,5,13
Теплодар,Одеська,Одеський,46.5050729,30.3272329,2026-08,drone,1,1
Терни,Сумська,Роменський,50.8358991,33.8782826,2026-08,drone,4,4
Тернівка,Дніпропетровська,Павлоградський,48.5222847,36.0713939,2026-08,drone,2,2
Тетерівка,Житомирська,Житомирський,50.237041,28.574751,2026-08,drone,1,1
Токарівка,Миколаївська,Вознесенський,47.356307,31.2367979,2026-08,drone,0,1
Томаківка,Дніпропетровська,Нікопольський,47.8128265,34.7523182,2026-08,,0,1
Томашпіль,Вінницька,Тульчинський,48.5453497,28.5114332,2026-08,drone,1,1
Тростянець,Вінницька,Гайсинський,48.51227,29.2226589,2026-08,drone,2,2
Тростянець,Сумська,Охтирський,50.48046,34.96467,2026-08,drone,1,5
Тузли,Миколаївська,Миколаївський,46.6612599,31.2085145,2026-08,drone,1,1
Тузли,Одеська,Білгород-Дністровський,45.871349,30.08778,2026-08,drone,1,2
Удобне,Одеська,Одеський,46.413799,30.26836,2026-08,drone,1,1
Українка,Київська,Обухівський,50.1537167,30.7420742,2026-08,drone,1,1
Утківка,Харківська,Харківський,49.8183386,36.0628675,2026-08,drone,1,1
Фастів,Київська,Фастівський,50.0799307,29.9162821,2026-08,drone,2,2
Харкове,Запорізька,Пологівський,47.2557432,35.7021159,2026-08,drone,1,4
Харкове,Чернігівська,Прилуцький,50.83168,33.13442,2026-08,drone,1,1
Харків,Харківська,Харківський,49.9923181,36.2310146,2026-08,drone,13,89
Харків,Харківська,Харківський,49.9923181,36.2310146,2026-08,kab,0,1
Харківка,Сумська,Шосткинський,51.767231,34.06345,2026-08,drone,1,2
Харківці,Київська,Бориспільський,50.0643984,31.4447327,2026-08,drone,1,1
Харківці,Полтавська,Миргородський,50.3595181,33.2741725,2026-08,drone,2,2
Херсон,Херсонська,Херсонський,46.6412644,32.625794,2026-08,drone,4,4
Хмельницький,Хмельницька,Хмельницький,49.4196404,26.9793793,2026-08,drone,1,1
Холми,Чернігівська,Корюківський,51.872562,32.595619,2026-08,drone,0,2
Хорол,Полтавська,Лубенський,49.7822104,33.2740646,2026-08,drone,2,2
Хотінь,Сумська,Сумський,51.0786763,34.78001,2026-08,drone,0,1
Цебрикове,Одеська,Роздільнянський,47.1470432,30.1054572,2026-08,drone,1,1
Чабани,Київська,Фастівський,50.341434,30.427101,2026-08,drone,1,1
Чаплине,Дніпропетровська,Синельниківський,48.238911,36.217121,2026-08,drone,1,1
Черкас,Київська,Білоцерківський,49.694134,30.082663,2026-08,drone,3,3
Черкаси,Черкаська,Черкаський,49.4302723,32.0447228243568,2026-08,drone,2,2
Черкаське,Дніпропетровська,Кам’янський,48.207699,34.24868,2026-08,drone,1,1
Черкеси,Одеська,Білгород-Дністровський,46.128258,30.386766,2026-08,drone,1,1
Черняхівка,Кіровоградська,Кропивницький,48.473549,32.192291,2026-08,drone,0,1
Чернігів,Чернігівська,Чернігівський,51.494099,31.294332,2026-08,drone,17,26
Чернігівка,Дніпропетровська,Дніпровський,48.18399,34.565262,2026-08,drone,0,1
Чорногородка,Київська,Фастівський,50.266571,29.88693,2026-08,drone,1,1
Чорноземне,Запорізька,Василівський,47.2817378,35.3955872,2026-08,drone,1,1
Чорномин,Вінницька,Тульчинський,48.2077558,28.8864581,2026-08,drone,1,1
Чорноморськ,Одеська,Одеський,46.3020943,30.653466,2026-08,,0,5
Чорноморськ,Одеська,Одеський,46.3020943,30.653466,2026-08,drone,10,16
Чорноморськ,Одеська,Одеський,46.3020943,30.653466,2026-08,loitering,1,1
Чорноморськ,Одеська,Одеський,46.3020943,30.653466,2026-08,missile_alert,1,1
Чорноморське,Одеська,Одеський,46.5849122,30.9334115,2026-08,drone,9,10
Чорноморське,Херсонська,Скадовський,46.2458348,32.2929002,2026-08,,0,1
Чугуно-Крепинка,Донецька,Горлівський,48.0220754,38.7634612,2026-08,drone,0,1
Чугуїв,Харківська,Чугуївський,49.8363648,36.6898157,2026-08,drone,0,4
Чутове,Полтавська,Полтавський,49.7216667,35.1694444,2026-08,drone,1,1
Шахтарське,Дніпропетровська,Синельниківський,48.4043673,35.275539,2026-08,drone,1,4
Шевченкове,Харківська,Богодухівський,50.0625892,35.1647821,2026-08,drone,0,2
Шишаки,Полтавська,Лубенський,49.7822104,33.2740646,2026-08,drone,1,1
Шостка,Сумська,Шосткинський,51.8643223,33.4728213,2026-08,drone,2,13
Шпола,Черкаська,Звенигородський,49.0132605,31.393139,2026-08,,0,1
Яготин,Київська,Бориспільський,50.2758913,31.7634861,2026-08,drone,1,1
Яготин,Київська,Бориспільський,50.2758913,31.7634861,2026-08,guided_air,1,1
Ямпіль,Сумська,Шосткинський,51.9481126,33.778454,2026-08,drone,0,2
Іллінці,Вінницька,Вінницький,49.1136358,29.2024356,2026-09,drone,1,1
Бердичів,Житомирська,Бердичівський,49.8940442,28.5814912,2026-09,drone,1,1
Бершадь,Вінницька,Гайсинський,48.36594,29.51889,2026-09,drone,1,1
Бориспіль,Київська,Бориспільський,50.3512101,30.95077,2026-09,drone,2,2
Брацлав,Вінницька,Тульчинський,48.8268749,28.9379724,2026-09,drone,1,1
Бровари,Київська,Броварський,50.5111168,30.7900482,2026-09,drone,5,5
Біле,Одеська,Ізмаїльський,45.40306,29.58309,2026-09,drone,1,1
Вишневе,Київська,Бучанський,50.3917497,30.3678999,2026-09,drone,1,1
Ворзель,Київська,Бучанський,50.5503127,30.2106925,2026-09,drone,1,1
Вороновиця,Вінницька,Вінницький,49.1117881,28.6889425,2026-09,drone,1,1
Вінниця,Вінницька,Вінницький,49.2320162,28.467975,2026-09,drone,2,2
Гайсин,Вінницька,Гайсинський,48.8120874,29.3893874,2026-09,drone,1,1
Гостомель,Київська,Бучанський,50.58826,30.25909,2026-09,drone,6,6
Дніпро,Дніпропетровська,Дніпровський,48.4680221,35.0417711,2026-09,drone,2,2
Жмеринка,Вінницька,Жмеринський,49.0354593,28.1147317,2026-09,drone,1,1
Київ,м. Київ,,50.4501,30.5234,2026-09,drone,11,11
Козятин,Вінницька,Хмільницький,49.7195867,28.8354279,2026-09,drone,1,1
Лисянка,Вінницька,Вінницький,49.259651,28.36672,2026-09,drone,1,1
Лубни,Полтавська,Лубенський,50.0118206,33.0030821,2026-09,drone,2,3
Лісове,Київська,Вишгородський,51.0782874,29.6377868,2026-09,drone,1,1
Марганець,Дніпропетровська,Нікопольський,47.6490555,34.649194,2026-09,drone,1,1
Немирів,Вінницька,Вінницький,48.9654035,28.8430131,2026-09,drone,1,1
Новий Байрак,Полтавська,Лубенський,49.7822104,33.2740646,2026-09,drone,1,1
Обухів,Київська,Обухівський,50.1101633,30.6269696,2026-09,drone,1,1
Одеса,Одеська,Одеський,46.4843023,30.7322878,2026-09,drone,4,4
Павлоград,Дніпропетровська,Павлоградський,48.5316759,35.8703695,2026-09,drone,1,1
Перещепине,Дніпропетровська,Новомосковський,49.01825,35.35915,2026-09,drone,1,1
Переяслав,Київська,Бориспільський,50.0643984,31.4447327,2026-09,drone,1,1
Тростянець,Чернігівська,Прилуцький,50.661573,32.9174152,2026-09,drone,1,1
Тульчин,Вінницька,Тульчинський,48.6730485,28.8569476,2026-09,drone,1,1
Устимівка,Київська,Білоцерківський,49.98402,30.007441,2026-09,drone,0,1
Цвіткове,Черкаська,Черкаський,49.2686,31.4331682,2026-09,drone,1,1
Чорноморськ,Одеська,Одеський,46.3020943,30.653466,2026-09,drone,2,2
Шахтарське,Дніпропетровська,Синельниківський,48.4043673,35.275539,2026-09,drone,1,1
